Row_number	Gene_Name	File_Location
1	group_16529	/Users/sanchezh/Desktop/tombombadil/TOMBOMBADIL1
2	group_16524	/Users/sanchezh/Desktop/tombombadil/TOMBOMBADIL2
3	group_16522	/Users/sanchezh/Desktop/tombombadil/TOMBOMBADIL3
4	group_16516	/Users/sanchezh/Desktop/tombombadil/TOMBOMBADIL4
5	group_16483	/Users/sanchezh/Desktop/tombombadil/TOMBOMBADIL5
6	group_16481	/Users/sanchezh/Desktop/tombombadil/TOMBOMBADIL6
7	group_16466	/Users/sanchezh/Desktop/tombombadil/TOMBOMBADIL7
8	group_16460	/Users/sanchezh/Desktop/tombombadil/TOMBOMBADIL8
9	group_16459	/Users/sanchezh/Desktop/tombombadil/TOMBOMBADIL9
10	group_16457	/Users/sanchezh/Desktop/tombombadil/TOMBOMBADIL10
11	group_16456	/Users/sanchezh/Desktop/tombombadil/TOMBOMBADIL11
12	group_16400	/Users/sanchezh/Desktop/tombombadil/TOMBOMBADIL12
13	group_16382	/Users/sanchezh/Desktop/tombombadil/TOMBOMBADIL13
14	group_16374	/Users/sanchezh/Desktop/tombombadil/TOMBOMBADIL14
15	group_16372	/Users/sanchezh/Desktop/tombombadil/TOMBOMBADIL15
16	group_16363	/Users/sanchezh/Desktop/tombombadil/TOMBOMBADIL16
17	group_16360	/Users/sanchezh/Desktop/tombombadil/TOMBOMBADIL17
18	group_16349	/Users/sanchezh/Desktop/tombombadil/TOMBOMBADIL18
19	group_16325	/Users/sanchezh/Desktop/tombombadil/TOMBOMBADIL19
20	group_16323	/Users/sanchezh/Desktop/tombombadil/TOMBOMBADIL20
21	group_16260	/Users/sanchezh/Desktop/tombombadil/TOMBOMBADIL21
22	group_16227	/Users/sanchezh/Desktop/tombombadil/TOMBOMBADIL22
23	group_16176	/Users/sanchezh/Desktop/tombombadil/TOMBOMBADIL23
24	group_16174	/Users/sanchezh/Desktop/tombombadil/TOMBOMBADIL24
25	recO	/Users/sanchezh/Desktop/tombombadil/TOMBOMBADIL25
26	group_16157	/Users/sanchezh/Desktop/tombombadil/TOMBOMBADIL26
27	group_16150	/Users/sanchezh/Desktop/tombombadil/TOMBOMBADIL27
28	group_16112	/Users/sanchezh/Desktop/tombombadil/TOMBOMBADIL28
29	group_16110	/Users/sanchezh/Desktop/tombombadil/TOMBOMBADIL29
30	group_16096	/Users/sanchezh/Desktop/tombombadil/TOMBOMBADIL30
31	group_16077	/Users/sanchezh/Desktop/tombombadil/TOMBOMBADIL31
32	group_16051	/Users/sanchezh/Desktop/tombombadil/TOMBOMBADIL32
33	ydcP	/Users/sanchezh/Desktop/tombombadil/TOMBOMBADIL33
34	group_16046	/Users/sanchezh/Desktop/tombombadil/TOMBOMBADIL34
35	group_16044	/Users/sanchezh/Desktop/tombombadil/TOMBOMBADIL35
36	ftsZ	/Users/sanchezh/Desktop/tombombadil/TOMBOMBADIL36
37	group_15942	/Users/sanchezh/Desktop/tombombadil/TOMBOMBADIL37
38	group_15885	/Users/sanchezh/Desktop/tombombadil/TOMBOMBADIL38
39	group_15855	/Users/sanchezh/Desktop/tombombadil/TOMBOMBADIL39
40	group_15745	/Users/sanchezh/Desktop/tombombadil/TOMBOMBADIL40
41	group_15569	/Users/sanchezh/Desktop/tombombadil/TOMBOMBADIL41
42	group_15418	/Users/sanchezh/Desktop/tombombadil/TOMBOMBADIL42
43	group_15392	/Users/sanchezh/Desktop/tombombadil/TOMBOMBADIL43
44	group_15279	/Users/sanchezh/Desktop/tombombadil/TOMBOMBADIL44
45	group_15258	/Users/sanchezh/Desktop/tombombadil/TOMBOMBADIL45
46	group_15240	/Users/sanchezh/Desktop/tombombadil/TOMBOMBADIL46
47	group_15207	/Users/sanchezh/Desktop/tombombadil/TOMBOMBADIL47
48	group_15206	/Users/sanchezh/Desktop/tombombadil/TOMBOMBADIL48
49	group_15205	/Users/sanchezh/Desktop/tombombadil/TOMBOMBADIL49
50	group_15178	/Users/sanchezh/Desktop/tombombadil/TOMBOMBADIL50
51	group_15135	/Users/sanchezh/Desktop/tombombadil/TOMBOMBADIL51
52	group_15133	/Users/sanchezh/Desktop/tombombadil/TOMBOMBADIL52
53	group_15077	/Users/sanchezh/Desktop/tombombadil/TOMBOMBADIL53
54	group_15043	/Users/sanchezh/Desktop/tombombadil/TOMBOMBADIL54
55	surA	/Users/sanchezh/Desktop/tombombadil/TOMBOMBADIL55
56	group_14981	/Users/sanchezh/Desktop/tombombadil/TOMBOMBADIL56
57	radA	/Users/sanchezh/Desktop/tombombadil/TOMBOMBADIL57
58	group_14924	/Users/sanchezh/Desktop/tombombadil/TOMBOMBADIL58
59	group_14855	/Users/sanchezh/Desktop/tombombadil/TOMBOMBADIL59
60	group_14823	/Users/sanchezh/Desktop/tombombadil/TOMBOMBADIL60
61	group_14816	/Users/sanchezh/Desktop/tombombadil/TOMBOMBADIL61
62	group_14812	/Users/sanchezh/Desktop/tombombadil/TOMBOMBADIL62
63	group_14756	/Users/sanchezh/Desktop/tombombadil/TOMBOMBADIL63
64	group_14724	/Users/sanchezh/Desktop/tombombadil/TOMBOMBADIL64
65	group_14690	/Users/sanchezh/Desktop/tombombadil/TOMBOMBADIL65
66	group_14643	/Users/sanchezh/Desktop/tombombadil/TOMBOMBADIL66
67	group_14642	/Users/sanchezh/Desktop/tombombadil/TOMBOMBADIL67
68	group_14639	/Users/sanchezh/Desktop/tombombadil/TOMBOMBADIL68
69	group_14638	/Users/sanchezh/Desktop/tombombadil/TOMBOMBADIL69
70	group_14567	/Users/sanchezh/Desktop/tombombadil/TOMBOMBADIL70
71	group_14566	/Users/sanchezh/Desktop/tombombadil/TOMBOMBADIL71
72	group_14504	/Users/sanchezh/Desktop/tombombadil/TOMBOMBADIL72
73	group_14479	/Users/sanchezh/Desktop/tombombadil/TOMBOMBADIL73
74	group_14477	/Users/sanchezh/Desktop/tombombadil/TOMBOMBADIL74
75	group_14432	/Users/sanchezh/Desktop/tombombadil/TOMBOMBADIL75
76	group_14427	/Users/sanchezh/Desktop/tombombadil/TOMBOMBADIL76
77	group_14397	/Users/sanchezh/Desktop/tombombadil/TOMBOMBADIL77
78	group_14391	/Users/sanchezh/Desktop/tombombadil/TOMBOMBADIL78
79	group_14355	/Users/sanchezh/Desktop/tombombadil/TOMBOMBADIL79
80	group_14325	/Users/sanchezh/Desktop/tombombadil/TOMBOMBADIL80
81	group_14324	/Users/sanchezh/Desktop/tombombadil/TOMBOMBADIL81
82	group_14303	/Users/sanchezh/Desktop/tombombadil/TOMBOMBADIL82
83	group_14274	/Users/sanchezh/Desktop/tombombadil/TOMBOMBADIL83
84	group_14237	/Users/sanchezh/Desktop/tombombadil/TOMBOMBADIL84
85	group_14182	/Users/sanchezh/Desktop/tombombadil/TOMBOMBADIL85
86	group_14181	/Users/sanchezh/Desktop/tombombadil/TOMBOMBADIL86
87	group_14180	/Users/sanchezh/Desktop/tombombadil/TOMBOMBADIL87
88	group_14155	/Users/sanchezh/Desktop/tombombadil/TOMBOMBADIL88
89	group_14151	/Users/sanchezh/Desktop/tombombadil/TOMBOMBADIL89
90	group_14137	/Users/sanchezh/Desktop/tombombadil/TOMBOMBADIL90
91	group_14115	/Users/sanchezh/Desktop/tombombadil/TOMBOMBADIL91
92	group_14108	/Users/sanchezh/Desktop/tombombadil/TOMBOMBADIL92
93	group_14104	/Users/sanchezh/Desktop/tombombadil/TOMBOMBADIL93
94	group_14102	/Users/sanchezh/Desktop/tombombadil/TOMBOMBADIL94
95	group_14077	/Users/sanchezh/Desktop/tombombadil/TOMBOMBADIL95
96	group_14075	/Users/sanchezh/Desktop/tombombadil/TOMBOMBADIL96
97	group_14048	/Users/sanchezh/Desktop/tombombadil/TOMBOMBADIL97
98	group_14047	/Users/sanchezh/Desktop/tombombadil/TOMBOMBADIL98
99	group_14046	/Users/sanchezh/Desktop/tombombadil/TOMBOMBADIL99
100	group_13890	/Users/sanchezh/Desktop/tombombadil/TOMBOMBADIL100
101	group_13889	/Users/sanchezh/Desktop/tombombadil/TOMBOMBADIL101
102	group_13855	/Users/sanchezh/Desktop/tombombadil/TOMBOMBADIL102
103	group_13780	/Users/sanchezh/Desktop/tombombadil/TOMBOMBADIL103
104	group_13762	/Users/sanchezh/Desktop/tombombadil/TOMBOMBADIL104
105	group_13748	/Users/sanchezh/Desktop/tombombadil/TOMBOMBADIL105
106	group_13708	/Users/sanchezh/Desktop/tombombadil/TOMBOMBADIL106
107	group_13707	/Users/sanchezh/Desktop/tombombadil/TOMBOMBADIL107
108	group_13706	/Users/sanchezh/Desktop/tombombadil/TOMBOMBADIL108
109	group_13688	/Users/sanchezh/Desktop/tombombadil/TOMBOMBADIL109
110	group_13687	/Users/sanchezh/Desktop/tombombadil/TOMBOMBADIL110
111	group_13669	/Users/sanchezh/Desktop/tombombadil/TOMBOMBADIL111
112	group_13663	/Users/sanchezh/Desktop/tombombadil/TOMBOMBADIL112
113	clpS	/Users/sanchezh/Desktop/tombombadil/TOMBOMBADIL113
114	group_13651	/Users/sanchezh/Desktop/tombombadil/TOMBOMBADIL114
115	group_13650	/Users/sanchezh/Desktop/tombombadil/TOMBOMBADIL115
116	group_13620	/Users/sanchezh/Desktop/tombombadil/TOMBOMBADIL116
117	group_13599	/Users/sanchezh/Desktop/tombombadil/TOMBOMBADIL117
118	group_13598	/Users/sanchezh/Desktop/tombombadil/TOMBOMBADIL118
119	group_13574	/Users/sanchezh/Desktop/tombombadil/TOMBOMBADIL119
120	padR	/Users/sanchezh/Desktop/tombombadil/TOMBOMBADIL120
121	group_13481	/Users/sanchezh/Desktop/tombombadil/TOMBOMBADIL121
122	group_13480	/Users/sanchezh/Desktop/tombombadil/TOMBOMBADIL122
123	group_13477	/Users/sanchezh/Desktop/tombombadil/TOMBOMBADIL123
124	group_13451	/Users/sanchezh/Desktop/tombombadil/TOMBOMBADIL124
125	group_13450	/Users/sanchezh/Desktop/tombombadil/TOMBOMBADIL125
126	yajC	/Users/sanchezh/Desktop/tombombadil/TOMBOMBADIL126
127	group_13432	/Users/sanchezh/Desktop/tombombadil/TOMBOMBADIL127
128	group_13379	/Users/sanchezh/Desktop/tombombadil/TOMBOMBADIL128
129	group_13378	/Users/sanchezh/Desktop/tombombadil/TOMBOMBADIL129
130	group_13360	/Users/sanchezh/Desktop/tombombadil/TOMBOMBADIL130
131	ftsL	/Users/sanchezh/Desktop/tombombadil/TOMBOMBADIL131
132	group_13296	/Users/sanchezh/Desktop/tombombadil/TOMBOMBADIL132
133	group_13288	/Users/sanchezh/Desktop/tombombadil/TOMBOMBADIL133
134	group_13286	/Users/sanchezh/Desktop/tombombadil/TOMBOMBADIL134
135	group_13285	/Users/sanchezh/Desktop/tombombadil/TOMBOMBADIL135
136	group_13284	/Users/sanchezh/Desktop/tombombadil/TOMBOMBADIL136
137	group_13283	/Users/sanchezh/Desktop/tombombadil/TOMBOMBADIL137
138	group_13236	/Users/sanchezh/Desktop/tombombadil/TOMBOMBADIL138
139	rsfS	/Users/sanchezh/Desktop/tombombadil/TOMBOMBADIL139
140	group_13205	/Users/sanchezh/Desktop/tombombadil/TOMBOMBADIL140
141	group_13173	/Users/sanchezh/Desktop/tombombadil/TOMBOMBADIL141
142	group_13091	/Users/sanchezh/Desktop/tombombadil/TOMBOMBADIL142
143	group_13060	/Users/sanchezh/Desktop/tombombadil/TOMBOMBADIL143
144	group_13058	/Users/sanchezh/Desktop/tombombadil/TOMBOMBADIL144
145	dksA	/Users/sanchezh/Desktop/tombombadil/TOMBOMBADIL145
146	group_13036	/Users/sanchezh/Desktop/tombombadil/TOMBOMBADIL146
147	group_12986	/Users/sanchezh/Desktop/tombombadil/TOMBOMBADIL147
148	group_12960	/Users/sanchezh/Desktop/tombombadil/TOMBOMBADIL148
149	group_12939	/Users/sanchezh/Desktop/tombombadil/TOMBOMBADIL149
150	group_12919	/Users/sanchezh/Desktop/tombombadil/TOMBOMBADIL150
151	group_12904	/Users/sanchezh/Desktop/tombombadil/TOMBOMBADIL151
152	group_12860	/Users/sanchezh/Desktop/tombombadil/TOMBOMBADIL152
153	group_12788	/Users/sanchezh/Desktop/tombombadil/TOMBOMBADIL153
154	ybeY	/Users/sanchezh/Desktop/tombombadil/TOMBOMBADIL154
155	group_12731	/Users/sanchezh/Desktop/tombombadil/TOMBOMBADIL155
156	group_12713	/Users/sanchezh/Desktop/tombombadil/TOMBOMBADIL156
157	group_12683	/Users/sanchezh/Desktop/tombombadil/TOMBOMBADIL157
158	group_12655	/Users/sanchezh/Desktop/tombombadil/TOMBOMBADIL158
159	group_12654	/Users/sanchezh/Desktop/tombombadil/TOMBOMBADIL159
160	group_12593	/Users/sanchezh/Desktop/tombombadil/TOMBOMBADIL160
161	group_12586	/Users/sanchezh/Desktop/tombombadil/TOMBOMBADIL161
162	group_12585	/Users/sanchezh/Desktop/tombombadil/TOMBOMBADIL162
163	group_12583	/Users/sanchezh/Desktop/tombombadil/TOMBOMBADIL163
164	group_12582	/Users/sanchezh/Desktop/tombombadil/TOMBOMBADIL164
165	group_12552	/Users/sanchezh/Desktop/tombombadil/TOMBOMBADIL165
166	group_12498	/Users/sanchezh/Desktop/tombombadil/TOMBOMBADIL166
167	paaI	/Users/sanchezh/Desktop/tombombadil/TOMBOMBADIL167
168	group_12496	/Users/sanchezh/Desktop/tombombadil/TOMBOMBADIL168
169	group_12475	/Users/sanchezh/Desktop/tombombadil/TOMBOMBADIL169
170	group_12474	/Users/sanchezh/Desktop/tombombadil/TOMBOMBADIL170
171	group_12446	/Users/sanchezh/Desktop/tombombadil/TOMBOMBADIL171
172	group_12442	/Users/sanchezh/Desktop/tombombadil/TOMBOMBADIL172
173	group_12414	/Users/sanchezh/Desktop/tombombadil/TOMBOMBADIL173
174	group_12375	/Users/sanchezh/Desktop/tombombadil/TOMBOMBADIL174
175	group_12344	/Users/sanchezh/Desktop/tombombadil/TOMBOMBADIL175
176	group_12327	/Users/sanchezh/Desktop/tombombadil/TOMBOMBADIL176
177	group_12295	/Users/sanchezh/Desktop/tombombadil/TOMBOMBADIL177
178	group_12294	/Users/sanchezh/Desktop/tombombadil/TOMBOMBADIL178
179	group_12293	/Users/sanchezh/Desktop/tombombadil/TOMBOMBADIL179
180	rimP	/Users/sanchezh/Desktop/tombombadil/TOMBOMBADIL180
181	group_12236	/Users/sanchezh/Desktop/tombombadil/TOMBOMBADIL181
182	group_12224	/Users/sanchezh/Desktop/tombombadil/TOMBOMBADIL182
183	group_12223	/Users/sanchezh/Desktop/tombombadil/TOMBOMBADIL183
184	group_12222	/Users/sanchezh/Desktop/tombombadil/TOMBOMBADIL184
185	group_12210	/Users/sanchezh/Desktop/tombombadil/TOMBOMBADIL185
186	asnC	/Users/sanchezh/Desktop/tombombadil/TOMBOMBADIL186
187	group_12201	/Users/sanchezh/Desktop/tombombadil/TOMBOMBADIL187
188	group_12183	/Users/sanchezh/Desktop/tombombadil/TOMBOMBADIL188
189	group_12180	/Users/sanchezh/Desktop/tombombadil/TOMBOMBADIL189
190	group_12160	/Users/sanchezh/Desktop/tombombadil/TOMBOMBADIL190
191	group_12158	/Users/sanchezh/Desktop/tombombadil/TOMBOMBADIL191
192	group_12157	/Users/sanchezh/Desktop/tombombadil/TOMBOMBADIL192
193	group_12131	/Users/sanchezh/Desktop/tombombadil/TOMBOMBADIL193
194	group_12117	/Users/sanchezh/Desktop/tombombadil/TOMBOMBADIL194
195	group_12110	/Users/sanchezh/Desktop/tombombadil/TOMBOMBADIL195
196	group_12080	/Users/sanchezh/Desktop/tombombadil/TOMBOMBADIL196
197	group_12079	/Users/sanchezh/Desktop/tombombadil/TOMBOMBADIL197
198	group_12063	/Users/sanchezh/Desktop/tombombadil/TOMBOMBADIL198
199	group_12062	/Users/sanchezh/Desktop/tombombadil/TOMBOMBADIL199
200	group_12016	/Users/sanchezh/Desktop/tombombadil/TOMBOMBADIL200
201	group_12004	/Users/sanchezh/Desktop/tombombadil/TOMBOMBADIL201
202	group_12002	/Users/sanchezh/Desktop/tombombadil/TOMBOMBADIL202
203	group_11986	/Users/sanchezh/Desktop/tombombadil/TOMBOMBADIL203
204	group_11985	/Users/sanchezh/Desktop/tombombadil/TOMBOMBADIL204
205	group_11974	/Users/sanchezh/Desktop/tombombadil/TOMBOMBADIL205
206	group_11972	/Users/sanchezh/Desktop/tombombadil/TOMBOMBADIL206
207	group_11954	/Users/sanchezh/Desktop/tombombadil/TOMBOMBADIL207
208	group_11953	/Users/sanchezh/Desktop/tombombadil/TOMBOMBADIL208
209	group_11952	/Users/sanchezh/Desktop/tombombadil/TOMBOMBADIL209
210	group_11930	/Users/sanchezh/Desktop/tombombadil/TOMBOMBADIL210
211	group_11899	/Users/sanchezh/Desktop/tombombadil/TOMBOMBADIL211
212	rseA	/Users/sanchezh/Desktop/tombombadil/TOMBOMBADIL212
213	kdsC	/Users/sanchezh/Desktop/tombombadil/TOMBOMBADIL213
214	group_11833	/Users/sanchezh/Desktop/tombombadil/TOMBOMBADIL214
215	group_11811	/Users/sanchezh/Desktop/tombombadil/TOMBOMBADIL215
216	group_11788	/Users/sanchezh/Desktop/tombombadil/TOMBOMBADIL216
217	rimM	/Users/sanchezh/Desktop/tombombadil/TOMBOMBADIL217
218	group_11787	/Users/sanchezh/Desktop/tombombadil/TOMBOMBADIL218
219	group_11786	/Users/sanchezh/Desktop/tombombadil/TOMBOMBADIL219
220	group_11780	/Users/sanchezh/Desktop/tombombadil/TOMBOMBADIL220
221	group_11770	/Users/sanchezh/Desktop/tombombadil/TOMBOMBADIL221
222	group_11743	/Users/sanchezh/Desktop/tombombadil/TOMBOMBADIL222
223	group_11742	/Users/sanchezh/Desktop/tombombadil/TOMBOMBADIL223
224	group_11723	/Users/sanchezh/Desktop/tombombadil/TOMBOMBADIL224
225	group_11720	/Users/sanchezh/Desktop/tombombadil/TOMBOMBADIL225
226	group_11700	/Users/sanchezh/Desktop/tombombadil/TOMBOMBADIL226
227	group_11697	/Users/sanchezh/Desktop/tombombadil/TOMBOMBADIL227
228	group_11657	/Users/sanchezh/Desktop/tombombadil/TOMBOMBADIL228
229	group_11637	/Users/sanchezh/Desktop/tombombadil/TOMBOMBADIL229
230	group_11633	/Users/sanchezh/Desktop/tombombadil/TOMBOMBADIL230
231	group_11632	/Users/sanchezh/Desktop/tombombadil/TOMBOMBADIL231
232	group_11631	/Users/sanchezh/Desktop/tombombadil/TOMBOMBADIL232
233	group_11612	/Users/sanchezh/Desktop/tombombadil/TOMBOMBADIL233
234	group_11611	/Users/sanchezh/Desktop/tombombadil/TOMBOMBADIL234
235	group_11605	/Users/sanchezh/Desktop/tombombadil/TOMBOMBADIL235
236	group_11595	/Users/sanchezh/Desktop/tombombadil/TOMBOMBADIL236
237	group_11566	/Users/sanchezh/Desktop/tombombadil/TOMBOMBADIL237
238	group_11565	/Users/sanchezh/Desktop/tombombadil/TOMBOMBADIL238
239	group_11564	/Users/sanchezh/Desktop/tombombadil/TOMBOMBADIL239
240	ruvC	/Users/sanchezh/Desktop/tombombadil/TOMBOMBADIL240
241	group_11544	/Users/sanchezh/Desktop/tombombadil/TOMBOMBADIL241
242	group_11543	/Users/sanchezh/Desktop/tombombadil/TOMBOMBADIL242
243	group_11540	/Users/sanchezh/Desktop/tombombadil/TOMBOMBADIL243
244	group_11524	/Users/sanchezh/Desktop/tombombadil/TOMBOMBADIL244
245	group_11521	/Users/sanchezh/Desktop/tombombadil/TOMBOMBADIL245
246	group_11506	/Users/sanchezh/Desktop/tombombadil/TOMBOMBADIL246
247	group_11504	/Users/sanchezh/Desktop/tombombadil/TOMBOMBADIL247
248	group_11478	/Users/sanchezh/Desktop/tombombadil/TOMBOMBADIL248
249	group_11477	/Users/sanchezh/Desktop/tombombadil/TOMBOMBADIL249
250	group_11476	/Users/sanchezh/Desktop/tombombadil/TOMBOMBADIL250
251	group_11457	/Users/sanchezh/Desktop/tombombadil/TOMBOMBADIL251
252	group_11455	/Users/sanchezh/Desktop/tombombadil/TOMBOMBADIL252
253	lemA	/Users/sanchezh/Desktop/tombombadil/TOMBOMBADIL253
254	group_11446	/Users/sanchezh/Desktop/tombombadil/TOMBOMBADIL254
255	group_11434	/Users/sanchezh/Desktop/tombombadil/TOMBOMBADIL255
256	group_11396	/Users/sanchezh/Desktop/tombombadil/TOMBOMBADIL256
257	group_11382	/Users/sanchezh/Desktop/tombombadil/TOMBOMBADIL257
258	group_11380	/Users/sanchezh/Desktop/tombombadil/TOMBOMBADIL258
259	group_11377	/Users/sanchezh/Desktop/tombombadil/TOMBOMBADIL259
260	group_11363	/Users/sanchezh/Desktop/tombombadil/TOMBOMBADIL260
261	group_11362	/Users/sanchezh/Desktop/tombombadil/TOMBOMBADIL261
262	group_11351	/Users/sanchezh/Desktop/tombombadil/TOMBOMBADIL262
263	group_11333	/Users/sanchezh/Desktop/tombombadil/TOMBOMBADIL263
264	group_11303	/Users/sanchezh/Desktop/tombombadil/TOMBOMBADIL264
265	group_11301	/Users/sanchezh/Desktop/tombombadil/TOMBOMBADIL265
266	group_11300	/Users/sanchezh/Desktop/tombombadil/TOMBOMBADIL266
267	group_11299	/Users/sanchezh/Desktop/tombombadil/TOMBOMBADIL267
268	hdeD	/Users/sanchezh/Desktop/tombombadil/TOMBOMBADIL268
269	group_11284	/Users/sanchezh/Desktop/tombombadil/TOMBOMBADIL269
270	group_11283	/Users/sanchezh/Desktop/tombombadil/TOMBOMBADIL270
271	group_11281	/Users/sanchezh/Desktop/tombombadil/TOMBOMBADIL271
272	group_11280	/Users/sanchezh/Desktop/tombombadil/TOMBOMBADIL272
273	group_11279	/Users/sanchezh/Desktop/tombombadil/TOMBOMBADIL273
274	group_11265	/Users/sanchezh/Desktop/tombombadil/TOMBOMBADIL274
275	engB	/Users/sanchezh/Desktop/tombombadil/TOMBOMBADIL275
276	group_11254	/Users/sanchezh/Desktop/tombombadil/TOMBOMBADIL276
277	group_11253	/Users/sanchezh/Desktop/tombombadil/TOMBOMBADIL277
278	group_11223	/Users/sanchezh/Desktop/tombombadil/TOMBOMBADIL278
279	group_11206	/Users/sanchezh/Desktop/tombombadil/TOMBOMBADIL279
280	group_11192	/Users/sanchezh/Desktop/tombombadil/TOMBOMBADIL280
281	group_11191	/Users/sanchezh/Desktop/tombombadil/TOMBOMBADIL281
282	group_11190	/Users/sanchezh/Desktop/tombombadil/TOMBOMBADIL282
283	group_11171	/Users/sanchezh/Desktop/tombombadil/TOMBOMBADIL283
284	group_11150	/Users/sanchezh/Desktop/tombombadil/TOMBOMBADIL284
285	group_11149	/Users/sanchezh/Desktop/tombombadil/TOMBOMBADIL285
286	group_11112	/Users/sanchezh/Desktop/tombombadil/TOMBOMBADIL286
287	group_11098	/Users/sanchezh/Desktop/tombombadil/TOMBOMBADIL287
288	group_11097	/Users/sanchezh/Desktop/tombombadil/TOMBOMBADIL288
289	group_11096	/Users/sanchezh/Desktop/tombombadil/TOMBOMBADIL289
290	group_11095	/Users/sanchezh/Desktop/tombombadil/TOMBOMBADIL290
291	group_11064	/Users/sanchezh/Desktop/tombombadil/TOMBOMBADIL291
292	group_11062	/Users/sanchezh/Desktop/tombombadil/TOMBOMBADIL292
293	grpE	/Users/sanchezh/Desktop/tombombadil/TOMBOMBADIL293
294	group_11041	/Users/sanchezh/Desktop/tombombadil/TOMBOMBADIL294
295	group_10953	/Users/sanchezh/Desktop/tombombadil/TOMBOMBADIL295
296	group_10951	/Users/sanchezh/Desktop/tombombadil/TOMBOMBADIL296
297	group_10950	/Users/sanchezh/Desktop/tombombadil/TOMBOMBADIL297
298	group_10949	/Users/sanchezh/Desktop/tombombadil/TOMBOMBADIL298
299	group_10946	/Users/sanchezh/Desktop/tombombadil/TOMBOMBADIL299
300	group_10876	/Users/sanchezh/Desktop/tombombadil/TOMBOMBADIL300
301	group_10839	/Users/sanchezh/Desktop/tombombadil/TOMBOMBADIL301
302	group_10835	/Users/sanchezh/Desktop/tombombadil/TOMBOMBADIL302
303	group_10834	/Users/sanchezh/Desktop/tombombadil/TOMBOMBADIL303
304	group_10808	/Users/sanchezh/Desktop/tombombadil/TOMBOMBADIL304
305	group_10802	/Users/sanchezh/Desktop/tombombadil/TOMBOMBADIL305
306	group_10801	/Users/sanchezh/Desktop/tombombadil/TOMBOMBADIL306
307	group_10800	/Users/sanchezh/Desktop/tombombadil/TOMBOMBADIL307
308	group_10779	/Users/sanchezh/Desktop/tombombadil/TOMBOMBADIL308
309	group_10778	/Users/sanchezh/Desktop/tombombadil/TOMBOMBADIL309
310	group_10739	/Users/sanchezh/Desktop/tombombadil/TOMBOMBADIL310
311	group_10737	/Users/sanchezh/Desktop/tombombadil/TOMBOMBADIL311
312	group_10719	/Users/sanchezh/Desktop/tombombadil/TOMBOMBADIL312
313	group_10716	/Users/sanchezh/Desktop/tombombadil/TOMBOMBADIL313
314	group_10714	/Users/sanchezh/Desktop/tombombadil/TOMBOMBADIL314
315	group_10707	/Users/sanchezh/Desktop/tombombadil/TOMBOMBADIL315
316	group_10697	/Users/sanchezh/Desktop/tombombadil/TOMBOMBADIL316
317	group_10691	/Users/sanchezh/Desktop/tombombadil/TOMBOMBADIL317
318	group_10673	/Users/sanchezh/Desktop/tombombadil/TOMBOMBADIL318
319	lolD	/Users/sanchezh/Desktop/tombombadil/TOMBOMBADIL319
320	group_10599	/Users/sanchezh/Desktop/tombombadil/TOMBOMBADIL320
321	group_10590	/Users/sanchezh/Desktop/tombombadil/TOMBOMBADIL321
322	group_10589	/Users/sanchezh/Desktop/tombombadil/TOMBOMBADIL322
323	group_10565	/Users/sanchezh/Desktop/tombombadil/TOMBOMBADIL323
324	group_10564	/Users/sanchezh/Desktop/tombombadil/TOMBOMBADIL324
325	group_10558	/Users/sanchezh/Desktop/tombombadil/TOMBOMBADIL325
326	group_10557	/Users/sanchezh/Desktop/tombombadil/TOMBOMBADIL326
327	group_10470	/Users/sanchezh/Desktop/tombombadil/TOMBOMBADIL327
328	group_10465	/Users/sanchezh/Desktop/tombombadil/TOMBOMBADIL328
329	group_10435	/Users/sanchezh/Desktop/tombombadil/TOMBOMBADIL329
330	group_10311	/Users/sanchezh/Desktop/tombombadil/TOMBOMBADIL330
331	group_10308	/Users/sanchezh/Desktop/tombombadil/TOMBOMBADIL331
332	group_10269	/Users/sanchezh/Desktop/tombombadil/TOMBOMBADIL332
333	radC	/Users/sanchezh/Desktop/tombombadil/TOMBOMBADIL333
334	group_10158	/Users/sanchezh/Desktop/tombombadil/TOMBOMBADIL334
335	group_10156	/Users/sanchezh/Desktop/tombombadil/TOMBOMBADIL335
336	group_10150	/Users/sanchezh/Desktop/tombombadil/TOMBOMBADIL336
337	group_10134	/Users/sanchezh/Desktop/tombombadil/TOMBOMBADIL337
338	group_10120	/Users/sanchezh/Desktop/tombombadil/TOMBOMBADIL338
339	group_10113	/Users/sanchezh/Desktop/tombombadil/TOMBOMBADIL339
340	group_10096	/Users/sanchezh/Desktop/tombombadil/TOMBOMBADIL340
341	group_10091	/Users/sanchezh/Desktop/tombombadil/TOMBOMBADIL341
342	group_10058	/Users/sanchezh/Desktop/tombombadil/TOMBOMBADIL342
343	group_10056	/Users/sanchezh/Desktop/tombombadil/TOMBOMBADIL343
344	group_10053	/Users/sanchezh/Desktop/tombombadil/TOMBOMBADIL344
345	group_10051	/Users/sanchezh/Desktop/tombombadil/TOMBOMBADIL345
346	group_10050	/Users/sanchezh/Desktop/tombombadil/TOMBOMBADIL346
347	group_10039	/Users/sanchezh/Desktop/tombombadil/TOMBOMBADIL347
348	group_10007	/Users/sanchezh/Desktop/tombombadil/TOMBOMBADIL348
349	group_9989	/Users/sanchezh/Desktop/tombombadil/TOMBOMBADIL349
350	group_9985	/Users/sanchezh/Desktop/tombombadil/TOMBOMBADIL350
351	group_9947	/Users/sanchezh/Desktop/tombombadil/TOMBOMBADIL351
352	group_9944	/Users/sanchezh/Desktop/tombombadil/TOMBOMBADIL352
353	group_9940	/Users/sanchezh/Desktop/tombombadil/TOMBOMBADIL353
354	fluC	/Users/sanchezh/Desktop/tombombadil/TOMBOMBADIL354
355	group_9908	/Users/sanchezh/Desktop/tombombadil/TOMBOMBADIL355
356	group_9899	/Users/sanchezh/Desktop/tombombadil/TOMBOMBADIL356
357	group_9883	/Users/sanchezh/Desktop/tombombadil/TOMBOMBADIL357
358	group_9854	/Users/sanchezh/Desktop/tombombadil/TOMBOMBADIL358
359	group_9823	/Users/sanchezh/Desktop/tombombadil/TOMBOMBADIL359
360	group_9822	/Users/sanchezh/Desktop/tombombadil/TOMBOMBADIL360
361	group_9809	/Users/sanchezh/Desktop/tombombadil/TOMBOMBADIL361
362	group_9769	/Users/sanchezh/Desktop/tombombadil/TOMBOMBADIL362
363	group_9754	/Users/sanchezh/Desktop/tombombadil/TOMBOMBADIL363
364	group_9753	/Users/sanchezh/Desktop/tombombadil/TOMBOMBADIL364
365	group_9746	/Users/sanchezh/Desktop/tombombadil/TOMBOMBADIL365
366	lytB	/Users/sanchezh/Desktop/tombombadil/TOMBOMBADIL366
367	group_9735	/Users/sanchezh/Desktop/tombombadil/TOMBOMBADIL367
368	ykoT	/Users/sanchezh/Desktop/tombombadil/TOMBOMBADIL368
369	group_9718	/Users/sanchezh/Desktop/tombombadil/TOMBOMBADIL369
370	group_9712	/Users/sanchezh/Desktop/tombombadil/TOMBOMBADIL370
371	group_9707	/Users/sanchezh/Desktop/tombombadil/TOMBOMBADIL371
372	group_9671	/Users/sanchezh/Desktop/tombombadil/TOMBOMBADIL372
373	group_9647	/Users/sanchezh/Desktop/tombombadil/TOMBOMBADIL373
374	group_9646	/Users/sanchezh/Desktop/tombombadil/TOMBOMBADIL374
375	group_9644	/Users/sanchezh/Desktop/tombombadil/TOMBOMBADIL375
376	group_9636	/Users/sanchezh/Desktop/tombombadil/TOMBOMBADIL376
377	group_9635	/Users/sanchezh/Desktop/tombombadil/TOMBOMBADIL377
378	group_9627	/Users/sanchezh/Desktop/tombombadil/TOMBOMBADIL378
379	group_9614	/Users/sanchezh/Desktop/tombombadil/TOMBOMBADIL379
380	group_9601	/Users/sanchezh/Desktop/tombombadil/TOMBOMBADIL380
381	group_9595	/Users/sanchezh/Desktop/tombombadil/TOMBOMBADIL381
382	group_9593	/Users/sanchezh/Desktop/tombombadil/TOMBOMBADIL382
383	gtrA	/Users/sanchezh/Desktop/tombombadil/TOMBOMBADIL383
384	group_9580	/Users/sanchezh/Desktop/tombombadil/TOMBOMBADIL384
385	group_9579	/Users/sanchezh/Desktop/tombombadil/TOMBOMBADIL385
386	group_9560	/Users/sanchezh/Desktop/tombombadil/TOMBOMBADIL386
387	group_9559	/Users/sanchezh/Desktop/tombombadil/TOMBOMBADIL387
388	group_9558	/Users/sanchezh/Desktop/tombombadil/TOMBOMBADIL388
389	group_9557	/Users/sanchezh/Desktop/tombombadil/TOMBOMBADIL389
390	group_9542	/Users/sanchezh/Desktop/tombombadil/TOMBOMBADIL390
391	group_9509	/Users/sanchezh/Desktop/tombombadil/TOMBOMBADIL391
392	group_9484	/Users/sanchezh/Desktop/tombombadil/TOMBOMBADIL392
393	group_9468	/Users/sanchezh/Desktop/tombombadil/TOMBOMBADIL393
394	group_9466	/Users/sanchezh/Desktop/tombombadil/TOMBOMBADIL394
395	group_9462	/Users/sanchezh/Desktop/tombombadil/TOMBOMBADIL395
396	group_9461	/Users/sanchezh/Desktop/tombombadil/TOMBOMBADIL396
397	group_9459	/Users/sanchezh/Desktop/tombombadil/TOMBOMBADIL397
398	group_9456	/Users/sanchezh/Desktop/tombombadil/TOMBOMBADIL398
399	group_9450	/Users/sanchezh/Desktop/tombombadil/TOMBOMBADIL399
400	group_9440	/Users/sanchezh/Desktop/tombombadil/TOMBOMBADIL400
401	group_9432	/Users/sanchezh/Desktop/tombombadil/TOMBOMBADIL401
402	group_9431	/Users/sanchezh/Desktop/tombombadil/TOMBOMBADIL402
403	group_9429	/Users/sanchezh/Desktop/tombombadil/TOMBOMBADIL403
404	group_9427	/Users/sanchezh/Desktop/tombombadil/TOMBOMBADIL404
405	group_9425	/Users/sanchezh/Desktop/tombombadil/TOMBOMBADIL405
406	group_9413	/Users/sanchezh/Desktop/tombombadil/TOMBOMBADIL406
407	group_9404	/Users/sanchezh/Desktop/tombombadil/TOMBOMBADIL407
408	group_9400	/Users/sanchezh/Desktop/tombombadil/TOMBOMBADIL408
409	group_9399	/Users/sanchezh/Desktop/tombombadil/TOMBOMBADIL409
410	group_9398	/Users/sanchezh/Desktop/tombombadil/TOMBOMBADIL410
411	group_9397	/Users/sanchezh/Desktop/tombombadil/TOMBOMBADIL411
412	group_9382	/Users/sanchezh/Desktop/tombombadil/TOMBOMBADIL412
413	group_9378	/Users/sanchezh/Desktop/tombombadil/TOMBOMBADIL413
414	group_9373	/Users/sanchezh/Desktop/tombombadil/TOMBOMBADIL414
415	group_9370	/Users/sanchezh/Desktop/tombombadil/TOMBOMBADIL415
416	group_9369	/Users/sanchezh/Desktop/tombombadil/TOMBOMBADIL416
417	group_9368	/Users/sanchezh/Desktop/tombombadil/TOMBOMBADIL417
418	group_9363	/Users/sanchezh/Desktop/tombombadil/TOMBOMBADIL418
419	group_9361	/Users/sanchezh/Desktop/tombombadil/TOMBOMBADIL419
420	group_9358	/Users/sanchezh/Desktop/tombombadil/TOMBOMBADIL420
421	group_9357	/Users/sanchezh/Desktop/tombombadil/TOMBOMBADIL421
422	group_9356	/Users/sanchezh/Desktop/tombombadil/TOMBOMBADIL422
423	sbsA	/Users/sanchezh/Desktop/tombombadil/TOMBOMBADIL423
424	group_9351	/Users/sanchezh/Desktop/tombombadil/TOMBOMBADIL424
425	group_9342	/Users/sanchezh/Desktop/tombombadil/TOMBOMBADIL425
426	group_9338	/Users/sanchezh/Desktop/tombombadil/TOMBOMBADIL426
427	group_9337	/Users/sanchezh/Desktop/tombombadil/TOMBOMBADIL427
428	group_9336	/Users/sanchezh/Desktop/tombombadil/TOMBOMBADIL428
429	group_9334	/Users/sanchezh/Desktop/tombombadil/TOMBOMBADIL429
430	group_9323	/Users/sanchezh/Desktop/tombombadil/TOMBOMBADIL430
431	group_9322	/Users/sanchezh/Desktop/tombombadil/TOMBOMBADIL431
432	group_9317	/Users/sanchezh/Desktop/tombombadil/TOMBOMBADIL432
433	group_9301	/Users/sanchezh/Desktop/tombombadil/TOMBOMBADIL433
434	group_9300	/Users/sanchezh/Desktop/tombombadil/TOMBOMBADIL434
435	group_9299	/Users/sanchezh/Desktop/tombombadil/TOMBOMBADIL435
436	group_9298	/Users/sanchezh/Desktop/tombombadil/TOMBOMBADIL436
437	group_9297	/Users/sanchezh/Desktop/tombombadil/TOMBOMBADIL437
438	group_9296	/Users/sanchezh/Desktop/tombombadil/TOMBOMBADIL438
439	sufC	/Users/sanchezh/Desktop/tombombadil/TOMBOMBADIL439
440	group_9292	/Users/sanchezh/Desktop/tombombadil/TOMBOMBADIL440
441	group_9287	/Users/sanchezh/Desktop/tombombadil/TOMBOMBADIL441
442	group_9279	/Users/sanchezh/Desktop/tombombadil/TOMBOMBADIL442
443	group_9272	/Users/sanchezh/Desktop/tombombadil/TOMBOMBADIL443
444	group_9261	/Users/sanchezh/Desktop/tombombadil/TOMBOMBADIL444
445	group_9259	/Users/sanchezh/Desktop/tombombadil/TOMBOMBADIL445
446	group_9257	/Users/sanchezh/Desktop/tombombadil/TOMBOMBADIL446
447	group_9253	/Users/sanchezh/Desktop/tombombadil/TOMBOMBADIL447
448	group_9251	/Users/sanchezh/Desktop/tombombadil/TOMBOMBADIL448
449	group_9248	/Users/sanchezh/Desktop/tombombadil/TOMBOMBADIL449
450	group_9247	/Users/sanchezh/Desktop/tombombadil/TOMBOMBADIL450
451	group_9246	/Users/sanchezh/Desktop/tombombadil/TOMBOMBADIL451
452	group_9244	/Users/sanchezh/Desktop/tombombadil/TOMBOMBADIL452
453	group_9243	/Users/sanchezh/Desktop/tombombadil/TOMBOMBADIL453
454	group_9242	/Users/sanchezh/Desktop/tombombadil/TOMBOMBADIL454
455	group_9239	/Users/sanchezh/Desktop/tombombadil/TOMBOMBADIL455
456	group_9237	/Users/sanchezh/Desktop/tombombadil/TOMBOMBADIL456
457	group_9236	/Users/sanchezh/Desktop/tombombadil/TOMBOMBADIL457
458	group_9234	/Users/sanchezh/Desktop/tombombadil/TOMBOMBADIL458
459	group_9232	/Users/sanchezh/Desktop/tombombadil/TOMBOMBADIL459
460	thiS	/Users/sanchezh/Desktop/tombombadil/TOMBOMBADIL460
461	group_9223	/Users/sanchezh/Desktop/tombombadil/TOMBOMBADIL461
462	secG	/Users/sanchezh/Desktop/tombombadil/TOMBOMBADIL462
463	lptE	/Users/sanchezh/Desktop/tombombadil/TOMBOMBADIL463
464	group_9222	/Users/sanchezh/Desktop/tombombadil/TOMBOMBADIL464
465	group_9221	/Users/sanchezh/Desktop/tombombadil/TOMBOMBADIL465
466	group_9220	/Users/sanchezh/Desktop/tombombadil/TOMBOMBADIL466
467	group_9219	/Users/sanchezh/Desktop/tombombadil/TOMBOMBADIL467
468	group_9218	/Users/sanchezh/Desktop/tombombadil/TOMBOMBADIL468
469	group_9212	/Users/sanchezh/Desktop/tombombadil/TOMBOMBADIL469
470	group_9210	/Users/sanchezh/Desktop/tombombadil/TOMBOMBADIL470
471	group_9209	/Users/sanchezh/Desktop/tombombadil/TOMBOMBADIL471
472	group_9205	/Users/sanchezh/Desktop/tombombadil/TOMBOMBADIL472
473	group_9199	/Users/sanchezh/Desktop/tombombadil/TOMBOMBADIL473
474	group_9172	/Users/sanchezh/Desktop/tombombadil/TOMBOMBADIL474
475	group_9170	/Users/sanchezh/Desktop/tombombadil/TOMBOMBADIL475
476	group_9169	/Users/sanchezh/Desktop/tombombadil/TOMBOMBADIL476
477	group_9168	/Users/sanchezh/Desktop/tombombadil/TOMBOMBADIL477
478	group_9152	/Users/sanchezh/Desktop/tombombadil/TOMBOMBADIL478
479	group_9151	/Users/sanchezh/Desktop/tombombadil/TOMBOMBADIL479
480	group_9144	/Users/sanchezh/Desktop/tombombadil/TOMBOMBADIL480
481	group_9134	/Users/sanchezh/Desktop/tombombadil/TOMBOMBADIL481
482	group_9132	/Users/sanchezh/Desktop/tombombadil/TOMBOMBADIL482
483	group_9121	/Users/sanchezh/Desktop/tombombadil/TOMBOMBADIL483
484	group_9109	/Users/sanchezh/Desktop/tombombadil/TOMBOMBADIL484
485	group_9108	/Users/sanchezh/Desktop/tombombadil/TOMBOMBADIL485
486	mutL	/Users/sanchezh/Desktop/tombombadil/TOMBOMBADIL486
487	group_9097	/Users/sanchezh/Desktop/tombombadil/TOMBOMBADIL487
488	group_9095	/Users/sanchezh/Desktop/tombombadil/TOMBOMBADIL488
489	group_9092	/Users/sanchezh/Desktop/tombombadil/TOMBOMBADIL489
490	group_9091	/Users/sanchezh/Desktop/tombombadil/TOMBOMBADIL490
491	group_9088	/Users/sanchezh/Desktop/tombombadil/TOMBOMBADIL491
492	group_9084	/Users/sanchezh/Desktop/tombombadil/TOMBOMBADIL492
493	tmoS	/Users/sanchezh/Desktop/tombombadil/TOMBOMBADIL493
494	group_9065	/Users/sanchezh/Desktop/tombombadil/TOMBOMBADIL494
495	group_9060	/Users/sanchezh/Desktop/tombombadil/TOMBOMBADIL495
496	group_9051	/Users/sanchezh/Desktop/tombombadil/TOMBOMBADIL496
497	group_9049	/Users/sanchezh/Desktop/tombombadil/TOMBOMBADIL497
498	birA	/Users/sanchezh/Desktop/tombombadil/TOMBOMBADIL498
499	group_9034	/Users/sanchezh/Desktop/tombombadil/TOMBOMBADIL499
500	group_9033	/Users/sanchezh/Desktop/tombombadil/TOMBOMBADIL500
501	group_9031	/Users/sanchezh/Desktop/tombombadil/TOMBOMBADIL501
502	group_9014	/Users/sanchezh/Desktop/tombombadil/TOMBOMBADIL502
503	sigL	/Users/sanchezh/Desktop/tombombadil/TOMBOMBADIL503
504	group_9008	/Users/sanchezh/Desktop/tombombadil/TOMBOMBADIL504
505	group_9001	/Users/sanchezh/Desktop/tombombadil/TOMBOMBADIL505
506	group_8998	/Users/sanchezh/Desktop/tombombadil/TOMBOMBADIL506
507	group_8994	/Users/sanchezh/Desktop/tombombadil/TOMBOMBADIL507
508	group_8992	/Users/sanchezh/Desktop/tombombadil/TOMBOMBADIL508
509	group_8991	/Users/sanchezh/Desktop/tombombadil/TOMBOMBADIL509
510	group_8990	/Users/sanchezh/Desktop/tombombadil/TOMBOMBADIL510
511	group_8989	/Users/sanchezh/Desktop/tombombadil/TOMBOMBADIL511
512	group_8985	/Users/sanchezh/Desktop/tombombadil/TOMBOMBADIL512
513	group_8984	/Users/sanchezh/Desktop/tombombadil/TOMBOMBADIL513
514	group_8983	/Users/sanchezh/Desktop/tombombadil/TOMBOMBADIL514
515	group_8978	/Users/sanchezh/Desktop/tombombadil/TOMBOMBADIL515
516	group_8977	/Users/sanchezh/Desktop/tombombadil/TOMBOMBADIL516
517	group_8975	/Users/sanchezh/Desktop/tombombadil/TOMBOMBADIL517
518	group_8971	/Users/sanchezh/Desktop/tombombadil/TOMBOMBADIL518
519	group_8968	/Users/sanchezh/Desktop/tombombadil/TOMBOMBADIL519
520	group_8962	/Users/sanchezh/Desktop/tombombadil/TOMBOMBADIL520
521	group_8959	/Users/sanchezh/Desktop/tombombadil/TOMBOMBADIL521
522	group_8957	/Users/sanchezh/Desktop/tombombadil/TOMBOMBADIL522
523	group_8955	/Users/sanchezh/Desktop/tombombadil/TOMBOMBADIL523
524	resA	/Users/sanchezh/Desktop/tombombadil/TOMBOMBADIL524
525	group_8943	/Users/sanchezh/Desktop/tombombadil/TOMBOMBADIL525
526	group_8942	/Users/sanchezh/Desktop/tombombadil/TOMBOMBADIL526
527	group_8941	/Users/sanchezh/Desktop/tombombadil/TOMBOMBADIL527
528	group_8940	/Users/sanchezh/Desktop/tombombadil/TOMBOMBADIL528
529	group_8939	/Users/sanchezh/Desktop/tombombadil/TOMBOMBADIL529
530	tilS	/Users/sanchezh/Desktop/tombombadil/TOMBOMBADIL530
531	group_8930	/Users/sanchezh/Desktop/tombombadil/TOMBOMBADIL531
532	group_8924	/Users/sanchezh/Desktop/tombombadil/TOMBOMBADIL532
533	group_8923	/Users/sanchezh/Desktop/tombombadil/TOMBOMBADIL533
534	group_8922	/Users/sanchezh/Desktop/tombombadil/TOMBOMBADIL534
535	group_8921	/Users/sanchezh/Desktop/tombombadil/TOMBOMBADIL535
536	group_8918	/Users/sanchezh/Desktop/tombombadil/TOMBOMBADIL536
537	group_8914	/Users/sanchezh/Desktop/tombombadil/TOMBOMBADIL537
538	group_8909	/Users/sanchezh/Desktop/tombombadil/TOMBOMBADIL538
539	group_8908	/Users/sanchezh/Desktop/tombombadil/TOMBOMBADIL539
540	group_8907	/Users/sanchezh/Desktop/tombombadil/TOMBOMBADIL540
541	group_8903	/Users/sanchezh/Desktop/tombombadil/TOMBOMBADIL541
542	msrA	/Users/sanchezh/Desktop/tombombadil/TOMBOMBADIL542
543	group_8895	/Users/sanchezh/Desktop/tombombadil/TOMBOMBADIL543
544	group_8889	/Users/sanchezh/Desktop/tombombadil/TOMBOMBADIL544
545	group_8887	/Users/sanchezh/Desktop/tombombadil/TOMBOMBADIL545
546	group_8881	/Users/sanchezh/Desktop/tombombadil/TOMBOMBADIL546
547	group_8880	/Users/sanchezh/Desktop/tombombadil/TOMBOMBADIL547
548	group_8879	/Users/sanchezh/Desktop/tombombadil/TOMBOMBADIL548
549	group_8870	/Users/sanchezh/Desktop/tombombadil/TOMBOMBADIL549
550	group_8869	/Users/sanchezh/Desktop/tombombadil/TOMBOMBADIL550
551	group_8865	/Users/sanchezh/Desktop/tombombadil/TOMBOMBADIL551
552	mraZ	/Users/sanchezh/Desktop/tombombadil/TOMBOMBADIL552
553	group_8860	/Users/sanchezh/Desktop/tombombadil/TOMBOMBADIL553
554	group_8859	/Users/sanchezh/Desktop/tombombadil/TOMBOMBADIL554
555	group_8854	/Users/sanchezh/Desktop/tombombadil/TOMBOMBADIL555
556	group_8853	/Users/sanchezh/Desktop/tombombadil/TOMBOMBADIL556
557	group_8852	/Users/sanchezh/Desktop/tombombadil/TOMBOMBADIL557
558	group_8851	/Users/sanchezh/Desktop/tombombadil/TOMBOMBADIL558
559	group_8850	/Users/sanchezh/Desktop/tombombadil/TOMBOMBADIL559
560	group_8849	/Users/sanchezh/Desktop/tombombadil/TOMBOMBADIL560
561	comF	/Users/sanchezh/Desktop/tombombadil/TOMBOMBADIL561
562	group_8848	/Users/sanchezh/Desktop/tombombadil/TOMBOMBADIL562
563	group_8847	/Users/sanchezh/Desktop/tombombadil/TOMBOMBADIL563
564	group_8842	/Users/sanchezh/Desktop/tombombadil/TOMBOMBADIL564
565	group_8841	/Users/sanchezh/Desktop/tombombadil/TOMBOMBADIL565
566	group_8828	/Users/sanchezh/Desktop/tombombadil/TOMBOMBADIL566
567	group_8826	/Users/sanchezh/Desktop/tombombadil/TOMBOMBADIL567
568	group_8824	/Users/sanchezh/Desktop/tombombadil/TOMBOMBADIL568
569	group_8815	/Users/sanchezh/Desktop/tombombadil/TOMBOMBADIL569
570	group_8805	/Users/sanchezh/Desktop/tombombadil/TOMBOMBADIL570
571	group_8801	/Users/sanchezh/Desktop/tombombadil/TOMBOMBADIL571
572	group_8794	/Users/sanchezh/Desktop/tombombadil/TOMBOMBADIL572
573	group_8791	/Users/sanchezh/Desktop/tombombadil/TOMBOMBADIL573
574	group_8790	/Users/sanchezh/Desktop/tombombadil/TOMBOMBADIL574
575	group_8789	/Users/sanchezh/Desktop/tombombadil/TOMBOMBADIL575
576	group_8788	/Users/sanchezh/Desktop/tombombadil/TOMBOMBADIL576
577	hemW	/Users/sanchezh/Desktop/tombombadil/TOMBOMBADIL577
578	group_8781	/Users/sanchezh/Desktop/tombombadil/TOMBOMBADIL578
579	group_8775	/Users/sanchezh/Desktop/tombombadil/TOMBOMBADIL579
580	group_8770	/Users/sanchezh/Desktop/tombombadil/TOMBOMBADIL580
581	group_8768	/Users/sanchezh/Desktop/tombombadil/TOMBOMBADIL581
582	group_8760	/Users/sanchezh/Desktop/tombombadil/TOMBOMBADIL582
583	group_8757	/Users/sanchezh/Desktop/tombombadil/TOMBOMBADIL583
584	group_8754	/Users/sanchezh/Desktop/tombombadil/TOMBOMBADIL584
585	group_8744	/Users/sanchezh/Desktop/tombombadil/TOMBOMBADIL585
586	group_8743	/Users/sanchezh/Desktop/tombombadil/TOMBOMBADIL586
587	group_8742	/Users/sanchezh/Desktop/tombombadil/TOMBOMBADIL587
588	group_8740	/Users/sanchezh/Desktop/tombombadil/TOMBOMBADIL588
589	group_8739	/Users/sanchezh/Desktop/tombombadil/TOMBOMBADIL589
590	group_8738	/Users/sanchezh/Desktop/tombombadil/TOMBOMBADIL590
591	group_8732	/Users/sanchezh/Desktop/tombombadil/TOMBOMBADIL591
592	bioD	/Users/sanchezh/Desktop/tombombadil/TOMBOMBADIL592
593	group_8729	/Users/sanchezh/Desktop/tombombadil/TOMBOMBADIL593
594	group_8728	/Users/sanchezh/Desktop/tombombadil/TOMBOMBADIL594
595	group_8727	/Users/sanchezh/Desktop/tombombadil/TOMBOMBADIL595
596	group_8725	/Users/sanchezh/Desktop/tombombadil/TOMBOMBADIL596
597	group_8719	/Users/sanchezh/Desktop/tombombadil/TOMBOMBADIL597
598	group_8714	/Users/sanchezh/Desktop/tombombadil/TOMBOMBADIL598
599	group_8713	/Users/sanchezh/Desktop/tombombadil/TOMBOMBADIL599
600	spoU	/Users/sanchezh/Desktop/tombombadil/TOMBOMBADIL600
601	group_8711	/Users/sanchezh/Desktop/tombombadil/TOMBOMBADIL601
602	group_8710	/Users/sanchezh/Desktop/tombombadil/TOMBOMBADIL602
603	group_8707	/Users/sanchezh/Desktop/tombombadil/TOMBOMBADIL603
604	group_8705	/Users/sanchezh/Desktop/tombombadil/TOMBOMBADIL604
605	group_8704	/Users/sanchezh/Desktop/tombombadil/TOMBOMBADIL605
606	group_8703	/Users/sanchezh/Desktop/tombombadil/TOMBOMBADIL606
607	group_8702	/Users/sanchezh/Desktop/tombombadil/TOMBOMBADIL607
608	group_8701	/Users/sanchezh/Desktop/tombombadil/TOMBOMBADIL608
609	group_8700	/Users/sanchezh/Desktop/tombombadil/TOMBOMBADIL609
610	group_8695	/Users/sanchezh/Desktop/tombombadil/TOMBOMBADIL610
611	group_8690	/Users/sanchezh/Desktop/tombombadil/TOMBOMBADIL611
612	gldE	/Users/sanchezh/Desktop/tombombadil/TOMBOMBADIL612
613	group_8689	/Users/sanchezh/Desktop/tombombadil/TOMBOMBADIL613
614	group_8686	/Users/sanchezh/Desktop/tombombadil/TOMBOMBADIL614
615	group_8684	/Users/sanchezh/Desktop/tombombadil/TOMBOMBADIL615
616	group_8682	/Users/sanchezh/Desktop/tombombadil/TOMBOMBADIL616
617	group_8679	/Users/sanchezh/Desktop/tombombadil/TOMBOMBADIL617
618	group_8670	/Users/sanchezh/Desktop/tombombadil/TOMBOMBADIL618
619	group_8669	/Users/sanchezh/Desktop/tombombadil/TOMBOMBADIL619
620	hydG	/Users/sanchezh/Desktop/tombombadil/TOMBOMBADIL620
621	group_8662	/Users/sanchezh/Desktop/tombombadil/TOMBOMBADIL621
622	group_8658	/Users/sanchezh/Desktop/tombombadil/TOMBOMBADIL622
623	group_8656	/Users/sanchezh/Desktop/tombombadil/TOMBOMBADIL623
624	group_8655	/Users/sanchezh/Desktop/tombombadil/TOMBOMBADIL624
625	group_8653	/Users/sanchezh/Desktop/tombombadil/TOMBOMBADIL625
626	group_8652	/Users/sanchezh/Desktop/tombombadil/TOMBOMBADIL626
627	group_8651	/Users/sanchezh/Desktop/tombombadil/TOMBOMBADIL627
628	group_8650	/Users/sanchezh/Desktop/tombombadil/TOMBOMBADIL628
629	group_8649	/Users/sanchezh/Desktop/tombombadil/TOMBOMBADIL629
630	wbqC	/Users/sanchezh/Desktop/tombombadil/TOMBOMBADIL630
631	group_8639	/Users/sanchezh/Desktop/tombombadil/TOMBOMBADIL631
632	group_8635	/Users/sanchezh/Desktop/tombombadil/TOMBOMBADIL632
633	group_8634	/Users/sanchezh/Desktop/tombombadil/TOMBOMBADIL633
634	group_8632	/Users/sanchezh/Desktop/tombombadil/TOMBOMBADIL634
635	group_8631	/Users/sanchezh/Desktop/tombombadil/TOMBOMBADIL635
636	group_8629	/Users/sanchezh/Desktop/tombombadil/TOMBOMBADIL636
637	group_8628	/Users/sanchezh/Desktop/tombombadil/TOMBOMBADIL637
638	group_8623	/Users/sanchezh/Desktop/tombombadil/TOMBOMBADIL638
639	group_8622	/Users/sanchezh/Desktop/tombombadil/TOMBOMBADIL639
640	group_8621	/Users/sanchezh/Desktop/tombombadil/TOMBOMBADIL640
641	group_8620	/Users/sanchezh/Desktop/tombombadil/TOMBOMBADIL641
642	group_8619	/Users/sanchezh/Desktop/tombombadil/TOMBOMBADIL642
643	group_8617	/Users/sanchezh/Desktop/tombombadil/TOMBOMBADIL643
644	group_8616	/Users/sanchezh/Desktop/tombombadil/TOMBOMBADIL644
645	ppiC	/Users/sanchezh/Desktop/tombombadil/TOMBOMBADIL645
646	group_8615	/Users/sanchezh/Desktop/tombombadil/TOMBOMBADIL646
647	group_8613	/Users/sanchezh/Desktop/tombombadil/TOMBOMBADIL647
648	group_8610	/Users/sanchezh/Desktop/tombombadil/TOMBOMBADIL648
649	group_8607	/Users/sanchezh/Desktop/tombombadil/TOMBOMBADIL649
650	group_8606	/Users/sanchezh/Desktop/tombombadil/TOMBOMBADIL650
651	folD	/Users/sanchezh/Desktop/tombombadil/TOMBOMBADIL651
652	ydfG	/Users/sanchezh/Desktop/tombombadil/TOMBOMBADIL652
653	group_8593	/Users/sanchezh/Desktop/tombombadil/TOMBOMBADIL653
654	group_8592	/Users/sanchezh/Desktop/tombombadil/TOMBOMBADIL654
655	group_8591	/Users/sanchezh/Desktop/tombombadil/TOMBOMBADIL655
656	group_8586	/Users/sanchezh/Desktop/tombombadil/TOMBOMBADIL656
657	group_8585	/Users/sanchezh/Desktop/tombombadil/TOMBOMBADIL657
658	group_8583	/Users/sanchezh/Desktop/tombombadil/TOMBOMBADIL658
659	group_8582	/Users/sanchezh/Desktop/tombombadil/TOMBOMBADIL659
660	group_8581	/Users/sanchezh/Desktop/tombombadil/TOMBOMBADIL660
661	mnmG	/Users/sanchezh/Desktop/tombombadil/TOMBOMBADIL661
662	group_8579	/Users/sanchezh/Desktop/tombombadil/TOMBOMBADIL662
663	group_8578	/Users/sanchezh/Desktop/tombombadil/TOMBOMBADIL663
664	group_8577	/Users/sanchezh/Desktop/tombombadil/TOMBOMBADIL664
665	group_8575	/Users/sanchezh/Desktop/tombombadil/TOMBOMBADIL665
666	group_8574	/Users/sanchezh/Desktop/tombombadil/TOMBOMBADIL666
667	group_8572	/Users/sanchezh/Desktop/tombombadil/TOMBOMBADIL667
668	group_8570	/Users/sanchezh/Desktop/tombombadil/TOMBOMBADIL668
669	group_8569	/Users/sanchezh/Desktop/tombombadil/TOMBOMBADIL669
670	group_8568	/Users/sanchezh/Desktop/tombombadil/TOMBOMBADIL670
671	group_8563	/Users/sanchezh/Desktop/tombombadil/TOMBOMBADIL671
672	group_8562	/Users/sanchezh/Desktop/tombombadil/TOMBOMBADIL672
673	group_8559	/Users/sanchezh/Desktop/tombombadil/TOMBOMBADIL673
674	group_8557	/Users/sanchezh/Desktop/tombombadil/TOMBOMBADIL674
675	group_8550	/Users/sanchezh/Desktop/tombombadil/TOMBOMBADIL675
676	group_8546	/Users/sanchezh/Desktop/tombombadil/TOMBOMBADIL676
677	group_8538	/Users/sanchezh/Desktop/tombombadil/TOMBOMBADIL677
678	group_8536	/Users/sanchezh/Desktop/tombombadil/TOMBOMBADIL678
679	group_8535	/Users/sanchezh/Desktop/tombombadil/TOMBOMBADIL679
680	group_8534	/Users/sanchezh/Desktop/tombombadil/TOMBOMBADIL680
681	group_8530	/Users/sanchezh/Desktop/tombombadil/TOMBOMBADIL681
682	group_8528	/Users/sanchezh/Desktop/tombombadil/TOMBOMBADIL682
683	group_8526	/Users/sanchezh/Desktop/tombombadil/TOMBOMBADIL683
684	group_8525	/Users/sanchezh/Desktop/tombombadil/TOMBOMBADIL684
685	group_8524	/Users/sanchezh/Desktop/tombombadil/TOMBOMBADIL685
686	group_8523	/Users/sanchezh/Desktop/tombombadil/TOMBOMBADIL686
687	group_8519	/Users/sanchezh/Desktop/tombombadil/TOMBOMBADIL687
688	group_8518	/Users/sanchezh/Desktop/tombombadil/TOMBOMBADIL688
689	group_8517	/Users/sanchezh/Desktop/tombombadil/TOMBOMBADIL689
690	group_8516	/Users/sanchezh/Desktop/tombombadil/TOMBOMBADIL690
691	group_8514	/Users/sanchezh/Desktop/tombombadil/TOMBOMBADIL691
692	doxX	/Users/sanchezh/Desktop/tombombadil/TOMBOMBADIL692
693	group_8512	/Users/sanchezh/Desktop/tombombadil/TOMBOMBADIL693
694	group_8511	/Users/sanchezh/Desktop/tombombadil/TOMBOMBADIL694
695	group_8510	/Users/sanchezh/Desktop/tombombadil/TOMBOMBADIL695
696	group_8503	/Users/sanchezh/Desktop/tombombadil/TOMBOMBADIL696
697	group_8500	/Users/sanchezh/Desktop/tombombadil/TOMBOMBADIL697
698	group_8499	/Users/sanchezh/Desktop/tombombadil/TOMBOMBADIL698
699	group_8498	/Users/sanchezh/Desktop/tombombadil/TOMBOMBADIL699
700	group_8497	/Users/sanchezh/Desktop/tombombadil/TOMBOMBADIL700
701	group_8495	/Users/sanchezh/Desktop/tombombadil/TOMBOMBADIL701
702	group_8494	/Users/sanchezh/Desktop/tombombadil/TOMBOMBADIL702
703	clpB	/Users/sanchezh/Desktop/tombombadil/TOMBOMBADIL703
704	group_8488	/Users/sanchezh/Desktop/tombombadil/TOMBOMBADIL704
705	group_8487	/Users/sanchezh/Desktop/tombombadil/TOMBOMBADIL705
706	group_8484	/Users/sanchezh/Desktop/tombombadil/TOMBOMBADIL706
707	group_8483	/Users/sanchezh/Desktop/tombombadil/TOMBOMBADIL707
708	group_8482	/Users/sanchezh/Desktop/tombombadil/TOMBOMBADIL708
709	group_8477	/Users/sanchezh/Desktop/tombombadil/TOMBOMBADIL709
710	group_8469	/Users/sanchezh/Desktop/tombombadil/TOMBOMBADIL710
711	lptD	/Users/sanchezh/Desktop/tombombadil/TOMBOMBADIL711
712	group_8466	/Users/sanchezh/Desktop/tombombadil/TOMBOMBADIL712
713	group_8464	/Users/sanchezh/Desktop/tombombadil/TOMBOMBADIL713
714	group_8462	/Users/sanchezh/Desktop/tombombadil/TOMBOMBADIL714
715	group_8461	/Users/sanchezh/Desktop/tombombadil/TOMBOMBADIL715
716	group_8460	/Users/sanchezh/Desktop/tombombadil/TOMBOMBADIL716
717	group_8455	/Users/sanchezh/Desktop/tombombadil/TOMBOMBADIL717
718	group_8454	/Users/sanchezh/Desktop/tombombadil/TOMBOMBADIL718
719	rsgA	/Users/sanchezh/Desktop/tombombadil/TOMBOMBADIL719
720	group_8450	/Users/sanchezh/Desktop/tombombadil/TOMBOMBADIL720
721	group_8446	/Users/sanchezh/Desktop/tombombadil/TOMBOMBADIL721
722	group_8445	/Users/sanchezh/Desktop/tombombadil/TOMBOMBADIL722
723	group_8443	/Users/sanchezh/Desktop/tombombadil/TOMBOMBADIL723
724	oprM	/Users/sanchezh/Desktop/tombombadil/TOMBOMBADIL724
725	group_8437	/Users/sanchezh/Desktop/tombombadil/TOMBOMBADIL725
726	group_8436	/Users/sanchezh/Desktop/tombombadil/TOMBOMBADIL726
727	group_8433	/Users/sanchezh/Desktop/tombombadil/TOMBOMBADIL727
728	group_8428	/Users/sanchezh/Desktop/tombombadil/TOMBOMBADIL728
729	group_8427	/Users/sanchezh/Desktop/tombombadil/TOMBOMBADIL729
730	group_8423	/Users/sanchezh/Desktop/tombombadil/TOMBOMBADIL730
731	group_8421	/Users/sanchezh/Desktop/tombombadil/TOMBOMBADIL731
732	group_8419	/Users/sanchezh/Desktop/tombombadil/TOMBOMBADIL732
733	group_8418	/Users/sanchezh/Desktop/tombombadil/TOMBOMBADIL733
734	group_8416	/Users/sanchezh/Desktop/tombombadil/TOMBOMBADIL734
735	group_8410	/Users/sanchezh/Desktop/tombombadil/TOMBOMBADIL735
736	group_8406	/Users/sanchezh/Desktop/tombombadil/TOMBOMBADIL736
737	group_8405	/Users/sanchezh/Desktop/tombombadil/TOMBOMBADIL737
738	group_8392	/Users/sanchezh/Desktop/tombombadil/TOMBOMBADIL738
739	group_8386	/Users/sanchezh/Desktop/tombombadil/TOMBOMBADIL739
740	group_8383	/Users/sanchezh/Desktop/tombombadil/TOMBOMBADIL740
741	rodA	/Users/sanchezh/Desktop/tombombadil/TOMBOMBADIL741
742	group_8381	/Users/sanchezh/Desktop/tombombadil/TOMBOMBADIL742
743	group_8375	/Users/sanchezh/Desktop/tombombadil/TOMBOMBADIL743
744	group_8370	/Users/sanchezh/Desktop/tombombadil/TOMBOMBADIL744
745	group_8369	/Users/sanchezh/Desktop/tombombadil/TOMBOMBADIL745
746	group_8366	/Users/sanchezh/Desktop/tombombadil/TOMBOMBADIL746
747	group_8358	/Users/sanchezh/Desktop/tombombadil/TOMBOMBADIL747
748	group_8357	/Users/sanchezh/Desktop/tombombadil/TOMBOMBADIL748
749	group_8347	/Users/sanchezh/Desktop/tombombadil/TOMBOMBADIL749
750	group_8342	/Users/sanchezh/Desktop/tombombadil/TOMBOMBADIL750
751	group_8340	/Users/sanchezh/Desktop/tombombadil/TOMBOMBADIL751
752	group_8332	/Users/sanchezh/Desktop/tombombadil/TOMBOMBADIL752
753	group_8331	/Users/sanchezh/Desktop/tombombadil/TOMBOMBADIL753
754	group_8330	/Users/sanchezh/Desktop/tombombadil/TOMBOMBADIL754
755	gldA	/Users/sanchezh/Desktop/tombombadil/TOMBOMBADIL755
756	group_8328	/Users/sanchezh/Desktop/tombombadil/TOMBOMBADIL756
757	group_8324	/Users/sanchezh/Desktop/tombombadil/TOMBOMBADIL757
758	group_8318	/Users/sanchezh/Desktop/tombombadil/TOMBOMBADIL758
759	group_8316	/Users/sanchezh/Desktop/tombombadil/TOMBOMBADIL759
760	group_8313	/Users/sanchezh/Desktop/tombombadil/TOMBOMBADIL760
761	group_8311	/Users/sanchezh/Desktop/tombombadil/TOMBOMBADIL761
762	group_8309	/Users/sanchezh/Desktop/tombombadil/TOMBOMBADIL762
763	group_8308	/Users/sanchezh/Desktop/tombombadil/TOMBOMBADIL763
764	group_8300	/Users/sanchezh/Desktop/tombombadil/TOMBOMBADIL764
765	group_8298	/Users/sanchezh/Desktop/tombombadil/TOMBOMBADIL765
766	group_8297	/Users/sanchezh/Desktop/tombombadil/TOMBOMBADIL766
767	dnaA	/Users/sanchezh/Desktop/tombombadil/TOMBOMBADIL767
768	group_8288	/Users/sanchezh/Desktop/tombombadil/TOMBOMBADIL768
769	group_8287	/Users/sanchezh/Desktop/tombombadil/TOMBOMBADIL769
770	group_8285	/Users/sanchezh/Desktop/tombombadil/TOMBOMBADIL770
771	group_8284	/Users/sanchezh/Desktop/tombombadil/TOMBOMBADIL771
772	group_8282	/Users/sanchezh/Desktop/tombombadil/TOMBOMBADIL772
773	group_8281	/Users/sanchezh/Desktop/tombombadil/TOMBOMBADIL773
774	group_8279	/Users/sanchezh/Desktop/tombombadil/TOMBOMBADIL774
775	group_8276	/Users/sanchezh/Desktop/tombombadil/TOMBOMBADIL775
776	group_8273	/Users/sanchezh/Desktop/tombombadil/TOMBOMBADIL776
777	group_8257	/Users/sanchezh/Desktop/tombombadil/TOMBOMBADIL777
778	group_8256	/Users/sanchezh/Desktop/tombombadil/TOMBOMBADIL778
779	group_8254	/Users/sanchezh/Desktop/tombombadil/TOMBOMBADIL779
780	group_8248	/Users/sanchezh/Desktop/tombombadil/TOMBOMBADIL780
781	group_8246	/Users/sanchezh/Desktop/tombombadil/TOMBOMBADIL781
782	group_8234	/Users/sanchezh/Desktop/tombombadil/TOMBOMBADIL782
783	group_8226	/Users/sanchezh/Desktop/tombombadil/TOMBOMBADIL783
784	group_8222	/Users/sanchezh/Desktop/tombombadil/TOMBOMBADIL784
785	group_8219	/Users/sanchezh/Desktop/tombombadil/TOMBOMBADIL785
786	group_8216	/Users/sanchezh/Desktop/tombombadil/TOMBOMBADIL786
787	group_8209	/Users/sanchezh/Desktop/tombombadil/TOMBOMBADIL787
788	group_8207	/Users/sanchezh/Desktop/tombombadil/TOMBOMBADIL788
789	group_8206	/Users/sanchezh/Desktop/tombombadil/TOMBOMBADIL789
790	group_8203	/Users/sanchezh/Desktop/tombombadil/TOMBOMBADIL790
791	group_8202	/Users/sanchezh/Desktop/tombombadil/TOMBOMBADIL791
792	group_8201	/Users/sanchezh/Desktop/tombombadil/TOMBOMBADIL792
793	group_8197	/Users/sanchezh/Desktop/tombombadil/TOMBOMBADIL793
794	group_8191	/Users/sanchezh/Desktop/tombombadil/TOMBOMBADIL794
795	group_8190	/Users/sanchezh/Desktop/tombombadil/TOMBOMBADIL795
796	group_8185	/Users/sanchezh/Desktop/tombombadil/TOMBOMBADIL796
797	group_8184	/Users/sanchezh/Desktop/tombombadil/TOMBOMBADIL797
798	group_8183	/Users/sanchezh/Desktop/tombombadil/TOMBOMBADIL798
799	group_8182	/Users/sanchezh/Desktop/tombombadil/TOMBOMBADIL799
800	group_8180	/Users/sanchezh/Desktop/tombombadil/TOMBOMBADIL800
801	group_8178	/Users/sanchezh/Desktop/tombombadil/TOMBOMBADIL801
802	group_8177	/Users/sanchezh/Desktop/tombombadil/TOMBOMBADIL802
803	group_8175	/Users/sanchezh/Desktop/tombombadil/TOMBOMBADIL803
804	group_8174	/Users/sanchezh/Desktop/tombombadil/TOMBOMBADIL804
805	group_8172	/Users/sanchezh/Desktop/tombombadil/TOMBOMBADIL805
806	group_8170	/Users/sanchezh/Desktop/tombombadil/TOMBOMBADIL806
807	group_8164	/Users/sanchezh/Desktop/tombombadil/TOMBOMBADIL807
808	group_8161	/Users/sanchezh/Desktop/tombombadil/TOMBOMBADIL808
809	group_8159	/Users/sanchezh/Desktop/tombombadil/TOMBOMBADIL809
810	group_8154	/Users/sanchezh/Desktop/tombombadil/TOMBOMBADIL810
811	group_8152	/Users/sanchezh/Desktop/tombombadil/TOMBOMBADIL811
812	group_8148	/Users/sanchezh/Desktop/tombombadil/TOMBOMBADIL812
813	group_8144	/Users/sanchezh/Desktop/tombombadil/TOMBOMBADIL813
814	bamA	/Users/sanchezh/Desktop/tombombadil/TOMBOMBADIL814
815	group_8142	/Users/sanchezh/Desktop/tombombadil/TOMBOMBADIL815
816	group_8138	/Users/sanchezh/Desktop/tombombadil/TOMBOMBADIL816
817	group_8137	/Users/sanchezh/Desktop/tombombadil/TOMBOMBADIL817
818	group_8136	/Users/sanchezh/Desktop/tombombadil/TOMBOMBADIL818
819	group_8135	/Users/sanchezh/Desktop/tombombadil/TOMBOMBADIL819
820	mreC	/Users/sanchezh/Desktop/tombombadil/TOMBOMBADIL820
821	group_8134	/Users/sanchezh/Desktop/tombombadil/TOMBOMBADIL821
822	group_8129	/Users/sanchezh/Desktop/tombombadil/TOMBOMBADIL822
823	group_8127	/Users/sanchezh/Desktop/tombombadil/TOMBOMBADIL823
824	group_8125	/Users/sanchezh/Desktop/tombombadil/TOMBOMBADIL824
825	group_8123	/Users/sanchezh/Desktop/tombombadil/TOMBOMBADIL825
826	group_8120	/Users/sanchezh/Desktop/tombombadil/TOMBOMBADIL826
827	group_8119	/Users/sanchezh/Desktop/tombombadil/TOMBOMBADIL827
828	group_8118	/Users/sanchezh/Desktop/tombombadil/TOMBOMBADIL828
829	group_8116	/Users/sanchezh/Desktop/tombombadil/TOMBOMBADIL829
830	group_8114	/Users/sanchezh/Desktop/tombombadil/TOMBOMBADIL830
831	group_8113	/Users/sanchezh/Desktop/tombombadil/TOMBOMBADIL831
832	group_8111	/Users/sanchezh/Desktop/tombombadil/TOMBOMBADIL832
833	group_8110	/Users/sanchezh/Desktop/tombombadil/TOMBOMBADIL833
834	group_8108	/Users/sanchezh/Desktop/tombombadil/TOMBOMBADIL834
835	group_8107	/Users/sanchezh/Desktop/tombombadil/TOMBOMBADIL835
836	group_8104	/Users/sanchezh/Desktop/tombombadil/TOMBOMBADIL836
837	group_8103	/Users/sanchezh/Desktop/tombombadil/TOMBOMBADIL837
838	group_8101	/Users/sanchezh/Desktop/tombombadil/TOMBOMBADIL838
839	group_8098	/Users/sanchezh/Desktop/tombombadil/TOMBOMBADIL839
840	group_8095	/Users/sanchezh/Desktop/tombombadil/TOMBOMBADIL840
841	group_8086	/Users/sanchezh/Desktop/tombombadil/TOMBOMBADIL841
842	group_8085	/Users/sanchezh/Desktop/tombombadil/TOMBOMBADIL842
843	group_8084	/Users/sanchezh/Desktop/tombombadil/TOMBOMBADIL843
844	group_8079	/Users/sanchezh/Desktop/tombombadil/TOMBOMBADIL844
845	group_8077	/Users/sanchezh/Desktop/tombombadil/TOMBOMBADIL845
846	group_8075	/Users/sanchezh/Desktop/tombombadil/TOMBOMBADIL846
847	group_8074	/Users/sanchezh/Desktop/tombombadil/TOMBOMBADIL847
848	group_8071	/Users/sanchezh/Desktop/tombombadil/TOMBOMBADIL848
849	group_8063	/Users/sanchezh/Desktop/tombombadil/TOMBOMBADIL849
850	group_8062	/Users/sanchezh/Desktop/tombombadil/TOMBOMBADIL850
851	group_8059	/Users/sanchezh/Desktop/tombombadil/TOMBOMBADIL851
852	group_8057	/Users/sanchezh/Desktop/tombombadil/TOMBOMBADIL852
853	group_8056	/Users/sanchezh/Desktop/tombombadil/TOMBOMBADIL853
854	group_8053	/Users/sanchezh/Desktop/tombombadil/TOMBOMBADIL854
855	group_8052	/Users/sanchezh/Desktop/tombombadil/TOMBOMBADIL855
856	group_8050	/Users/sanchezh/Desktop/tombombadil/TOMBOMBADIL856
857	group_8046	/Users/sanchezh/Desktop/tombombadil/TOMBOMBADIL857
858	group_8045	/Users/sanchezh/Desktop/tombombadil/TOMBOMBADIL858
859	group_8042	/Users/sanchezh/Desktop/tombombadil/TOMBOMBADIL859
860	group_8041	/Users/sanchezh/Desktop/tombombadil/TOMBOMBADIL860
861	group_8038	/Users/sanchezh/Desktop/tombombadil/TOMBOMBADIL861
862	group_8033	/Users/sanchezh/Desktop/tombombadil/TOMBOMBADIL862
863	group_8031	/Users/sanchezh/Desktop/tombombadil/TOMBOMBADIL863
864	group_8029	/Users/sanchezh/Desktop/tombombadil/TOMBOMBADIL864
865	group_8028	/Users/sanchezh/Desktop/tombombadil/TOMBOMBADIL865
866	group_8027	/Users/sanchezh/Desktop/tombombadil/TOMBOMBADIL866
867	group_8026	/Users/sanchezh/Desktop/tombombadil/TOMBOMBADIL867
868	group_8024	/Users/sanchezh/Desktop/tombombadil/TOMBOMBADIL868
869	group_8020	/Users/sanchezh/Desktop/tombombadil/TOMBOMBADIL869
870	group_8019	/Users/sanchezh/Desktop/tombombadil/TOMBOMBADIL870
871	group_8018	/Users/sanchezh/Desktop/tombombadil/TOMBOMBADIL871
872	group_8017	/Users/sanchezh/Desktop/tombombadil/TOMBOMBADIL872
873	group_8015	/Users/sanchezh/Desktop/tombombadil/TOMBOMBADIL873
874	group_8013	/Users/sanchezh/Desktop/tombombadil/TOMBOMBADIL874
875	group_8012	/Users/sanchezh/Desktop/tombombadil/TOMBOMBADIL875
876	group_8011	/Users/sanchezh/Desktop/tombombadil/TOMBOMBADIL876
877	group_8009	/Users/sanchezh/Desktop/tombombadil/TOMBOMBADIL877
878	group_8005	/Users/sanchezh/Desktop/tombombadil/TOMBOMBADIL878
879	group_8004	/Users/sanchezh/Desktop/tombombadil/TOMBOMBADIL879
880	group_8003	/Users/sanchezh/Desktop/tombombadil/TOMBOMBADIL880
881	group_8002	/Users/sanchezh/Desktop/tombombadil/TOMBOMBADIL881
882	group_7999	/Users/sanchezh/Desktop/tombombadil/TOMBOMBADIL882
883	group_7995	/Users/sanchezh/Desktop/tombombadil/TOMBOMBADIL883
884	group_7994	/Users/sanchezh/Desktop/tombombadil/TOMBOMBADIL884
885	group_7993	/Users/sanchezh/Desktop/tombombadil/TOMBOMBADIL885
886	group_7987	/Users/sanchezh/Desktop/tombombadil/TOMBOMBADIL886
887	group_7986	/Users/sanchezh/Desktop/tombombadil/TOMBOMBADIL887
888	group_7985	/Users/sanchezh/Desktop/tombombadil/TOMBOMBADIL888
889	group_7984	/Users/sanchezh/Desktop/tombombadil/TOMBOMBADIL889
890	group_7983	/Users/sanchezh/Desktop/tombombadil/TOMBOMBADIL890
891	group_7980	/Users/sanchezh/Desktop/tombombadil/TOMBOMBADIL891
892	group_7978	/Users/sanchezh/Desktop/tombombadil/TOMBOMBADIL892
893	group_7977	/Users/sanchezh/Desktop/tombombadil/TOMBOMBADIL893
894	group_7974	/Users/sanchezh/Desktop/tombombadil/TOMBOMBADIL894
895	group_7973	/Users/sanchezh/Desktop/tombombadil/TOMBOMBADIL895
896	group_7971	/Users/sanchezh/Desktop/tombombadil/TOMBOMBADIL896
897	group_7970	/Users/sanchezh/Desktop/tombombadil/TOMBOMBADIL897
898	group_7969	/Users/sanchezh/Desktop/tombombadil/TOMBOMBADIL898
899	group_7968	/Users/sanchezh/Desktop/tombombadil/TOMBOMBADIL899
900	group_7966	/Users/sanchezh/Desktop/tombombadil/TOMBOMBADIL900
901	group_7964	/Users/sanchezh/Desktop/tombombadil/TOMBOMBADIL901
902	group_7958	/Users/sanchezh/Desktop/tombombadil/TOMBOMBADIL902
903	group_7956	/Users/sanchezh/Desktop/tombombadil/TOMBOMBADIL903
904	group_7954	/Users/sanchezh/Desktop/tombombadil/TOMBOMBADIL904
905	group_7952	/Users/sanchezh/Desktop/tombombadil/TOMBOMBADIL905
906	group_7950	/Users/sanchezh/Desktop/tombombadil/TOMBOMBADIL906
907	group_7948	/Users/sanchezh/Desktop/tombombadil/TOMBOMBADIL907
908	group_7945	/Users/sanchezh/Desktop/tombombadil/TOMBOMBADIL908
909	group_7943	/Users/sanchezh/Desktop/tombombadil/TOMBOMBADIL909
910	group_7942	/Users/sanchezh/Desktop/tombombadil/TOMBOMBADIL910
911	group_7939	/Users/sanchezh/Desktop/tombombadil/TOMBOMBADIL911
912	group_7903	/Users/sanchezh/Desktop/tombombadil/TOMBOMBADIL912
913	group_7892	/Users/sanchezh/Desktop/tombombadil/TOMBOMBADIL913
914	group_7820	/Users/sanchezh/Desktop/tombombadil/TOMBOMBADIL914
915	group_7810	/Users/sanchezh/Desktop/tombombadil/TOMBOMBADIL915
916	group_7808	/Users/sanchezh/Desktop/tombombadil/TOMBOMBADIL916
917	group_7801	/Users/sanchezh/Desktop/tombombadil/TOMBOMBADIL917
918	group_7797	/Users/sanchezh/Desktop/tombombadil/TOMBOMBADIL918
919	group_7791	/Users/sanchezh/Desktop/tombombadil/TOMBOMBADIL919
920	group_7790	/Users/sanchezh/Desktop/tombombadil/TOMBOMBADIL920
921	group_7776	/Users/sanchezh/Desktop/tombombadil/TOMBOMBADIL921
922	group_7775	/Users/sanchezh/Desktop/tombombadil/TOMBOMBADIL922
923	group_7773	/Users/sanchezh/Desktop/tombombadil/TOMBOMBADIL923
924	fabG	/Users/sanchezh/Desktop/tombombadil/TOMBOMBADIL924
925	group_7764	/Users/sanchezh/Desktop/tombombadil/TOMBOMBADIL925
926	group_7763	/Users/sanchezh/Desktop/tombombadil/TOMBOMBADIL926
927	group_7762	/Users/sanchezh/Desktop/tombombadil/TOMBOMBADIL927
928	group_7758	/Users/sanchezh/Desktop/tombombadil/TOMBOMBADIL928
929	group_7751	/Users/sanchezh/Desktop/tombombadil/TOMBOMBADIL929
930	group_7750	/Users/sanchezh/Desktop/tombombadil/TOMBOMBADIL930
931	group_7747	/Users/sanchezh/Desktop/tombombadil/TOMBOMBADIL931
932	group_7745	/Users/sanchezh/Desktop/tombombadil/TOMBOMBADIL932
933	group_7737	/Users/sanchezh/Desktop/tombombadil/TOMBOMBADIL933
934	group_7728	/Users/sanchezh/Desktop/tombombadil/TOMBOMBADIL934
935	group_7720	/Users/sanchezh/Desktop/tombombadil/TOMBOMBADIL935
936	group_7717	/Users/sanchezh/Desktop/tombombadil/TOMBOMBADIL936
937	group_7716	/Users/sanchezh/Desktop/tombombadil/TOMBOMBADIL937
938	group_7708	/Users/sanchezh/Desktop/tombombadil/TOMBOMBADIL938
939	rhlE	/Users/sanchezh/Desktop/tombombadil/TOMBOMBADIL939
940	group_7700	/Users/sanchezh/Desktop/tombombadil/TOMBOMBADIL940
941	group_7686	/Users/sanchezh/Desktop/tombombadil/TOMBOMBADIL941
942	group_7682	/Users/sanchezh/Desktop/tombombadil/TOMBOMBADIL942
943	group_7669	/Users/sanchezh/Desktop/tombombadil/TOMBOMBADIL943
944	group_7666	/Users/sanchezh/Desktop/tombombadil/TOMBOMBADIL944
945	group_7659	/Users/sanchezh/Desktop/tombombadil/TOMBOMBADIL945
946	group_7653	/Users/sanchezh/Desktop/tombombadil/TOMBOMBADIL946
947	group_7642	/Users/sanchezh/Desktop/tombombadil/TOMBOMBADIL947
948	group_7634	/Users/sanchezh/Desktop/tombombadil/TOMBOMBADIL948
949	group_7628	/Users/sanchezh/Desktop/tombombadil/TOMBOMBADIL949
950	group_7627	/Users/sanchezh/Desktop/tombombadil/TOMBOMBADIL950
951	group_7625	/Users/sanchezh/Desktop/tombombadil/TOMBOMBADIL951
952	group_7623	/Users/sanchezh/Desktop/tombombadil/TOMBOMBADIL952
953	group_7622	/Users/sanchezh/Desktop/tombombadil/TOMBOMBADIL953
954	group_7621	/Users/sanchezh/Desktop/tombombadil/TOMBOMBADIL954
955	group_7603	/Users/sanchezh/Desktop/tombombadil/TOMBOMBADIL955
956	group_7601	/Users/sanchezh/Desktop/tombombadil/TOMBOMBADIL956
957	potA	/Users/sanchezh/Desktop/tombombadil/TOMBOMBADIL957
958	group_7598	/Users/sanchezh/Desktop/tombombadil/TOMBOMBADIL958
959	group_7597	/Users/sanchezh/Desktop/tombombadil/TOMBOMBADIL959
960	group_7596	/Users/sanchezh/Desktop/tombombadil/TOMBOMBADIL960
961	group_7594	/Users/sanchezh/Desktop/tombombadil/TOMBOMBADIL961
962	group_7569	/Users/sanchezh/Desktop/tombombadil/TOMBOMBADIL962
963	group_7562	/Users/sanchezh/Desktop/tombombadil/TOMBOMBADIL963
964	group_7557	/Users/sanchezh/Desktop/tombombadil/TOMBOMBADIL964
965	ppaX	/Users/sanchezh/Desktop/tombombadil/TOMBOMBADIL965
966	group_7548	/Users/sanchezh/Desktop/tombombadil/TOMBOMBADIL966
967	group_7547	/Users/sanchezh/Desktop/tombombadil/TOMBOMBADIL967
968	group_7546	/Users/sanchezh/Desktop/tombombadil/TOMBOMBADIL968
969	group_7545	/Users/sanchezh/Desktop/tombombadil/TOMBOMBADIL969
970	group_7534	/Users/sanchezh/Desktop/tombombadil/TOMBOMBADIL970
971	group_7530	/Users/sanchezh/Desktop/tombombadil/TOMBOMBADIL971
972	group_7523	/Users/sanchezh/Desktop/tombombadil/TOMBOMBADIL972
973	group_7522	/Users/sanchezh/Desktop/tombombadil/TOMBOMBADIL973
974	group_7519	/Users/sanchezh/Desktop/tombombadil/TOMBOMBADIL974
975	group_7510	/Users/sanchezh/Desktop/tombombadil/TOMBOMBADIL975
976	group_7502	/Users/sanchezh/Desktop/tombombadil/TOMBOMBADIL976
977	group_7501	/Users/sanchezh/Desktop/tombombadil/TOMBOMBADIL977
978	group_7500	/Users/sanchezh/Desktop/tombombadil/TOMBOMBADIL978
979	group_7499	/Users/sanchezh/Desktop/tombombadil/TOMBOMBADIL979
980	group_7498	/Users/sanchezh/Desktop/tombombadil/TOMBOMBADIL980
981	group_7497	/Users/sanchezh/Desktop/tombombadil/TOMBOMBADIL981
982	group_7492	/Users/sanchezh/Desktop/tombombadil/TOMBOMBADIL982
983	group_7486	/Users/sanchezh/Desktop/tombombadil/TOMBOMBADIL983
984	group_7478	/Users/sanchezh/Desktop/tombombadil/TOMBOMBADIL984
985	group_7476	/Users/sanchezh/Desktop/tombombadil/TOMBOMBADIL985
986	group_7462	/Users/sanchezh/Desktop/tombombadil/TOMBOMBADIL986
987	group_7461	/Users/sanchezh/Desktop/tombombadil/TOMBOMBADIL987
988	group_7460	/Users/sanchezh/Desktop/tombombadil/TOMBOMBADIL988
989	greA	/Users/sanchezh/Desktop/tombombadil/TOMBOMBADIL989
990	group_7450	/Users/sanchezh/Desktop/tombombadil/TOMBOMBADIL990
991	group_7439	/Users/sanchezh/Desktop/tombombadil/TOMBOMBADIL991
992	group_7438	/Users/sanchezh/Desktop/tombombadil/TOMBOMBADIL992
993	group_7436	/Users/sanchezh/Desktop/tombombadil/TOMBOMBADIL993
994	group_7416	/Users/sanchezh/Desktop/tombombadil/TOMBOMBADIL994
995	group_7411	/Users/sanchezh/Desktop/tombombadil/TOMBOMBADIL995
996	group_7410	/Users/sanchezh/Desktop/tombombadil/TOMBOMBADIL996
997	yfiO	/Users/sanchezh/Desktop/tombombadil/TOMBOMBADIL997
998	group_7398	/Users/sanchezh/Desktop/tombombadil/TOMBOMBADIL998
999	group_7392	/Users/sanchezh/Desktop/tombombadil/TOMBOMBADIL999
1000	group_7389	/Users/sanchezh/Desktop/tombombadil/TOMBOMBADIL1000
1001	group_7388	/Users/sanchezh/Desktop/tombombadil/TOMBOMBADIL1001
1002	group_7380	/Users/sanchezh/Desktop/tombombadil/TOMBOMBADIL1002
1003	group_7379	/Users/sanchezh/Desktop/tombombadil/TOMBOMBADIL1003
1004	group_7372	/Users/sanchezh/Desktop/tombombadil/TOMBOMBADIL1004
1005	group_7371	/Users/sanchezh/Desktop/tombombadil/TOMBOMBADIL1005
1006	group_7365	/Users/sanchezh/Desktop/tombombadil/TOMBOMBADIL1006
1007	group_7364	/Users/sanchezh/Desktop/tombombadil/TOMBOMBADIL1007
1008	group_7360	/Users/sanchezh/Desktop/tombombadil/TOMBOMBADIL1008
1009	group_7357	/Users/sanchezh/Desktop/tombombadil/TOMBOMBADIL1009
1010	group_7354	/Users/sanchezh/Desktop/tombombadil/TOMBOMBADIL1010
1011	group_7341	/Users/sanchezh/Desktop/tombombadil/TOMBOMBADIL1011
1012	group_7339	/Users/sanchezh/Desktop/tombombadil/TOMBOMBADIL1012
1013	group_7337	/Users/sanchezh/Desktop/tombombadil/TOMBOMBADIL1013
1014	group_7335	/Users/sanchezh/Desktop/tombombadil/TOMBOMBADIL1014
1015	group_7328	/Users/sanchezh/Desktop/tombombadil/TOMBOMBADIL1015
1016	group_7323	/Users/sanchezh/Desktop/tombombadil/TOMBOMBADIL1016
1017	group_7322	/Users/sanchezh/Desktop/tombombadil/TOMBOMBADIL1017
1018	group_7320	/Users/sanchezh/Desktop/tombombadil/TOMBOMBADIL1018
1019	group_7318	/Users/sanchezh/Desktop/tombombadil/TOMBOMBADIL1019
1020	group_7316	/Users/sanchezh/Desktop/tombombadil/TOMBOMBADIL1020
1021	group_7306	/Users/sanchezh/Desktop/tombombadil/TOMBOMBADIL1021
1022	group_7302	/Users/sanchezh/Desktop/tombombadil/TOMBOMBADIL1022
1023	group_7300	/Users/sanchezh/Desktop/tombombadil/TOMBOMBADIL1023
1024	group_7299	/Users/sanchezh/Desktop/tombombadil/TOMBOMBADIL1024
1025	group_7298	/Users/sanchezh/Desktop/tombombadil/TOMBOMBADIL1025
1026	group_7297	/Users/sanchezh/Desktop/tombombadil/TOMBOMBADIL1026
1027	group_7292	/Users/sanchezh/Desktop/tombombadil/TOMBOMBADIL1027
1028	group_7285	/Users/sanchezh/Desktop/tombombadil/TOMBOMBADIL1028
1029	group_7284	/Users/sanchezh/Desktop/tombombadil/TOMBOMBADIL1029
1030	group_7283	/Users/sanchezh/Desktop/tombombadil/TOMBOMBADIL1030
1031	group_7281	/Users/sanchezh/Desktop/tombombadil/TOMBOMBADIL1031
1032	group_7278	/Users/sanchezh/Desktop/tombombadil/TOMBOMBADIL1032
1033	group_7273	/Users/sanchezh/Desktop/tombombadil/TOMBOMBADIL1033
1034	group_7272	/Users/sanchezh/Desktop/tombombadil/TOMBOMBADIL1034
1035	group_7270	/Users/sanchezh/Desktop/tombombadil/TOMBOMBADIL1035
1036	group_7267	/Users/sanchezh/Desktop/tombombadil/TOMBOMBADIL1036
1037	mauE	/Users/sanchezh/Desktop/tombombadil/TOMBOMBADIL1037
1038	group_7262	/Users/sanchezh/Desktop/tombombadil/TOMBOMBADIL1038
1039	group_7256	/Users/sanchezh/Desktop/tombombadil/TOMBOMBADIL1039
1040	group_7254	/Users/sanchezh/Desktop/tombombadil/TOMBOMBADIL1040
1041	group_7252	/Users/sanchezh/Desktop/tombombadil/TOMBOMBADIL1041
1042	group_7250	/Users/sanchezh/Desktop/tombombadil/TOMBOMBADIL1042
1043	group_7248	/Users/sanchezh/Desktop/tombombadil/TOMBOMBADIL1043
1044	group_7246	/Users/sanchezh/Desktop/tombombadil/TOMBOMBADIL1044
1045	group_7245	/Users/sanchezh/Desktop/tombombadil/TOMBOMBADIL1045
1046	group_7233	/Users/sanchezh/Desktop/tombombadil/TOMBOMBADIL1046
1047	group_7231	/Users/sanchezh/Desktop/tombombadil/TOMBOMBADIL1047
1048	group_7230	/Users/sanchezh/Desktop/tombombadil/TOMBOMBADIL1048
1049	group_7220	/Users/sanchezh/Desktop/tombombadil/TOMBOMBADIL1049
1050	group_7214	/Users/sanchezh/Desktop/tombombadil/TOMBOMBADIL1050
1051	group_7213	/Users/sanchezh/Desktop/tombombadil/TOMBOMBADIL1051
1052	group_7210	/Users/sanchezh/Desktop/tombombadil/TOMBOMBADIL1052
1053	group_7195	/Users/sanchezh/Desktop/tombombadil/TOMBOMBADIL1053
1054	group_7194	/Users/sanchezh/Desktop/tombombadil/TOMBOMBADIL1054
1055	group_7192	/Users/sanchezh/Desktop/tombombadil/TOMBOMBADIL1055
1056	group_7191	/Users/sanchezh/Desktop/tombombadil/TOMBOMBADIL1056
1057	group_7189	/Users/sanchezh/Desktop/tombombadil/TOMBOMBADIL1057
1058	group_7188	/Users/sanchezh/Desktop/tombombadil/TOMBOMBADIL1058
1059	hisF	/Users/sanchezh/Desktop/tombombadil/TOMBOMBADIL1059
1060	group_7187	/Users/sanchezh/Desktop/tombombadil/TOMBOMBADIL1060
1061	group_7186	/Users/sanchezh/Desktop/tombombadil/TOMBOMBADIL1061
1062	group_7185	/Users/sanchezh/Desktop/tombombadil/TOMBOMBADIL1062
1063	group_7184	/Users/sanchezh/Desktop/tombombadil/TOMBOMBADIL1063
1064	group_7179	/Users/sanchezh/Desktop/tombombadil/TOMBOMBADIL1064
1065	recR	/Users/sanchezh/Desktop/tombombadil/TOMBOMBADIL1065
1066	group_7178	/Users/sanchezh/Desktop/tombombadil/TOMBOMBADIL1066
1067	group_7174	/Users/sanchezh/Desktop/tombombadil/TOMBOMBADIL1067
1068	group_7159	/Users/sanchezh/Desktop/tombombadil/TOMBOMBADIL1068
1069	group_7158	/Users/sanchezh/Desktop/tombombadil/TOMBOMBADIL1069
1070	group_7156	/Users/sanchezh/Desktop/tombombadil/TOMBOMBADIL1070
1071	group_7155	/Users/sanchezh/Desktop/tombombadil/TOMBOMBADIL1071
1072	group_7152	/Users/sanchezh/Desktop/tombombadil/TOMBOMBADIL1072
1073	group_7150	/Users/sanchezh/Desktop/tombombadil/TOMBOMBADIL1073
1074	group_7147	/Users/sanchezh/Desktop/tombombadil/TOMBOMBADIL1074
1075	group_7146	/Users/sanchezh/Desktop/tombombadil/TOMBOMBADIL1075
1076	group_7143	/Users/sanchezh/Desktop/tombombadil/TOMBOMBADIL1076
1077	group_7139	/Users/sanchezh/Desktop/tombombadil/TOMBOMBADIL1077
1078	group_7136	/Users/sanchezh/Desktop/tombombadil/TOMBOMBADIL1078
1079	group_7129	/Users/sanchezh/Desktop/tombombadil/TOMBOMBADIL1079
1080	group_7126	/Users/sanchezh/Desktop/tombombadil/TOMBOMBADIL1080
1081	group_7125	/Users/sanchezh/Desktop/tombombadil/TOMBOMBADIL1081
1082	group_7124	/Users/sanchezh/Desktop/tombombadil/TOMBOMBADIL1082
1083	group_7123	/Users/sanchezh/Desktop/tombombadil/TOMBOMBADIL1083
1084	group_7120	/Users/sanchezh/Desktop/tombombadil/TOMBOMBADIL1084
1085	group_7119	/Users/sanchezh/Desktop/tombombadil/TOMBOMBADIL1085
1086	group_7117	/Users/sanchezh/Desktop/tombombadil/TOMBOMBADIL1086
1087	group_7115	/Users/sanchezh/Desktop/tombombadil/TOMBOMBADIL1087
1088	group_7114	/Users/sanchezh/Desktop/tombombadil/TOMBOMBADIL1088
1089	group_7113	/Users/sanchezh/Desktop/tombombadil/TOMBOMBADIL1089
1090	group_7107	/Users/sanchezh/Desktop/tombombadil/TOMBOMBADIL1090
1091	group_7102	/Users/sanchezh/Desktop/tombombadil/TOMBOMBADIL1091
1092	group_7100	/Users/sanchezh/Desktop/tombombadil/TOMBOMBADIL1092
1093	group_7094	/Users/sanchezh/Desktop/tombombadil/TOMBOMBADIL1093
1094	group_7088	/Users/sanchezh/Desktop/tombombadil/TOMBOMBADIL1094
1095	pstB	/Users/sanchezh/Desktop/tombombadil/TOMBOMBADIL1095
1096	group_7084	/Users/sanchezh/Desktop/tombombadil/TOMBOMBADIL1096
1097	group_7083	/Users/sanchezh/Desktop/tombombadil/TOMBOMBADIL1097
1098	group_7082	/Users/sanchezh/Desktop/tombombadil/TOMBOMBADIL1098
1099	group_7080	/Users/sanchezh/Desktop/tombombadil/TOMBOMBADIL1099
1100	group_7079	/Users/sanchezh/Desktop/tombombadil/TOMBOMBADIL1100
1101	group_7078	/Users/sanchezh/Desktop/tombombadil/TOMBOMBADIL1101
1102	group_7077	/Users/sanchezh/Desktop/tombombadil/TOMBOMBADIL1102
1103	yabD	/Users/sanchezh/Desktop/tombombadil/TOMBOMBADIL1103
1104	group_7076	/Users/sanchezh/Desktop/tombombadil/TOMBOMBADIL1104
1105	group_7072	/Users/sanchezh/Desktop/tombombadil/TOMBOMBADIL1105
1106	mecI	/Users/sanchezh/Desktop/tombombadil/TOMBOMBADIL1106
1107	group_7068	/Users/sanchezh/Desktop/tombombadil/TOMBOMBADIL1107
1108	group_7065	/Users/sanchezh/Desktop/tombombadil/TOMBOMBADIL1108
1109	group_7064	/Users/sanchezh/Desktop/tombombadil/TOMBOMBADIL1109
1110	group_7063	/Users/sanchezh/Desktop/tombombadil/TOMBOMBADIL1110
1111	group_7056	/Users/sanchezh/Desktop/tombombadil/TOMBOMBADIL1111
1112	group_7053	/Users/sanchezh/Desktop/tombombadil/TOMBOMBADIL1112
1113	group_7052	/Users/sanchezh/Desktop/tombombadil/TOMBOMBADIL1113
1114	group_7047	/Users/sanchezh/Desktop/tombombadil/TOMBOMBADIL1114
1115	group_7046	/Users/sanchezh/Desktop/tombombadil/TOMBOMBADIL1115
1116	group_7040	/Users/sanchezh/Desktop/tombombadil/TOMBOMBADIL1116
1117	group_7035	/Users/sanchezh/Desktop/tombombadil/TOMBOMBADIL1117
1118	group_7034	/Users/sanchezh/Desktop/tombombadil/TOMBOMBADIL1118
1119	sufD	/Users/sanchezh/Desktop/tombombadil/TOMBOMBADIL1119
1120	group_7020	/Users/sanchezh/Desktop/tombombadil/TOMBOMBADIL1120
1121	group_7019	/Users/sanchezh/Desktop/tombombadil/TOMBOMBADIL1121
1122	group_7018	/Users/sanchezh/Desktop/tombombadil/TOMBOMBADIL1122
1123	group_7017	/Users/sanchezh/Desktop/tombombadil/TOMBOMBADIL1123
1124	group_7015	/Users/sanchezh/Desktop/tombombadil/TOMBOMBADIL1124
1125	group_7014	/Users/sanchezh/Desktop/tombombadil/TOMBOMBADIL1125
1126	group_7011	/Users/sanchezh/Desktop/tombombadil/TOMBOMBADIL1126
1127	group_7008	/Users/sanchezh/Desktop/tombombadil/TOMBOMBADIL1127
1128	parB	/Users/sanchezh/Desktop/tombombadil/TOMBOMBADIL1128
1129	group_7004	/Users/sanchezh/Desktop/tombombadil/TOMBOMBADIL1129
1130	group_7000	/Users/sanchezh/Desktop/tombombadil/TOMBOMBADIL1130
1131	group_6997	/Users/sanchezh/Desktop/tombombadil/TOMBOMBADIL1131
1132	group_6996	/Users/sanchezh/Desktop/tombombadil/TOMBOMBADIL1132
1133	group_6991	/Users/sanchezh/Desktop/tombombadil/TOMBOMBADIL1133
1134	group_6986	/Users/sanchezh/Desktop/tombombadil/TOMBOMBADIL1134
1135	group_6984	/Users/sanchezh/Desktop/tombombadil/TOMBOMBADIL1135
1136	group_6982	/Users/sanchezh/Desktop/tombombadil/TOMBOMBADIL1136
1137	group_6981	/Users/sanchezh/Desktop/tombombadil/TOMBOMBADIL1137
1138	group_6978	/Users/sanchezh/Desktop/tombombadil/TOMBOMBADIL1138
1139	group_6977	/Users/sanchezh/Desktop/tombombadil/TOMBOMBADIL1139
1140	group_6976	/Users/sanchezh/Desktop/tombombadil/TOMBOMBADIL1140
1141	group_6975	/Users/sanchezh/Desktop/tombombadil/TOMBOMBADIL1141
1142	group_6973	/Users/sanchezh/Desktop/tombombadil/TOMBOMBADIL1142
1143	group_6972	/Users/sanchezh/Desktop/tombombadil/TOMBOMBADIL1143
1144	group_6970	/Users/sanchezh/Desktop/tombombadil/TOMBOMBADIL1144
1145	group_6968	/Users/sanchezh/Desktop/tombombadil/TOMBOMBADIL1145
1146	group_6967	/Users/sanchezh/Desktop/tombombadil/TOMBOMBADIL1146
1147	group_6965	/Users/sanchezh/Desktop/tombombadil/TOMBOMBADIL1147
1148	group_6961	/Users/sanchezh/Desktop/tombombadil/TOMBOMBADIL1148
1149	tsaE	/Users/sanchezh/Desktop/tombombadil/TOMBOMBADIL1149
1150	group_6955	/Users/sanchezh/Desktop/tombombadil/TOMBOMBADIL1150
1151	group_6952	/Users/sanchezh/Desktop/tombombadil/TOMBOMBADIL1151
1152	group_6946	/Users/sanchezh/Desktop/tombombadil/TOMBOMBADIL1152
1153	group_6944	/Users/sanchezh/Desktop/tombombadil/TOMBOMBADIL1153
1154	group_6943	/Users/sanchezh/Desktop/tombombadil/TOMBOMBADIL1154
1155	group_6941	/Users/sanchezh/Desktop/tombombadil/TOMBOMBADIL1155
1156	group_6939	/Users/sanchezh/Desktop/tombombadil/TOMBOMBADIL1156
1157	group_6938	/Users/sanchezh/Desktop/tombombadil/TOMBOMBADIL1157
1158	group_6936	/Users/sanchezh/Desktop/tombombadil/TOMBOMBADIL1158
1159	group_6935	/Users/sanchezh/Desktop/tombombadil/TOMBOMBADIL1159
1160	group_6934	/Users/sanchezh/Desktop/tombombadil/TOMBOMBADIL1160
1161	group_6931	/Users/sanchezh/Desktop/tombombadil/TOMBOMBADIL1161
1162	group_6930	/Users/sanchezh/Desktop/tombombadil/TOMBOMBADIL1162
1163	group_6927	/Users/sanchezh/Desktop/tombombadil/TOMBOMBADIL1163
1164	group_6920	/Users/sanchezh/Desktop/tombombadil/TOMBOMBADIL1164
1165	group_6918	/Users/sanchezh/Desktop/tombombadil/TOMBOMBADIL1165
1166	group_6917	/Users/sanchezh/Desktop/tombombadil/TOMBOMBADIL1166
1167	hisH	/Users/sanchezh/Desktop/tombombadil/TOMBOMBADIL1167
1168	group_6911	/Users/sanchezh/Desktop/tombombadil/TOMBOMBADIL1168
1169	group_6910	/Users/sanchezh/Desktop/tombombadil/TOMBOMBADIL1169
1170	group_6909	/Users/sanchezh/Desktop/tombombadil/TOMBOMBADIL1170
1171	group_6907	/Users/sanchezh/Desktop/tombombadil/TOMBOMBADIL1171
1172	group_6906	/Users/sanchezh/Desktop/tombombadil/TOMBOMBADIL1172
1173	group_6905	/Users/sanchezh/Desktop/tombombadil/TOMBOMBADIL1173
1174	group_6900	/Users/sanchezh/Desktop/tombombadil/TOMBOMBADIL1174
1175	group_6898	/Users/sanchezh/Desktop/tombombadil/TOMBOMBADIL1175
1176	group_6894	/Users/sanchezh/Desktop/tombombadil/TOMBOMBADIL1176
1177	group_6893	/Users/sanchezh/Desktop/tombombadil/TOMBOMBADIL1177
1178	group_6892	/Users/sanchezh/Desktop/tombombadil/TOMBOMBADIL1178
1179	group_6890	/Users/sanchezh/Desktop/tombombadil/TOMBOMBADIL1179
1180	group_6889	/Users/sanchezh/Desktop/tombombadil/TOMBOMBADIL1180
1181	group_6887	/Users/sanchezh/Desktop/tombombadil/TOMBOMBADIL1181
1182	group_6886	/Users/sanchezh/Desktop/tombombadil/TOMBOMBADIL1182
1183	group_6885	/Users/sanchezh/Desktop/tombombadil/TOMBOMBADIL1183
1184	group_6882	/Users/sanchezh/Desktop/tombombadil/TOMBOMBADIL1184
1185	uvrD2	/Users/sanchezh/Desktop/tombombadil/TOMBOMBADIL1185
1186	group_6879	/Users/sanchezh/Desktop/tombombadil/TOMBOMBADIL1186
1187	group_6876	/Users/sanchezh/Desktop/tombombadil/TOMBOMBADIL1187
1188	group_6875	/Users/sanchezh/Desktop/tombombadil/TOMBOMBADIL1188
1189	group_6874	/Users/sanchezh/Desktop/tombombadil/TOMBOMBADIL1189
1190	ruvA	/Users/sanchezh/Desktop/tombombadil/TOMBOMBADIL1190
1191	group_6870	/Users/sanchezh/Desktop/tombombadil/TOMBOMBADIL1191
1192	group_6866	/Users/sanchezh/Desktop/tombombadil/TOMBOMBADIL1192
1193	group_6853	/Users/sanchezh/Desktop/tombombadil/TOMBOMBADIL1193
1194	group_6850	/Users/sanchezh/Desktop/tombombadil/TOMBOMBADIL1194
1195	group_6846	/Users/sanchezh/Desktop/tombombadil/TOMBOMBADIL1195
1196	group_6844	/Users/sanchezh/Desktop/tombombadil/TOMBOMBADIL1196
1197	group_6832	/Users/sanchezh/Desktop/tombombadil/TOMBOMBADIL1197
1198	group_6828	/Users/sanchezh/Desktop/tombombadil/TOMBOMBADIL1198
1199	group_6824	/Users/sanchezh/Desktop/tombombadil/TOMBOMBADIL1199
1200	group_6823	/Users/sanchezh/Desktop/tombombadil/TOMBOMBADIL1200
1201	group_6818	/Users/sanchezh/Desktop/tombombadil/TOMBOMBADIL1201
1202	group_6817	/Users/sanchezh/Desktop/tombombadil/TOMBOMBADIL1202
1203	group_6816	/Users/sanchezh/Desktop/tombombadil/TOMBOMBADIL1203
1204	estD	/Users/sanchezh/Desktop/tombombadil/TOMBOMBADIL1204
1205	group_6815	/Users/sanchezh/Desktop/tombombadil/TOMBOMBADIL1205
1206	group_6812	/Users/sanchezh/Desktop/tombombadil/TOMBOMBADIL1206
1207	group_6807	/Users/sanchezh/Desktop/tombombadil/TOMBOMBADIL1207
1208	group_6802	/Users/sanchezh/Desktop/tombombadil/TOMBOMBADIL1208
1209	group_6795	/Users/sanchezh/Desktop/tombombadil/TOMBOMBADIL1209
1210	group_6794	/Users/sanchezh/Desktop/tombombadil/TOMBOMBADIL1210
1211	group_6791	/Users/sanchezh/Desktop/tombombadil/TOMBOMBADIL1211
1212	group_6789	/Users/sanchezh/Desktop/tombombadil/TOMBOMBADIL1212
1213	group_6787	/Users/sanchezh/Desktop/tombombadil/TOMBOMBADIL1213
1214	group_6783	/Users/sanchezh/Desktop/tombombadil/TOMBOMBADIL1214
1215	group_6780	/Users/sanchezh/Desktop/tombombadil/TOMBOMBADIL1215
1216	group_6779	/Users/sanchezh/Desktop/tombombadil/TOMBOMBADIL1216
1217	group_6778	/Users/sanchezh/Desktop/tombombadil/TOMBOMBADIL1217
1218	group_6776	/Users/sanchezh/Desktop/tombombadil/TOMBOMBADIL1218
1219	group_6773	/Users/sanchezh/Desktop/tombombadil/TOMBOMBADIL1219
1220	group_6771	/Users/sanchezh/Desktop/tombombadil/TOMBOMBADIL1220
1221	group_6767	/Users/sanchezh/Desktop/tombombadil/TOMBOMBADIL1221
1222	group_6766	/Users/sanchezh/Desktop/tombombadil/TOMBOMBADIL1222
1223	group_6764	/Users/sanchezh/Desktop/tombombadil/TOMBOMBADIL1223
1224	group_6761	/Users/sanchezh/Desktop/tombombadil/TOMBOMBADIL1224
1225	group_6760	/Users/sanchezh/Desktop/tombombadil/TOMBOMBADIL1225
1226	nifU	/Users/sanchezh/Desktop/tombombadil/TOMBOMBADIL1226
1227	group_6751	/Users/sanchezh/Desktop/tombombadil/TOMBOMBADIL1227
1228	group_6750	/Users/sanchezh/Desktop/tombombadil/TOMBOMBADIL1228
1229	group_6749	/Users/sanchezh/Desktop/tombombadil/TOMBOMBADIL1229
1230	group_6747	/Users/sanchezh/Desktop/tombombadil/TOMBOMBADIL1230
1231	group_6745	/Users/sanchezh/Desktop/tombombadil/TOMBOMBADIL1231
1232	group_6740	/Users/sanchezh/Desktop/tombombadil/TOMBOMBADIL1232
1233	group_6738	/Users/sanchezh/Desktop/tombombadil/TOMBOMBADIL1233
1234	group_6736	/Users/sanchezh/Desktop/tombombadil/TOMBOMBADIL1234
1235	group_6735	/Users/sanchezh/Desktop/tombombadil/TOMBOMBADIL1235
1236	group_6734	/Users/sanchezh/Desktop/tombombadil/TOMBOMBADIL1236
1237	group_6731	/Users/sanchezh/Desktop/tombombadil/TOMBOMBADIL1237
1238	cobD	/Users/sanchezh/Desktop/tombombadil/TOMBOMBADIL1238
1239	group_6720	/Users/sanchezh/Desktop/tombombadil/TOMBOMBADIL1239
1240	group_6719	/Users/sanchezh/Desktop/tombombadil/TOMBOMBADIL1240
1241	group_6713	/Users/sanchezh/Desktop/tombombadil/TOMBOMBADIL1241
1242	group_6707	/Users/sanchezh/Desktop/tombombadil/TOMBOMBADIL1242
1243	group_6705	/Users/sanchezh/Desktop/tombombadil/TOMBOMBADIL1243
1244	group_6697	/Users/sanchezh/Desktop/tombombadil/TOMBOMBADIL1244
1245	group_6696	/Users/sanchezh/Desktop/tombombadil/TOMBOMBADIL1245
1246	group_6693	/Users/sanchezh/Desktop/tombombadil/TOMBOMBADIL1246
1247	group_6688	/Users/sanchezh/Desktop/tombombadil/TOMBOMBADIL1247
1248	group_6683	/Users/sanchezh/Desktop/tombombadil/TOMBOMBADIL1248
1249	group_6679	/Users/sanchezh/Desktop/tombombadil/TOMBOMBADIL1249
1250	group_6675	/Users/sanchezh/Desktop/tombombadil/TOMBOMBADIL1250
1251	group_6674	/Users/sanchezh/Desktop/tombombadil/TOMBOMBADIL1251
1252	group_6673	/Users/sanchezh/Desktop/tombombadil/TOMBOMBADIL1252
1253	group_6668	/Users/sanchezh/Desktop/tombombadil/TOMBOMBADIL1253
1254	group_6666	/Users/sanchezh/Desktop/tombombadil/TOMBOMBADIL1254
1255	group_6664	/Users/sanchezh/Desktop/tombombadil/TOMBOMBADIL1255
1256	group_6663	/Users/sanchezh/Desktop/tombombadil/TOMBOMBADIL1256
1257	group_6662	/Users/sanchezh/Desktop/tombombadil/TOMBOMBADIL1257
1258	group_6660	/Users/sanchezh/Desktop/tombombadil/TOMBOMBADIL1258
1259	group_6656	/Users/sanchezh/Desktop/tombombadil/TOMBOMBADIL1259
1260	group_6655	/Users/sanchezh/Desktop/tombombadil/TOMBOMBADIL1260
1261	group_6649	/Users/sanchezh/Desktop/tombombadil/TOMBOMBADIL1261
1262	group_6648	/Users/sanchezh/Desktop/tombombadil/TOMBOMBADIL1262
1263	group_6640	/Users/sanchezh/Desktop/tombombadil/TOMBOMBADIL1263
1264	group_6636	/Users/sanchezh/Desktop/tombombadil/TOMBOMBADIL1264
1265	group_6633	/Users/sanchezh/Desktop/tombombadil/TOMBOMBADIL1265
1266	group_6632	/Users/sanchezh/Desktop/tombombadil/TOMBOMBADIL1266
1267	group_6629	/Users/sanchezh/Desktop/tombombadil/TOMBOMBADIL1267
1268	group_6626	/Users/sanchezh/Desktop/tombombadil/TOMBOMBADIL1268
1269	group_6625	/Users/sanchezh/Desktop/tombombadil/TOMBOMBADIL1269
1270	group_6622	/Users/sanchezh/Desktop/tombombadil/TOMBOMBADIL1270
1271	group_6618	/Users/sanchezh/Desktop/tombombadil/TOMBOMBADIL1271
1272	group_6617	/Users/sanchezh/Desktop/tombombadil/TOMBOMBADIL1272
1273	group_6610	/Users/sanchezh/Desktop/tombombadil/TOMBOMBADIL1273
1274	group_6601	/Users/sanchezh/Desktop/tombombadil/TOMBOMBADIL1274
1275	group_6597	/Users/sanchezh/Desktop/tombombadil/TOMBOMBADIL1275
1276	group_6596	/Users/sanchezh/Desktop/tombombadil/TOMBOMBADIL1276
1277	group_6586	/Users/sanchezh/Desktop/tombombadil/TOMBOMBADIL1277
1278	group_6583	/Users/sanchezh/Desktop/tombombadil/TOMBOMBADIL1278
1279	group_6580	/Users/sanchezh/Desktop/tombombadil/TOMBOMBADIL1279
1280	group_6578	/Users/sanchezh/Desktop/tombombadil/TOMBOMBADIL1280
1281	group_6577	/Users/sanchezh/Desktop/tombombadil/TOMBOMBADIL1281
1282	group_6575	/Users/sanchezh/Desktop/tombombadil/TOMBOMBADIL1282
1283	group_6574	/Users/sanchezh/Desktop/tombombadil/TOMBOMBADIL1283
1284	group_6572	/Users/sanchezh/Desktop/tombombadil/TOMBOMBADIL1284
1285	group_6571	/Users/sanchezh/Desktop/tombombadil/TOMBOMBADIL1285
1286	group_6570	/Users/sanchezh/Desktop/tombombadil/TOMBOMBADIL1286
1287	group_6569	/Users/sanchezh/Desktop/tombombadil/TOMBOMBADIL1287
1288	wbuC	/Users/sanchezh/Desktop/tombombadil/TOMBOMBADIL1288
1289	group_6563	/Users/sanchezh/Desktop/tombombadil/TOMBOMBADIL1289
1290	group_6562	/Users/sanchezh/Desktop/tombombadil/TOMBOMBADIL1290
1291	queH	/Users/sanchezh/Desktop/tombombadil/TOMBOMBADIL1291
1292	group_6559	/Users/sanchezh/Desktop/tombombadil/TOMBOMBADIL1292
1293	pstA	/Users/sanchezh/Desktop/tombombadil/TOMBOMBADIL1293
1294	ftsY	/Users/sanchezh/Desktop/tombombadil/TOMBOMBADIL1294
1295	group_6552	/Users/sanchezh/Desktop/tombombadil/TOMBOMBADIL1295
1296	group_6550	/Users/sanchezh/Desktop/tombombadil/TOMBOMBADIL1296
1297	group_6545	/Users/sanchezh/Desktop/tombombadil/TOMBOMBADIL1297
1298	group_6544	/Users/sanchezh/Desktop/tombombadil/TOMBOMBADIL1298
1299	group_6543	/Users/sanchezh/Desktop/tombombadil/TOMBOMBADIL1299
1300	group_6541	/Users/sanchezh/Desktop/tombombadil/TOMBOMBADIL1300
1301	mutS2	/Users/sanchezh/Desktop/tombombadil/TOMBOMBADIL1301
1302	pspC	/Users/sanchezh/Desktop/tombombadil/TOMBOMBADIL1302
1303	group_6516	/Users/sanchezh/Desktop/tombombadil/TOMBOMBADIL1303
1304	group_6515	/Users/sanchezh/Desktop/tombombadil/TOMBOMBADIL1304
1305	group_6513	/Users/sanchezh/Desktop/tombombadil/TOMBOMBADIL1305
1306	group_6512	/Users/sanchezh/Desktop/tombombadil/TOMBOMBADIL1306
1307	group_6508	/Users/sanchezh/Desktop/tombombadil/TOMBOMBADIL1307
1308	group_6507	/Users/sanchezh/Desktop/tombombadil/TOMBOMBADIL1308
1309	group_6504	/Users/sanchezh/Desktop/tombombadil/TOMBOMBADIL1309
1310	group_6495	/Users/sanchezh/Desktop/tombombadil/TOMBOMBADIL1310
1311	group_6494	/Users/sanchezh/Desktop/tombombadil/TOMBOMBADIL1311
1312	group_6491	/Users/sanchezh/Desktop/tombombadil/TOMBOMBADIL1312
1313	group_6489	/Users/sanchezh/Desktop/tombombadil/TOMBOMBADIL1313
1314	group_6487	/Users/sanchezh/Desktop/tombombadil/TOMBOMBADIL1314
1315	group_6486	/Users/sanchezh/Desktop/tombombadil/TOMBOMBADIL1315
1316	group_6485	/Users/sanchezh/Desktop/tombombadil/TOMBOMBADIL1316
1317	group_6479	/Users/sanchezh/Desktop/tombombadil/TOMBOMBADIL1317
1318	group_6477	/Users/sanchezh/Desktop/tombombadil/TOMBOMBADIL1318
1319	group_6476	/Users/sanchezh/Desktop/tombombadil/TOMBOMBADIL1319
1320	group_6475	/Users/sanchezh/Desktop/tombombadil/TOMBOMBADIL1320
1321	group_6467	/Users/sanchezh/Desktop/tombombadil/TOMBOMBADIL1321
1322	group_6466	/Users/sanchezh/Desktop/tombombadil/TOMBOMBADIL1322
1323	group_6465	/Users/sanchezh/Desktop/tombombadil/TOMBOMBADIL1323
1324	group_6461	/Users/sanchezh/Desktop/tombombadil/TOMBOMBADIL1324
1325	group_6455	/Users/sanchezh/Desktop/tombombadil/TOMBOMBADIL1325
1326	group_6454	/Users/sanchezh/Desktop/tombombadil/TOMBOMBADIL1326
1327	group_6453	/Users/sanchezh/Desktop/tombombadil/TOMBOMBADIL1327
1328	group_6452	/Users/sanchezh/Desktop/tombombadil/TOMBOMBADIL1328
1329	group_6450	/Users/sanchezh/Desktop/tombombadil/TOMBOMBADIL1329
1330	group_6449	/Users/sanchezh/Desktop/tombombadil/TOMBOMBADIL1330
1331	group_6448	/Users/sanchezh/Desktop/tombombadil/TOMBOMBADIL1331
1332	group_6439	/Users/sanchezh/Desktop/tombombadil/TOMBOMBADIL1332
1333	group_6437	/Users/sanchezh/Desktop/tombombadil/TOMBOMBADIL1333
1334	group_6435	/Users/sanchezh/Desktop/tombombadil/TOMBOMBADIL1334
1335	group_6434	/Users/sanchezh/Desktop/tombombadil/TOMBOMBADIL1335
1336	group_6433	/Users/sanchezh/Desktop/tombombadil/TOMBOMBADIL1336
1337	group_6432	/Users/sanchezh/Desktop/tombombadil/TOMBOMBADIL1337
1338	group_6429	/Users/sanchezh/Desktop/tombombadil/TOMBOMBADIL1338
1339	group_6426	/Users/sanchezh/Desktop/tombombadil/TOMBOMBADIL1339
1340	group_6421	/Users/sanchezh/Desktop/tombombadil/TOMBOMBADIL1340
1341	group_6420	/Users/sanchezh/Desktop/tombombadil/TOMBOMBADIL1341
1342	group_6418	/Users/sanchezh/Desktop/tombombadil/TOMBOMBADIL1342
1343	group_6417	/Users/sanchezh/Desktop/tombombadil/TOMBOMBADIL1343
1344	group_6416	/Users/sanchezh/Desktop/tombombadil/TOMBOMBADIL1344
1345	group_6415	/Users/sanchezh/Desktop/tombombadil/TOMBOMBADIL1345
1346	group_6413	/Users/sanchezh/Desktop/tombombadil/TOMBOMBADIL1346
1347	group_6411	/Users/sanchezh/Desktop/tombombadil/TOMBOMBADIL1347
1348	group_6410	/Users/sanchezh/Desktop/tombombadil/TOMBOMBADIL1348
1349	group_6409	/Users/sanchezh/Desktop/tombombadil/TOMBOMBADIL1349
1350	group_6408	/Users/sanchezh/Desktop/tombombadil/TOMBOMBADIL1350
1351	group_6407	/Users/sanchezh/Desktop/tombombadil/TOMBOMBADIL1351
1352	group_6404	/Users/sanchezh/Desktop/tombombadil/TOMBOMBADIL1352
1353	group_6403	/Users/sanchezh/Desktop/tombombadil/TOMBOMBADIL1353
1354	group_6397	/Users/sanchezh/Desktop/tombombadil/TOMBOMBADIL1354
1355	lptC	/Users/sanchezh/Desktop/tombombadil/TOMBOMBADIL1355
1356	group_6395	/Users/sanchezh/Desktop/tombombadil/TOMBOMBADIL1356
1357	group_6394	/Users/sanchezh/Desktop/tombombadil/TOMBOMBADIL1357
1358	group_6393	/Users/sanchezh/Desktop/tombombadil/TOMBOMBADIL1358
1359	group_6392	/Users/sanchezh/Desktop/tombombadil/TOMBOMBADIL1359
1360	group_6385	/Users/sanchezh/Desktop/tombombadil/TOMBOMBADIL1360
1361	trkH	/Users/sanchezh/Desktop/tombombadil/TOMBOMBADIL1361
1362	group_6380	/Users/sanchezh/Desktop/tombombadil/TOMBOMBADIL1362
1363	group_6378	/Users/sanchezh/Desktop/tombombadil/TOMBOMBADIL1363
1364	group_6377	/Users/sanchezh/Desktop/tombombadil/TOMBOMBADIL1364
1365	group_6375	/Users/sanchezh/Desktop/tombombadil/TOMBOMBADIL1365
1366	group_6374	/Users/sanchezh/Desktop/tombombadil/TOMBOMBADIL1366
1367	group_6373	/Users/sanchezh/Desktop/tombombadil/TOMBOMBADIL1367
1368	group_6372	/Users/sanchezh/Desktop/tombombadil/TOMBOMBADIL1368
1369	group_6369	/Users/sanchezh/Desktop/tombombadil/TOMBOMBADIL1369
1370	group_6362	/Users/sanchezh/Desktop/tombombadil/TOMBOMBADIL1370
1371	group_6361	/Users/sanchezh/Desktop/tombombadil/TOMBOMBADIL1371
1372	group_6354	/Users/sanchezh/Desktop/tombombadil/TOMBOMBADIL1372
1373	group_6352	/Users/sanchezh/Desktop/tombombadil/TOMBOMBADIL1373
1374	group_6351	/Users/sanchezh/Desktop/tombombadil/TOMBOMBADIL1374
1375	group_6349	/Users/sanchezh/Desktop/tombombadil/TOMBOMBADIL1375
1376	group_6348	/Users/sanchezh/Desktop/tombombadil/TOMBOMBADIL1376
1377	group_6346	/Users/sanchezh/Desktop/tombombadil/TOMBOMBADIL1377
1378	group_6344	/Users/sanchezh/Desktop/tombombadil/TOMBOMBADIL1378
1379	group_6343	/Users/sanchezh/Desktop/tombombadil/TOMBOMBADIL1379
1380	group_6339	/Users/sanchezh/Desktop/tombombadil/TOMBOMBADIL1380
1381	gldH	/Users/sanchezh/Desktop/tombombadil/TOMBOMBADIL1381
1382	group_6333	/Users/sanchezh/Desktop/tombombadil/TOMBOMBADIL1382
1383	group_6332	/Users/sanchezh/Desktop/tombombadil/TOMBOMBADIL1383
1384	group_6331	/Users/sanchezh/Desktop/tombombadil/TOMBOMBADIL1384
1385	group_6329	/Users/sanchezh/Desktop/tombombadil/TOMBOMBADIL1385
1386	group_6325	/Users/sanchezh/Desktop/tombombadil/TOMBOMBADIL1386
1387	group_6323	/Users/sanchezh/Desktop/tombombadil/TOMBOMBADIL1387
1388	group_6313	/Users/sanchezh/Desktop/tombombadil/TOMBOMBADIL1388
1389	group_6312	/Users/sanchezh/Desktop/tombombadil/TOMBOMBADIL1389
1390	group_6311	/Users/sanchezh/Desktop/tombombadil/TOMBOMBADIL1390
1391	group_6308	/Users/sanchezh/Desktop/tombombadil/TOMBOMBADIL1391
1392	group_6306	/Users/sanchezh/Desktop/tombombadil/TOMBOMBADIL1392
1393	group_6300	/Users/sanchezh/Desktop/tombombadil/TOMBOMBADIL1393
1394	group_6299	/Users/sanchezh/Desktop/tombombadil/TOMBOMBADIL1394
1395	group_6297	/Users/sanchezh/Desktop/tombombadil/TOMBOMBADIL1395
1396	group_6296	/Users/sanchezh/Desktop/tombombadil/TOMBOMBADIL1396
1397	mnmE	/Users/sanchezh/Desktop/tombombadil/TOMBOMBADIL1397
1398	group_6295	/Users/sanchezh/Desktop/tombombadil/TOMBOMBADIL1398
1399	group_6290	/Users/sanchezh/Desktop/tombombadil/TOMBOMBADIL1399
1400	rsmD	/Users/sanchezh/Desktop/tombombadil/TOMBOMBADIL1400
1401	group_6288	/Users/sanchezh/Desktop/tombombadil/TOMBOMBADIL1401
1402	group_6286	/Users/sanchezh/Desktop/tombombadil/TOMBOMBADIL1402
1403	group_6284	/Users/sanchezh/Desktop/tombombadil/TOMBOMBADIL1403
1404	group_6283	/Users/sanchezh/Desktop/tombombadil/TOMBOMBADIL1404
1405	group_6280	/Users/sanchezh/Desktop/tombombadil/TOMBOMBADIL1405
1406	group_6279	/Users/sanchezh/Desktop/tombombadil/TOMBOMBADIL1406
1407	group_6275	/Users/sanchezh/Desktop/tombombadil/TOMBOMBADIL1407
1408	group_6274	/Users/sanchezh/Desktop/tombombadil/TOMBOMBADIL1408
1409	group_6273	/Users/sanchezh/Desktop/tombombadil/TOMBOMBADIL1409
1410	group_6270	/Users/sanchezh/Desktop/tombombadil/TOMBOMBADIL1410
1411	mnmA	/Users/sanchezh/Desktop/tombombadil/TOMBOMBADIL1411
1412	group_6259	/Users/sanchezh/Desktop/tombombadil/TOMBOMBADIL1412
1413	group_6258	/Users/sanchezh/Desktop/tombombadil/TOMBOMBADIL1413
1414	group_6257	/Users/sanchezh/Desktop/tombombadil/TOMBOMBADIL1414
1415	cstA	/Users/sanchezh/Desktop/tombombadil/TOMBOMBADIL1415
1416	group_6254	/Users/sanchezh/Desktop/tombombadil/TOMBOMBADIL1416
1417	group_6251	/Users/sanchezh/Desktop/tombombadil/TOMBOMBADIL1417
1418	group_6249	/Users/sanchezh/Desktop/tombombadil/TOMBOMBADIL1418
1419	group_6246	/Users/sanchezh/Desktop/tombombadil/TOMBOMBADIL1419
1420	ulaF	/Users/sanchezh/Desktop/tombombadil/TOMBOMBADIL1420
1421	group_6244	/Users/sanchezh/Desktop/tombombadil/TOMBOMBADIL1421
1422	group_6242	/Users/sanchezh/Desktop/tombombadil/TOMBOMBADIL1422
1423	group_6241	/Users/sanchezh/Desktop/tombombadil/TOMBOMBADIL1423
1424	group_6240	/Users/sanchezh/Desktop/tombombadil/TOMBOMBADIL1424
1425	group_6239	/Users/sanchezh/Desktop/tombombadil/TOMBOMBADIL1425
1426	group_6234	/Users/sanchezh/Desktop/tombombadil/TOMBOMBADIL1426
1427	ruvB	/Users/sanchezh/Desktop/tombombadil/TOMBOMBADIL1427
1428	group_6229	/Users/sanchezh/Desktop/tombombadil/TOMBOMBADIL1428
1429	cutC	/Users/sanchezh/Desktop/tombombadil/TOMBOMBADIL1429
1430	zapA	/Users/sanchezh/Desktop/tombombadil/TOMBOMBADIL1430
1431	group_6219	/Users/sanchezh/Desktop/tombombadil/TOMBOMBADIL1431
1432	group_6217	/Users/sanchezh/Desktop/tombombadil/TOMBOMBADIL1432
1433	cysQ	/Users/sanchezh/Desktop/tombombadil/TOMBOMBADIL1433
1434	group_6216	/Users/sanchezh/Desktop/tombombadil/TOMBOMBADIL1434
1435	group_6215	/Users/sanchezh/Desktop/tombombadil/TOMBOMBADIL1435
1436	group_6213	/Users/sanchezh/Desktop/tombombadil/TOMBOMBADIL1436
1437	group_6210	/Users/sanchezh/Desktop/tombombadil/TOMBOMBADIL1437
1438	group_6205	/Users/sanchezh/Desktop/tombombadil/TOMBOMBADIL1438
1439	group_6204	/Users/sanchezh/Desktop/tombombadil/TOMBOMBADIL1439
1440	group_6203	/Users/sanchezh/Desktop/tombombadil/TOMBOMBADIL1440
1441	group_6202	/Users/sanchezh/Desktop/tombombadil/TOMBOMBADIL1441
1442	group_6200	/Users/sanchezh/Desktop/tombombadil/TOMBOMBADIL1442
1443	group_6197	/Users/sanchezh/Desktop/tombombadil/TOMBOMBADIL1443
1444	group_6195	/Users/sanchezh/Desktop/tombombadil/TOMBOMBADIL1444
1445	group_6194	/Users/sanchezh/Desktop/tombombadil/TOMBOMBADIL1445
1446	group_6193	/Users/sanchezh/Desktop/tombombadil/TOMBOMBADIL1446
1447	group_6190	/Users/sanchezh/Desktop/tombombadil/TOMBOMBADIL1447
1448	group_6181	/Users/sanchezh/Desktop/tombombadil/TOMBOMBADIL1448
1449	ywqN	/Users/sanchezh/Desktop/tombombadil/TOMBOMBADIL1449
1450	group_6174	/Users/sanchezh/Desktop/tombombadil/TOMBOMBADIL1450
1451	group_6173	/Users/sanchezh/Desktop/tombombadil/TOMBOMBADIL1451
1452	group_6169	/Users/sanchezh/Desktop/tombombadil/TOMBOMBADIL1452
1453	group_6167	/Users/sanchezh/Desktop/tombombadil/TOMBOMBADIL1453
1454	group_6163	/Users/sanchezh/Desktop/tombombadil/TOMBOMBADIL1454
1455	group_6154	/Users/sanchezh/Desktop/tombombadil/TOMBOMBADIL1455
1456	group_6152	/Users/sanchezh/Desktop/tombombadil/TOMBOMBADIL1456
1457	group_6150	/Users/sanchezh/Desktop/tombombadil/TOMBOMBADIL1457
1458	group_6146	/Users/sanchezh/Desktop/tombombadil/TOMBOMBADIL1458
1459	group_6142	/Users/sanchezh/Desktop/tombombadil/TOMBOMBADIL1459
1460	group_6140	/Users/sanchezh/Desktop/tombombadil/TOMBOMBADIL1460
1461	tdcF~~~ridA	/Users/sanchezh/Desktop/tombombadil/TOMBOMBADIL1461
1462	group_6139	/Users/sanchezh/Desktop/tombombadil/TOMBOMBADIL1462
1463	group_6138	/Users/sanchezh/Desktop/tombombadil/TOMBOMBADIL1463
1464	recQ	/Users/sanchezh/Desktop/tombombadil/TOMBOMBADIL1464
1465	group_6135	/Users/sanchezh/Desktop/tombombadil/TOMBOMBADIL1465
1466	group_6133	/Users/sanchezh/Desktop/tombombadil/TOMBOMBADIL1466
1467	group_6132	/Users/sanchezh/Desktop/tombombadil/TOMBOMBADIL1467
1468	group_6127	/Users/sanchezh/Desktop/tombombadil/TOMBOMBADIL1468
1469	group_6126	/Users/sanchezh/Desktop/tombombadil/TOMBOMBADIL1469
1470	group_6125	/Users/sanchezh/Desktop/tombombadil/TOMBOMBADIL1470
1471	group_6120	/Users/sanchezh/Desktop/tombombadil/TOMBOMBADIL1471
1472	group_6116	/Users/sanchezh/Desktop/tombombadil/TOMBOMBADIL1472
1473	group_6115	/Users/sanchezh/Desktop/tombombadil/TOMBOMBADIL1473
1474	group_6113	/Users/sanchezh/Desktop/tombombadil/TOMBOMBADIL1474
1475	group_6110	/Users/sanchezh/Desktop/tombombadil/TOMBOMBADIL1475
1476	group_6107	/Users/sanchezh/Desktop/tombombadil/TOMBOMBADIL1476
1477	group_6104	/Users/sanchezh/Desktop/tombombadil/TOMBOMBADIL1477
1478	group_6101	/Users/sanchezh/Desktop/tombombadil/TOMBOMBADIL1478
1479	group_6099	/Users/sanchezh/Desktop/tombombadil/TOMBOMBADIL1479
1480	group_6098	/Users/sanchezh/Desktop/tombombadil/TOMBOMBADIL1480
1481	group_6096	/Users/sanchezh/Desktop/tombombadil/TOMBOMBADIL1481
1482	group_6094	/Users/sanchezh/Desktop/tombombadil/TOMBOMBADIL1482
1483	oadG	/Users/sanchezh/Desktop/tombombadil/TOMBOMBADIL1483
1484	group_6092	/Users/sanchezh/Desktop/tombombadil/TOMBOMBADIL1484
1485	group_6091	/Users/sanchezh/Desktop/tombombadil/TOMBOMBADIL1485
1486	group_6090	/Users/sanchezh/Desktop/tombombadil/TOMBOMBADIL1486
1487	group_6089	/Users/sanchezh/Desktop/tombombadil/TOMBOMBADIL1487
1488	group_6088	/Users/sanchezh/Desktop/tombombadil/TOMBOMBADIL1488
1489	group_6087	/Users/sanchezh/Desktop/tombombadil/TOMBOMBADIL1489
1490	group_6085	/Users/sanchezh/Desktop/tombombadil/TOMBOMBADIL1490
1491	group_6084	/Users/sanchezh/Desktop/tombombadil/TOMBOMBADIL1491
1492	group_6081	/Users/sanchezh/Desktop/tombombadil/TOMBOMBADIL1492
1493	group_6080	/Users/sanchezh/Desktop/tombombadil/TOMBOMBADIL1493
1494	group_6079	/Users/sanchezh/Desktop/tombombadil/TOMBOMBADIL1494
1495	group_6067	/Users/sanchezh/Desktop/tombombadil/TOMBOMBADIL1495
1496	group_6064	/Users/sanchezh/Desktop/tombombadil/TOMBOMBADIL1496
1497	group_6063	/Users/sanchezh/Desktop/tombombadil/TOMBOMBADIL1497
1498	group_6062	/Users/sanchezh/Desktop/tombombadil/TOMBOMBADIL1498
1499	group_6058	/Users/sanchezh/Desktop/tombombadil/TOMBOMBADIL1499
1500	group_6056	/Users/sanchezh/Desktop/tombombadil/TOMBOMBADIL1500
1501	group_6053	/Users/sanchezh/Desktop/tombombadil/TOMBOMBADIL1501
1502	group_6052	/Users/sanchezh/Desktop/tombombadil/TOMBOMBADIL1502
1503	group_6039	/Users/sanchezh/Desktop/tombombadil/TOMBOMBADIL1503
1504	group_6034	/Users/sanchezh/Desktop/tombombadil/TOMBOMBADIL1504
1505	group_6031	/Users/sanchezh/Desktop/tombombadil/TOMBOMBADIL1505
1506	group_6029	/Users/sanchezh/Desktop/tombombadil/TOMBOMBADIL1506
1507	group_6025	/Users/sanchezh/Desktop/tombombadil/TOMBOMBADIL1507
1508	floA	/Users/sanchezh/Desktop/tombombadil/TOMBOMBADIL1508
1509	group_6024	/Users/sanchezh/Desktop/tombombadil/TOMBOMBADIL1509
1510	group_6023	/Users/sanchezh/Desktop/tombombadil/TOMBOMBADIL1510
1511	group_6022	/Users/sanchezh/Desktop/tombombadil/TOMBOMBADIL1511
1512	group_6020	/Users/sanchezh/Desktop/tombombadil/TOMBOMBADIL1512
1513	group_6004	/Users/sanchezh/Desktop/tombombadil/TOMBOMBADIL1513
1514	group_6001	/Users/sanchezh/Desktop/tombombadil/TOMBOMBADIL1514
1515	group_6000	/Users/sanchezh/Desktop/tombombadil/TOMBOMBADIL1515
1516	group_5997	/Users/sanchezh/Desktop/tombombadil/TOMBOMBADIL1516
1517	group_5995	/Users/sanchezh/Desktop/tombombadil/TOMBOMBADIL1517
1518	group_5994	/Users/sanchezh/Desktop/tombombadil/TOMBOMBADIL1518
1519	group_5993	/Users/sanchezh/Desktop/tombombadil/TOMBOMBADIL1519
1520	group_5992	/Users/sanchezh/Desktop/tombombadil/TOMBOMBADIL1520
1521	rprX	/Users/sanchezh/Desktop/tombombadil/TOMBOMBADIL1521
1522	group_5984	/Users/sanchezh/Desktop/tombombadil/TOMBOMBADIL1522
1523	group_5982	/Users/sanchezh/Desktop/tombombadil/TOMBOMBADIL1523
1524	group_5979	/Users/sanchezh/Desktop/tombombadil/TOMBOMBADIL1524
1525	group_5977	/Users/sanchezh/Desktop/tombombadil/TOMBOMBADIL1525
1526	group_5976	/Users/sanchezh/Desktop/tombombadil/TOMBOMBADIL1526
1527	cobW	/Users/sanchezh/Desktop/tombombadil/TOMBOMBADIL1527
1528	group_5974	/Users/sanchezh/Desktop/tombombadil/TOMBOMBADIL1528
1529	group_5973	/Users/sanchezh/Desktop/tombombadil/TOMBOMBADIL1529
1530	group_5972	/Users/sanchezh/Desktop/tombombadil/TOMBOMBADIL1530
1531	group_5971	/Users/sanchezh/Desktop/tombombadil/TOMBOMBADIL1531
1532	group_5968	/Users/sanchezh/Desktop/tombombadil/TOMBOMBADIL1532
1533	group_5965	/Users/sanchezh/Desktop/tombombadil/TOMBOMBADIL1533
1534	group_5964	/Users/sanchezh/Desktop/tombombadil/TOMBOMBADIL1534
1535	group_5961	/Users/sanchezh/Desktop/tombombadil/TOMBOMBADIL1535
1536	group_5959	/Users/sanchezh/Desktop/tombombadil/TOMBOMBADIL1536
1537	group_5957	/Users/sanchezh/Desktop/tombombadil/TOMBOMBADIL1537
1538	group_5955	/Users/sanchezh/Desktop/tombombadil/TOMBOMBADIL1538
1539	hisB	/Users/sanchezh/Desktop/tombombadil/TOMBOMBADIL1539
1540	group_5952	/Users/sanchezh/Desktop/tombombadil/TOMBOMBADIL1540
1541	group_5945	/Users/sanchezh/Desktop/tombombadil/TOMBOMBADIL1541
1542	pnuC	/Users/sanchezh/Desktop/tombombadil/TOMBOMBADIL1542
1543	group_5944	/Users/sanchezh/Desktop/tombombadil/TOMBOMBADIL1543
1544	group_5942	/Users/sanchezh/Desktop/tombombadil/TOMBOMBADIL1544
1545	group_5940	/Users/sanchezh/Desktop/tombombadil/TOMBOMBADIL1545
1546	group_5939	/Users/sanchezh/Desktop/tombombadil/TOMBOMBADIL1546
1547	group_5935	/Users/sanchezh/Desktop/tombombadil/TOMBOMBADIL1547
1548	group_5934	/Users/sanchezh/Desktop/tombombadil/TOMBOMBADIL1548
1549	group_5933	/Users/sanchezh/Desktop/tombombadil/TOMBOMBADIL1549
1550	group_5931	/Users/sanchezh/Desktop/tombombadil/TOMBOMBADIL1550
1551	group_5928	/Users/sanchezh/Desktop/tombombadil/TOMBOMBADIL1551
1552	group_5921	/Users/sanchezh/Desktop/tombombadil/TOMBOMBADIL1552
1553	group_5919	/Users/sanchezh/Desktop/tombombadil/TOMBOMBADIL1553
1554	group_5914	/Users/sanchezh/Desktop/tombombadil/TOMBOMBADIL1554
1555	lolA	/Users/sanchezh/Desktop/tombombadil/TOMBOMBADIL1555
1556	group_5913	/Users/sanchezh/Desktop/tombombadil/TOMBOMBADIL1556
1557	group_5906	/Users/sanchezh/Desktop/tombombadil/TOMBOMBADIL1557
1558	group_5905	/Users/sanchezh/Desktop/tombombadil/TOMBOMBADIL1558
1559	group_5902	/Users/sanchezh/Desktop/tombombadil/TOMBOMBADIL1559
1560	group_5901	/Users/sanchezh/Desktop/tombombadil/TOMBOMBADIL1560
1561	group_5899	/Users/sanchezh/Desktop/tombombadil/TOMBOMBADIL1561
1562	group_5898	/Users/sanchezh/Desktop/tombombadil/TOMBOMBADIL1562
1563	group_5897	/Users/sanchezh/Desktop/tombombadil/TOMBOMBADIL1563
1564	group_5896	/Users/sanchezh/Desktop/tombombadil/TOMBOMBADIL1564
1565	group_5894	/Users/sanchezh/Desktop/tombombadil/TOMBOMBADIL1565
1566	group_5892	/Users/sanchezh/Desktop/tombombadil/TOMBOMBADIL1566
1567	group_5889	/Users/sanchezh/Desktop/tombombadil/TOMBOMBADIL1567
1568	group_5877	/Users/sanchezh/Desktop/tombombadil/TOMBOMBADIL1568
1569	group_5876	/Users/sanchezh/Desktop/tombombadil/TOMBOMBADIL1569
1570	lysM	/Users/sanchezh/Desktop/tombombadil/TOMBOMBADIL1570
1571	group_5869	/Users/sanchezh/Desktop/tombombadil/TOMBOMBADIL1571
1572	group_5868	/Users/sanchezh/Desktop/tombombadil/TOMBOMBADIL1572
1573	group_5866	/Users/sanchezh/Desktop/tombombadil/TOMBOMBADIL1573
1574	group_5865	/Users/sanchezh/Desktop/tombombadil/TOMBOMBADIL1574
1575	group_5856	/Users/sanchezh/Desktop/tombombadil/TOMBOMBADIL1575
1576	group_5854	/Users/sanchezh/Desktop/tombombadil/TOMBOMBADIL1576
1577	group_5852	/Users/sanchezh/Desktop/tombombadil/TOMBOMBADIL1577
1578	group_5851	/Users/sanchezh/Desktop/tombombadil/TOMBOMBADIL1578
1579	group_5850	/Users/sanchezh/Desktop/tombombadil/TOMBOMBADIL1579
1580	mdtE	/Users/sanchezh/Desktop/tombombadil/TOMBOMBADIL1580
1581	group_5849	/Users/sanchezh/Desktop/tombombadil/TOMBOMBADIL1581
1582	group_5848	/Users/sanchezh/Desktop/tombombadil/TOMBOMBADIL1582
1583	group_5847	/Users/sanchezh/Desktop/tombombadil/TOMBOMBADIL1583
1584	group_5838	/Users/sanchezh/Desktop/tombombadil/TOMBOMBADIL1584
1585	group_5835	/Users/sanchezh/Desktop/tombombadil/TOMBOMBADIL1585
1586	group_5834	/Users/sanchezh/Desktop/tombombadil/TOMBOMBADIL1586
1587	group_5833	/Users/sanchezh/Desktop/tombombadil/TOMBOMBADIL1587
1588	group_5824	/Users/sanchezh/Desktop/tombombadil/TOMBOMBADIL1588
1589	group_5822	/Users/sanchezh/Desktop/tombombadil/TOMBOMBADIL1589
1590	group_5819	/Users/sanchezh/Desktop/tombombadil/TOMBOMBADIL1590
1591	group_5818	/Users/sanchezh/Desktop/tombombadil/TOMBOMBADIL1591
1592	group_5817	/Users/sanchezh/Desktop/tombombadil/TOMBOMBADIL1592
1593	group_5807	/Users/sanchezh/Desktop/tombombadil/TOMBOMBADIL1593
1594	tatC	/Users/sanchezh/Desktop/tombombadil/TOMBOMBADIL1594
1595	group_5792	/Users/sanchezh/Desktop/tombombadil/TOMBOMBADIL1595
1596	group_5791	/Users/sanchezh/Desktop/tombombadil/TOMBOMBADIL1596
1597	group_5788	/Users/sanchezh/Desktop/tombombadil/TOMBOMBADIL1597
1598	group_5786	/Users/sanchezh/Desktop/tombombadil/TOMBOMBADIL1598
1599	group_5785	/Users/sanchezh/Desktop/tombombadil/TOMBOMBADIL1599
1600	group_5755	/Users/sanchezh/Desktop/tombombadil/TOMBOMBADIL1600
1601	group_5754	/Users/sanchezh/Desktop/tombombadil/TOMBOMBADIL1601
1602	group_5745	/Users/sanchezh/Desktop/tombombadil/TOMBOMBADIL1602
1603	group_5744	/Users/sanchezh/Desktop/tombombadil/TOMBOMBADIL1603
1604	group_5741	/Users/sanchezh/Desktop/tombombadil/TOMBOMBADIL1604
1605	group_5739	/Users/sanchezh/Desktop/tombombadil/TOMBOMBADIL1605
1606	group_5738	/Users/sanchezh/Desktop/tombombadil/TOMBOMBADIL1606
1607	uspA	/Users/sanchezh/Desktop/tombombadil/TOMBOMBADIL1607
1608	pfkB	/Users/sanchezh/Desktop/tombombadil/TOMBOMBADIL1608
1609	group_5701	/Users/sanchezh/Desktop/tombombadil/TOMBOMBADIL1609
1610	group_5700	/Users/sanchezh/Desktop/tombombadil/TOMBOMBADIL1610
1611	mreB	/Users/sanchezh/Desktop/tombombadil/TOMBOMBADIL1611
1612	group_5698	/Users/sanchezh/Desktop/tombombadil/TOMBOMBADIL1612
1613	group_5674	/Users/sanchezh/Desktop/tombombadil/TOMBOMBADIL1613
1614	group_5672	/Users/sanchezh/Desktop/tombombadil/TOMBOMBADIL1614
1615	group_5654	/Users/sanchezh/Desktop/tombombadil/TOMBOMBADIL1615
1616	group_5647	/Users/sanchezh/Desktop/tombombadil/TOMBOMBADIL1616
1617	group_5637	/Users/sanchezh/Desktop/tombombadil/TOMBOMBADIL1617
1618	group_5629	/Users/sanchezh/Desktop/tombombadil/TOMBOMBADIL1618
1619	group_5603	/Users/sanchezh/Desktop/tombombadil/TOMBOMBADIL1619
1620	group_5602	/Users/sanchezh/Desktop/tombombadil/TOMBOMBADIL1620
1621	group_5589	/Users/sanchezh/Desktop/tombombadil/TOMBOMBADIL1621
1622	group_5588	/Users/sanchezh/Desktop/tombombadil/TOMBOMBADIL1622
1623	group_5585	/Users/sanchezh/Desktop/tombombadil/TOMBOMBADIL1623
1624	group_5578	/Users/sanchezh/Desktop/tombombadil/TOMBOMBADIL1624
1625	group_5577	/Users/sanchezh/Desktop/tombombadil/TOMBOMBADIL1625
1626	group_5566	/Users/sanchezh/Desktop/tombombadil/TOMBOMBADIL1626
1627	group_5564	/Users/sanchezh/Desktop/tombombadil/TOMBOMBADIL1627
1628	group_5563	/Users/sanchezh/Desktop/tombombadil/TOMBOMBADIL1628
1629	group_5561	/Users/sanchezh/Desktop/tombombadil/TOMBOMBADIL1629
1630	group_5559	/Users/sanchezh/Desktop/tombombadil/TOMBOMBADIL1630
1631	group_5558	/Users/sanchezh/Desktop/tombombadil/TOMBOMBADIL1631
1632	nrnA	/Users/sanchezh/Desktop/tombombadil/TOMBOMBADIL1632
1633	group_5556	/Users/sanchezh/Desktop/tombombadil/TOMBOMBADIL1633
1634	group_5553	/Users/sanchezh/Desktop/tombombadil/TOMBOMBADIL1634
1635	group_5542	/Users/sanchezh/Desktop/tombombadil/TOMBOMBADIL1635
1636	group_5532	/Users/sanchezh/Desktop/tombombadil/TOMBOMBADIL1636
1637	group_5529	/Users/sanchezh/Desktop/tombombadil/TOMBOMBADIL1637
1638	group_5528	/Users/sanchezh/Desktop/tombombadil/TOMBOMBADIL1638
1639	group_5523	/Users/sanchezh/Desktop/tombombadil/TOMBOMBADIL1639
1640	group_5520	/Users/sanchezh/Desktop/tombombadil/TOMBOMBADIL1640
1641	group_5518	/Users/sanchezh/Desktop/tombombadil/TOMBOMBADIL1641
1642	group_5502	/Users/sanchezh/Desktop/tombombadil/TOMBOMBADIL1642
1643	group_5501	/Users/sanchezh/Desktop/tombombadil/TOMBOMBADIL1643
1644	group_5499	/Users/sanchezh/Desktop/tombombadil/TOMBOMBADIL1644
1645	group_5498	/Users/sanchezh/Desktop/tombombadil/TOMBOMBADIL1645
1646	group_5496	/Users/sanchezh/Desktop/tombombadil/TOMBOMBADIL1646
1647	group_5486	/Users/sanchezh/Desktop/tombombadil/TOMBOMBADIL1647
1648	group_5469	/Users/sanchezh/Desktop/tombombadil/TOMBOMBADIL1648
1649	group_5467	/Users/sanchezh/Desktop/tombombadil/TOMBOMBADIL1649
1650	group_5460	/Users/sanchezh/Desktop/tombombadil/TOMBOMBADIL1650
1651	group_5452	/Users/sanchezh/Desktop/tombombadil/TOMBOMBADIL1651
1652	group_5445	/Users/sanchezh/Desktop/tombombadil/TOMBOMBADIL1652
1653	group_5444	/Users/sanchezh/Desktop/tombombadil/TOMBOMBADIL1653
1654	group_5435	/Users/sanchezh/Desktop/tombombadil/TOMBOMBADIL1654
1655	group_5433	/Users/sanchezh/Desktop/tombombadil/TOMBOMBADIL1655
1656	group_5428	/Users/sanchezh/Desktop/tombombadil/TOMBOMBADIL1656
1657	group_5424	/Users/sanchezh/Desktop/tombombadil/TOMBOMBADIL1657
1658	group_5420	/Users/sanchezh/Desktop/tombombadil/TOMBOMBADIL1658
1659	group_5417	/Users/sanchezh/Desktop/tombombadil/TOMBOMBADIL1659
1660	group_5411	/Users/sanchezh/Desktop/tombombadil/TOMBOMBADIL1660
1661	group_5409	/Users/sanchezh/Desktop/tombombadil/TOMBOMBADIL1661
1662	secY	/Users/sanchezh/Desktop/tombombadil/TOMBOMBADIL1662
1663	group_5401	/Users/sanchezh/Desktop/tombombadil/TOMBOMBADIL1663
1664	group_5400	/Users/sanchezh/Desktop/tombombadil/TOMBOMBADIL1664
1665	group_5397	/Users/sanchezh/Desktop/tombombadil/TOMBOMBADIL1665
1666	group_5394	/Users/sanchezh/Desktop/tombombadil/TOMBOMBADIL1666
1667	group_5393	/Users/sanchezh/Desktop/tombombadil/TOMBOMBADIL1667
1668	group_5391	/Users/sanchezh/Desktop/tombombadil/TOMBOMBADIL1668
1669	group_5390	/Users/sanchezh/Desktop/tombombadil/TOMBOMBADIL1669
1670	group_5383	/Users/sanchezh/Desktop/tombombadil/TOMBOMBADIL1670
1671	group_5376	/Users/sanchezh/Desktop/tombombadil/TOMBOMBADIL1671
1672	trmH	/Users/sanchezh/Desktop/tombombadil/TOMBOMBADIL1672
1673	group_5365	/Users/sanchezh/Desktop/tombombadil/TOMBOMBADIL1673
1674	group_5354	/Users/sanchezh/Desktop/tombombadil/TOMBOMBADIL1674
1675	group_5351	/Users/sanchezh/Desktop/tombombadil/TOMBOMBADIL1675
1676	group_5344	/Users/sanchezh/Desktop/tombombadil/TOMBOMBADIL1676
1677	group_5341	/Users/sanchezh/Desktop/tombombadil/TOMBOMBADIL1677
1678	group_5337	/Users/sanchezh/Desktop/tombombadil/TOMBOMBADIL1678
1679	group_5336	/Users/sanchezh/Desktop/tombombadil/TOMBOMBADIL1679
1680	group_5335	/Users/sanchezh/Desktop/tombombadil/TOMBOMBADIL1680
1681	group_5333	/Users/sanchezh/Desktop/tombombadil/TOMBOMBADIL1681
1682	group_5331	/Users/sanchezh/Desktop/tombombadil/TOMBOMBADIL1682
1683	group_5329	/Users/sanchezh/Desktop/tombombadil/TOMBOMBADIL1683
1684	group_5319	/Users/sanchezh/Desktop/tombombadil/TOMBOMBADIL1684
1685	group_5317	/Users/sanchezh/Desktop/tombombadil/TOMBOMBADIL1685
1686	group_5313	/Users/sanchezh/Desktop/tombombadil/TOMBOMBADIL1686
1687	group_5312	/Users/sanchezh/Desktop/tombombadil/TOMBOMBADIL1687
1688	group_5304	/Users/sanchezh/Desktop/tombombadil/TOMBOMBADIL1688
1689	group_5296	/Users/sanchezh/Desktop/tombombadil/TOMBOMBADIL1689
1690	group_5293	/Users/sanchezh/Desktop/tombombadil/TOMBOMBADIL1690
1691	group_5289	/Users/sanchezh/Desktop/tombombadil/TOMBOMBADIL1691
1692	group_5288	/Users/sanchezh/Desktop/tombombadil/TOMBOMBADIL1692
1693	group_5287	/Users/sanchezh/Desktop/tombombadil/TOMBOMBADIL1693
1694	group_5286	/Users/sanchezh/Desktop/tombombadil/TOMBOMBADIL1694
1695	group_5275	/Users/sanchezh/Desktop/tombombadil/TOMBOMBADIL1695
1696	group_5269	/Users/sanchezh/Desktop/tombombadil/TOMBOMBADIL1696
1697	group_5266	/Users/sanchezh/Desktop/tombombadil/TOMBOMBADIL1697
1698	group_5261	/Users/sanchezh/Desktop/tombombadil/TOMBOMBADIL1698
1699	group_5257	/Users/sanchezh/Desktop/tombombadil/TOMBOMBADIL1699
1700	group_5254	/Users/sanchezh/Desktop/tombombadil/TOMBOMBADIL1700
1701	group_5248	/Users/sanchezh/Desktop/tombombadil/TOMBOMBADIL1701
1702	phoU	/Users/sanchezh/Desktop/tombombadil/TOMBOMBADIL1702
1703	group_5241	/Users/sanchezh/Desktop/tombombadil/TOMBOMBADIL1703
1704	group_5229	/Users/sanchezh/Desktop/tombombadil/TOMBOMBADIL1704
1705	group_5228	/Users/sanchezh/Desktop/tombombadil/TOMBOMBADIL1705
1706	group_5227	/Users/sanchezh/Desktop/tombombadil/TOMBOMBADIL1706
1707	group_5218	/Users/sanchezh/Desktop/tombombadil/TOMBOMBADIL1707
1708	group_5215	/Users/sanchezh/Desktop/tombombadil/TOMBOMBADIL1708
1709	group_5214	/Users/sanchezh/Desktop/tombombadil/TOMBOMBADIL1709
1710	group_5212	/Users/sanchezh/Desktop/tombombadil/TOMBOMBADIL1710
1711	group_5208	/Users/sanchezh/Desktop/tombombadil/TOMBOMBADIL1711
1712	group_5191	/Users/sanchezh/Desktop/tombombadil/TOMBOMBADIL1712
1713	group_5181	/Users/sanchezh/Desktop/tombombadil/TOMBOMBADIL1713
1714	group_5180	/Users/sanchezh/Desktop/tombombadil/TOMBOMBADIL1714
1715	group_5171	/Users/sanchezh/Desktop/tombombadil/TOMBOMBADIL1715
1716	group_5170	/Users/sanchezh/Desktop/tombombadil/TOMBOMBADIL1716
1717	group_5161	/Users/sanchezh/Desktop/tombombadil/TOMBOMBADIL1717
1718	group_5158	/Users/sanchezh/Desktop/tombombadil/TOMBOMBADIL1718
1719	group_5151	/Users/sanchezh/Desktop/tombombadil/TOMBOMBADIL1719
1720	group_5150	/Users/sanchezh/Desktop/tombombadil/TOMBOMBADIL1720
1721	group_5129	/Users/sanchezh/Desktop/tombombadil/TOMBOMBADIL1721
1722	group_5125	/Users/sanchezh/Desktop/tombombadil/TOMBOMBADIL1722
1723	group_5089	/Users/sanchezh/Desktop/tombombadil/TOMBOMBADIL1723
1724	group_5088	/Users/sanchezh/Desktop/tombombadil/TOMBOMBADIL1724
1725	group_5086	/Users/sanchezh/Desktop/tombombadil/TOMBOMBADIL1725
1726	group_5085	/Users/sanchezh/Desktop/tombombadil/TOMBOMBADIL1726
1727	group_5058	/Users/sanchezh/Desktop/tombombadil/TOMBOMBADIL1727
1728	group_5050	/Users/sanchezh/Desktop/tombombadil/TOMBOMBADIL1728
1729	group_5047	/Users/sanchezh/Desktop/tombombadil/TOMBOMBADIL1729
1730	group_5045	/Users/sanchezh/Desktop/tombombadil/TOMBOMBADIL1730
1731	group_4980	/Users/sanchezh/Desktop/tombombadil/TOMBOMBADIL1731
1732	group_4974	/Users/sanchezh/Desktop/tombombadil/TOMBOMBADIL1732
1733	group_4971	/Users/sanchezh/Desktop/tombombadil/TOMBOMBADIL1733
1734	group_4967	/Users/sanchezh/Desktop/tombombadil/TOMBOMBADIL1734
1735	copG	/Users/sanchezh/Desktop/tombombadil/TOMBOMBADIL1735
1736	group_4943	/Users/sanchezh/Desktop/tombombadil/TOMBOMBADIL1736
1737	group_4942	/Users/sanchezh/Desktop/tombombadil/TOMBOMBADIL1737
1738	group_4911	/Users/sanchezh/Desktop/tombombadil/TOMBOMBADIL1738
1739	group_4892	/Users/sanchezh/Desktop/tombombadil/TOMBOMBADIL1739
1740	ftsX	/Users/sanchezh/Desktop/tombombadil/TOMBOMBADIL1740
1741	group_4889	/Users/sanchezh/Desktop/tombombadil/TOMBOMBADIL1741
1742	group_4888	/Users/sanchezh/Desktop/tombombadil/TOMBOMBADIL1742
1743	group_4870	/Users/sanchezh/Desktop/tombombadil/TOMBOMBADIL1743
1744	group_4865	/Users/sanchezh/Desktop/tombombadil/TOMBOMBADIL1744
1745	group_4864	/Users/sanchezh/Desktop/tombombadil/TOMBOMBADIL1745
1746	group_4843	/Users/sanchezh/Desktop/tombombadil/TOMBOMBADIL1746
1747	group_4841	/Users/sanchezh/Desktop/tombombadil/TOMBOMBADIL1747
1748	group_4838	/Users/sanchezh/Desktop/tombombadil/TOMBOMBADIL1748
1749	group_4825	/Users/sanchezh/Desktop/tombombadil/TOMBOMBADIL1749
1750	group_4823	/Users/sanchezh/Desktop/tombombadil/TOMBOMBADIL1750
1751	group_4809	/Users/sanchezh/Desktop/tombombadil/TOMBOMBADIL1751
1752	group_4789	/Users/sanchezh/Desktop/tombombadil/TOMBOMBADIL1752
1753	group_4786	/Users/sanchezh/Desktop/tombombadil/TOMBOMBADIL1753
1754	group_4784	/Users/sanchezh/Desktop/tombombadil/TOMBOMBADIL1754
1755	ychF	/Users/sanchezh/Desktop/tombombadil/TOMBOMBADIL1755
1756	meaB	/Users/sanchezh/Desktop/tombombadil/TOMBOMBADIL1756
1757	group_4780	/Users/sanchezh/Desktop/tombombadil/TOMBOMBADIL1757
1758	group_4776	/Users/sanchezh/Desktop/tombombadil/TOMBOMBADIL1758
1759	group_4760	/Users/sanchezh/Desktop/tombombadil/TOMBOMBADIL1759
1760	group_4751	/Users/sanchezh/Desktop/tombombadil/TOMBOMBADIL1760
1761	group_4750	/Users/sanchezh/Desktop/tombombadil/TOMBOMBADIL1761
1762	group_4730	/Users/sanchezh/Desktop/tombombadil/TOMBOMBADIL1762
1763	group_4712	/Users/sanchezh/Desktop/tombombadil/TOMBOMBADIL1763
1764	group_4701	/Users/sanchezh/Desktop/tombombadil/TOMBOMBADIL1764
1765	group_4695	/Users/sanchezh/Desktop/tombombadil/TOMBOMBADIL1765
1766	group_4692	/Users/sanchezh/Desktop/tombombadil/TOMBOMBADIL1766
1767	group_4691	/Users/sanchezh/Desktop/tombombadil/TOMBOMBADIL1767
1768	group_4690	/Users/sanchezh/Desktop/tombombadil/TOMBOMBADIL1768
1769	group_4686	/Users/sanchezh/Desktop/tombombadil/TOMBOMBADIL1769
1770	recA	/Users/sanchezh/Desktop/tombombadil/TOMBOMBADIL1770
1771	group_4676	/Users/sanchezh/Desktop/tombombadil/TOMBOMBADIL1771
1772	lysO	/Users/sanchezh/Desktop/tombombadil/TOMBOMBADIL1772
1773	group_4667	/Users/sanchezh/Desktop/tombombadil/TOMBOMBADIL1773
1774	group_4664	/Users/sanchezh/Desktop/tombombadil/TOMBOMBADIL1774
1775	group_4648	/Users/sanchezh/Desktop/tombombadil/TOMBOMBADIL1775
1776	group_4623	/Users/sanchezh/Desktop/tombombadil/TOMBOMBADIL1776
1777	group_4620	/Users/sanchezh/Desktop/tombombadil/TOMBOMBADIL1777
1778	group_4616	/Users/sanchezh/Desktop/tombombadil/TOMBOMBADIL1778
1779	group_4612	/Users/sanchezh/Desktop/tombombadil/TOMBOMBADIL1779
1780	group_4595	/Users/sanchezh/Desktop/tombombadil/TOMBOMBADIL1780
1781	group_4569	/Users/sanchezh/Desktop/tombombadil/TOMBOMBADIL1781
1782	group_4563	/Users/sanchezh/Desktop/tombombadil/TOMBOMBADIL1782
1783	group_4562	/Users/sanchezh/Desktop/tombombadil/TOMBOMBADIL1783
1784	group_4560	/Users/sanchezh/Desktop/tombombadil/TOMBOMBADIL1784
1785	group_4540	/Users/sanchezh/Desktop/tombombadil/TOMBOMBADIL1785
1786	group_4539	/Users/sanchezh/Desktop/tombombadil/TOMBOMBADIL1786
1787	group_4537	/Users/sanchezh/Desktop/tombombadil/TOMBOMBADIL1787
1788	group_4536	/Users/sanchezh/Desktop/tombombadil/TOMBOMBADIL1788
1789	group_4525	/Users/sanchezh/Desktop/tombombadil/TOMBOMBADIL1789
1790	group_4519	/Users/sanchezh/Desktop/tombombadil/TOMBOMBADIL1790
1791	group_4514	/Users/sanchezh/Desktop/tombombadil/TOMBOMBADIL1791
1792	nhaC	/Users/sanchezh/Desktop/tombombadil/TOMBOMBADIL1792
1793	exbD	/Users/sanchezh/Desktop/tombombadil/TOMBOMBADIL1793
1794	group_4491	/Users/sanchezh/Desktop/tombombadil/TOMBOMBADIL1794
1795	group_4485	/Users/sanchezh/Desktop/tombombadil/TOMBOMBADIL1795
1796	group_4482	/Users/sanchezh/Desktop/tombombadil/TOMBOMBADIL1796
1797	corA	/Users/sanchezh/Desktop/tombombadil/TOMBOMBADIL1797
1798	group_4477	/Users/sanchezh/Desktop/tombombadil/TOMBOMBADIL1798
1799	group_4476	/Users/sanchezh/Desktop/tombombadil/TOMBOMBADIL1799
1800	group_4474	/Users/sanchezh/Desktop/tombombadil/TOMBOMBADIL1800
1801	group_4471	/Users/sanchezh/Desktop/tombombadil/TOMBOMBADIL1801
1802	group_4456	/Users/sanchezh/Desktop/tombombadil/TOMBOMBADIL1802
1803	yheS	/Users/sanchezh/Desktop/tombombadil/TOMBOMBADIL1803
1804	group_4446	/Users/sanchezh/Desktop/tombombadil/TOMBOMBADIL1804
1805	group_4438	/Users/sanchezh/Desktop/tombombadil/TOMBOMBADIL1805
1806	group_4434	/Users/sanchezh/Desktop/tombombadil/TOMBOMBADIL1806
1807	group_4420	/Users/sanchezh/Desktop/tombombadil/TOMBOMBADIL1807
1808	group_4418	/Users/sanchezh/Desktop/tombombadil/TOMBOMBADIL1808
1809	group_4416	/Users/sanchezh/Desktop/tombombadil/TOMBOMBADIL1809
1810	group_4414	/Users/sanchezh/Desktop/tombombadil/TOMBOMBADIL1810
1811	group_4411	/Users/sanchezh/Desktop/tombombadil/TOMBOMBADIL1811
1812	group_4409	/Users/sanchezh/Desktop/tombombadil/TOMBOMBADIL1812
1813	group_4405	/Users/sanchezh/Desktop/tombombadil/TOMBOMBADIL1813
1814	group_4403	/Users/sanchezh/Desktop/tombombadil/TOMBOMBADIL1814
1815	group_4395	/Users/sanchezh/Desktop/tombombadil/TOMBOMBADIL1815
1816	group_4392	/Users/sanchezh/Desktop/tombombadil/TOMBOMBADIL1816
1817	group_4382	/Users/sanchezh/Desktop/tombombadil/TOMBOMBADIL1817
1818	group_4373	/Users/sanchezh/Desktop/tombombadil/TOMBOMBADIL1818
1819	group_4372	/Users/sanchezh/Desktop/tombombadil/TOMBOMBADIL1819
1820	group_4371	/Users/sanchezh/Desktop/tombombadil/TOMBOMBADIL1820
1821	group_4369	/Users/sanchezh/Desktop/tombombadil/TOMBOMBADIL1821
1822	group_4365	/Users/sanchezh/Desktop/tombombadil/TOMBOMBADIL1822
1823	group_4359	/Users/sanchezh/Desktop/tombombadil/TOMBOMBADIL1823
1824	group_4358	/Users/sanchezh/Desktop/tombombadil/TOMBOMBADIL1824
1825	group_4354	/Users/sanchezh/Desktop/tombombadil/TOMBOMBADIL1825
1826	group_4347	/Users/sanchezh/Desktop/tombombadil/TOMBOMBADIL1826
1827	kdpC	/Users/sanchezh/Desktop/tombombadil/TOMBOMBADIL1827
1828	group_4342	/Users/sanchezh/Desktop/tombombadil/TOMBOMBADIL1828
1829	group_4335	/Users/sanchezh/Desktop/tombombadil/TOMBOMBADIL1829
1830	group_4326	/Users/sanchezh/Desktop/tombombadil/TOMBOMBADIL1830
1831	group_4325	/Users/sanchezh/Desktop/tombombadil/TOMBOMBADIL1831
1832	group_4320	/Users/sanchezh/Desktop/tombombadil/TOMBOMBADIL1832
1833	group_4319	/Users/sanchezh/Desktop/tombombadil/TOMBOMBADIL1833
1834	group_4299	/Users/sanchezh/Desktop/tombombadil/TOMBOMBADIL1834
1835	group_4297	/Users/sanchezh/Desktop/tombombadil/TOMBOMBADIL1835
1836	dprA	/Users/sanchezh/Desktop/tombombadil/TOMBOMBADIL1836
1837	group_4287	/Users/sanchezh/Desktop/tombombadil/TOMBOMBADIL1837
1838	group_4284	/Users/sanchezh/Desktop/tombombadil/TOMBOMBADIL1838
1839	group_4280	/Users/sanchezh/Desktop/tombombadil/TOMBOMBADIL1839
1840	group_4268	/Users/sanchezh/Desktop/tombombadil/TOMBOMBADIL1840
1841	group_4267	/Users/sanchezh/Desktop/tombombadil/TOMBOMBADIL1841
1842	ribD	/Users/sanchezh/Desktop/tombombadil/TOMBOMBADIL1842
1843	group_4253	/Users/sanchezh/Desktop/tombombadil/TOMBOMBADIL1843
1844	group_4252	/Users/sanchezh/Desktop/tombombadil/TOMBOMBADIL1844
1845	group_4243	/Users/sanchezh/Desktop/tombombadil/TOMBOMBADIL1845
1846	group_4242	/Users/sanchezh/Desktop/tombombadil/TOMBOMBADIL1846
1847	group_4241	/Users/sanchezh/Desktop/tombombadil/TOMBOMBADIL1847
1848	group_4240	/Users/sanchezh/Desktop/tombombadil/TOMBOMBADIL1848
1849	group_4233	/Users/sanchezh/Desktop/tombombadil/TOMBOMBADIL1849
1850	ybaN	/Users/sanchezh/Desktop/tombombadil/TOMBOMBADIL1850
1851	group_4214	/Users/sanchezh/Desktop/tombombadil/TOMBOMBADIL1851
1852	group_4207	/Users/sanchezh/Desktop/tombombadil/TOMBOMBADIL1852
1853	group_4201	/Users/sanchezh/Desktop/tombombadil/TOMBOMBADIL1853
1854	group_4191	/Users/sanchezh/Desktop/tombombadil/TOMBOMBADIL1854
1855	group_4189	/Users/sanchezh/Desktop/tombombadil/TOMBOMBADIL1855
1856	group_4169	/Users/sanchezh/Desktop/tombombadil/TOMBOMBADIL1856
1857	group_4156	/Users/sanchezh/Desktop/tombombadil/TOMBOMBADIL1857
1858	group_4155	/Users/sanchezh/Desktop/tombombadil/TOMBOMBADIL1858
1859	group_4149	/Users/sanchezh/Desktop/tombombadil/TOMBOMBADIL1859
1860	group_4146	/Users/sanchezh/Desktop/tombombadil/TOMBOMBADIL1860
1861	group_4135	/Users/sanchezh/Desktop/tombombadil/TOMBOMBADIL1861
1862	group_4129	/Users/sanchezh/Desktop/tombombadil/TOMBOMBADIL1862
1863	group_4092	/Users/sanchezh/Desktop/tombombadil/TOMBOMBADIL1863
1864	group_4091	/Users/sanchezh/Desktop/tombombadil/TOMBOMBADIL1864
1865	recF	/Users/sanchezh/Desktop/tombombadil/TOMBOMBADIL1865
1866	group_4086	/Users/sanchezh/Desktop/tombombadil/TOMBOMBADIL1866
1867	group_4082	/Users/sanchezh/Desktop/tombombadil/TOMBOMBADIL1867
1868	group_4079	/Users/sanchezh/Desktop/tombombadil/TOMBOMBADIL1868
1869	group_4078	/Users/sanchezh/Desktop/tombombadil/TOMBOMBADIL1869
1870	group_4066	/Users/sanchezh/Desktop/tombombadil/TOMBOMBADIL1870
1871	mntP	/Users/sanchezh/Desktop/tombombadil/TOMBOMBADIL1871
1872	group_4062	/Users/sanchezh/Desktop/tombombadil/TOMBOMBADIL1872
1873	group_4054	/Users/sanchezh/Desktop/tombombadil/TOMBOMBADIL1873
1874	group_4035	/Users/sanchezh/Desktop/tombombadil/TOMBOMBADIL1874
1875	group_4025	/Users/sanchezh/Desktop/tombombadil/TOMBOMBADIL1875
1876	group_4022	/Users/sanchezh/Desktop/tombombadil/TOMBOMBADIL1876
1877	group_4021	/Users/sanchezh/Desktop/tombombadil/TOMBOMBADIL1877
1878	group_4020	/Users/sanchezh/Desktop/tombombadil/TOMBOMBADIL1878
1879	group_4016	/Users/sanchezh/Desktop/tombombadil/TOMBOMBADIL1879
1880	group_3992	/Users/sanchezh/Desktop/tombombadil/TOMBOMBADIL1880
1881	group_3987	/Users/sanchezh/Desktop/tombombadil/TOMBOMBADIL1881
1882	group_3986	/Users/sanchezh/Desktop/tombombadil/TOMBOMBADIL1882
1883	ygjK	/Users/sanchezh/Desktop/tombombadil/TOMBOMBADIL1883
1884	group_3978	/Users/sanchezh/Desktop/tombombadil/TOMBOMBADIL1884
1885	group_3975	/Users/sanchezh/Desktop/tombombadil/TOMBOMBADIL1885
1886	group_3971	/Users/sanchezh/Desktop/tombombadil/TOMBOMBADIL1886
1887	group_3967	/Users/sanchezh/Desktop/tombombadil/TOMBOMBADIL1887
1888	group_3961	/Users/sanchezh/Desktop/tombombadil/TOMBOMBADIL1888
1889	group_3955	/Users/sanchezh/Desktop/tombombadil/TOMBOMBADIL1889
1890	group_3948	/Users/sanchezh/Desktop/tombombadil/TOMBOMBADIL1890
1891	group_3927	/Users/sanchezh/Desktop/tombombadil/TOMBOMBADIL1891
1892	group_3925	/Users/sanchezh/Desktop/tombombadil/TOMBOMBADIL1892
1893	group_3922	/Users/sanchezh/Desktop/tombombadil/TOMBOMBADIL1893
1894	group_3916	/Users/sanchezh/Desktop/tombombadil/TOMBOMBADIL1894
1895	group_3909	/Users/sanchezh/Desktop/tombombadil/TOMBOMBADIL1895
1896	group_3898	/Users/sanchezh/Desktop/tombombadil/TOMBOMBADIL1896
1897	group_3895	/Users/sanchezh/Desktop/tombombadil/TOMBOMBADIL1897
1898	group_3891	/Users/sanchezh/Desktop/tombombadil/TOMBOMBADIL1898
1899	surE	/Users/sanchezh/Desktop/tombombadil/TOMBOMBADIL1899
1900	group_3889	/Users/sanchezh/Desktop/tombombadil/TOMBOMBADIL1900
1901	group_3888	/Users/sanchezh/Desktop/tombombadil/TOMBOMBADIL1901
1902	group_3887	/Users/sanchezh/Desktop/tombombadil/TOMBOMBADIL1902
1903	group_3882	/Users/sanchezh/Desktop/tombombadil/TOMBOMBADIL1903
1904	group_3878	/Users/sanchezh/Desktop/tombombadil/TOMBOMBADIL1904
1905	group_3867	/Users/sanchezh/Desktop/tombombadil/TOMBOMBADIL1905
1906	group_3859	/Users/sanchezh/Desktop/tombombadil/TOMBOMBADIL1906
1907	raiA	/Users/sanchezh/Desktop/tombombadil/TOMBOMBADIL1907
1908	nusG	/Users/sanchezh/Desktop/tombombadil/TOMBOMBADIL1908
1909	group_3843	/Users/sanchezh/Desktop/tombombadil/TOMBOMBADIL1909
1910	group_3826	/Users/sanchezh/Desktop/tombombadil/TOMBOMBADIL1910
1911	group_3825	/Users/sanchezh/Desktop/tombombadil/TOMBOMBADIL1911
1912	group_3824	/Users/sanchezh/Desktop/tombombadil/TOMBOMBADIL1912
1913	group_3811	/Users/sanchezh/Desktop/tombombadil/TOMBOMBADIL1913
1914	group_3804	/Users/sanchezh/Desktop/tombombadil/TOMBOMBADIL1914
1915	group_3800	/Users/sanchezh/Desktop/tombombadil/TOMBOMBADIL1915
1916	group_3798	/Users/sanchezh/Desktop/tombombadil/TOMBOMBADIL1916
1917	group_3794	/Users/sanchezh/Desktop/tombombadil/TOMBOMBADIL1917
1918	frrB	/Users/sanchezh/Desktop/tombombadil/TOMBOMBADIL1918
1919	group_3789	/Users/sanchezh/Desktop/tombombadil/TOMBOMBADIL1919
1920	group_3787	/Users/sanchezh/Desktop/tombombadil/TOMBOMBADIL1920
1921	group_3780	/Users/sanchezh/Desktop/tombombadil/TOMBOMBADIL1921
1922	group_3772	/Users/sanchezh/Desktop/tombombadil/TOMBOMBADIL1922
1923	group_3771	/Users/sanchezh/Desktop/tombombadil/TOMBOMBADIL1923
1924	group_3766	/Users/sanchezh/Desktop/tombombadil/TOMBOMBADIL1924
1925	group_3763	/Users/sanchezh/Desktop/tombombadil/TOMBOMBADIL1925
1926	group_3761	/Users/sanchezh/Desktop/tombombadil/TOMBOMBADIL1926
1927	group_3760	/Users/sanchezh/Desktop/tombombadil/TOMBOMBADIL1927
1928	group_3759	/Users/sanchezh/Desktop/tombombadil/TOMBOMBADIL1928
1929	group_3749	/Users/sanchezh/Desktop/tombombadil/TOMBOMBADIL1929
1930	group_3739	/Users/sanchezh/Desktop/tombombadil/TOMBOMBADIL1930
1931	group_3733	/Users/sanchezh/Desktop/tombombadil/TOMBOMBADIL1931
1932	group_3732	/Users/sanchezh/Desktop/tombombadil/TOMBOMBADIL1932
1933	group_3731	/Users/sanchezh/Desktop/tombombadil/TOMBOMBADIL1933
1934	group_3727	/Users/sanchezh/Desktop/tombombadil/TOMBOMBADIL1934
1935	group_3723	/Users/sanchezh/Desktop/tombombadil/TOMBOMBADIL1935
1936	group_3722	/Users/sanchezh/Desktop/tombombadil/TOMBOMBADIL1936
1937	group_3719	/Users/sanchezh/Desktop/tombombadil/TOMBOMBADIL1937
1938	group_3711	/Users/sanchezh/Desktop/tombombadil/TOMBOMBADIL1938
1939	ykgB	/Users/sanchezh/Desktop/tombombadil/TOMBOMBADIL1939
1940	group_3677	/Users/sanchezh/Desktop/tombombadil/TOMBOMBADIL1940
1941	group_3672	/Users/sanchezh/Desktop/tombombadil/TOMBOMBADIL1941
1942	group_3666	/Users/sanchezh/Desktop/tombombadil/TOMBOMBADIL1942
1943	group_3663	/Users/sanchezh/Desktop/tombombadil/TOMBOMBADIL1943
1944	group_3662	/Users/sanchezh/Desktop/tombombadil/TOMBOMBADIL1944
1945	group_3658	/Users/sanchezh/Desktop/tombombadil/TOMBOMBADIL1945
1946	group_3654	/Users/sanchezh/Desktop/tombombadil/TOMBOMBADIL1946
1947	group_3646	/Users/sanchezh/Desktop/tombombadil/TOMBOMBADIL1947
1948	group_3645	/Users/sanchezh/Desktop/tombombadil/TOMBOMBADIL1948
1949	group_3640	/Users/sanchezh/Desktop/tombombadil/TOMBOMBADIL1949
1950	group_3625	/Users/sanchezh/Desktop/tombombadil/TOMBOMBADIL1950
1951	group_3622	/Users/sanchezh/Desktop/tombombadil/TOMBOMBADIL1951
1952	group_3617	/Users/sanchezh/Desktop/tombombadil/TOMBOMBADIL1952
1953	group_3613	/Users/sanchezh/Desktop/tombombadil/TOMBOMBADIL1953
1954	group_3612	/Users/sanchezh/Desktop/tombombadil/TOMBOMBADIL1954
1955	group_3609	/Users/sanchezh/Desktop/tombombadil/TOMBOMBADIL1955
1956	group_3597	/Users/sanchezh/Desktop/tombombadil/TOMBOMBADIL1956
1957	group_3593	/Users/sanchezh/Desktop/tombombadil/TOMBOMBADIL1957
1958	group_3586	/Users/sanchezh/Desktop/tombombadil/TOMBOMBADIL1958
1959	group_3583	/Users/sanchezh/Desktop/tombombadil/TOMBOMBADIL1959
1960	group_3580	/Users/sanchezh/Desktop/tombombadil/TOMBOMBADIL1960
1961	group_3578	/Users/sanchezh/Desktop/tombombadil/TOMBOMBADIL1961
1962	group_3566	/Users/sanchezh/Desktop/tombombadil/TOMBOMBADIL1962
1963	group_3562	/Users/sanchezh/Desktop/tombombadil/TOMBOMBADIL1963
1964	group_3558	/Users/sanchezh/Desktop/tombombadil/TOMBOMBADIL1964
1965	group_3551	/Users/sanchezh/Desktop/tombombadil/TOMBOMBADIL1965
1966	group_3541	/Users/sanchezh/Desktop/tombombadil/TOMBOMBADIL1966
1967	group_3538	/Users/sanchezh/Desktop/tombombadil/TOMBOMBADIL1967
1968	group_3528	/Users/sanchezh/Desktop/tombombadil/TOMBOMBADIL1968
1969	group_3526	/Users/sanchezh/Desktop/tombombadil/TOMBOMBADIL1969
1970	group_3523	/Users/sanchezh/Desktop/tombombadil/TOMBOMBADIL1970
1971	group_3515	/Users/sanchezh/Desktop/tombombadil/TOMBOMBADIL1971
1972	group_3499	/Users/sanchezh/Desktop/tombombadil/TOMBOMBADIL1972
1973	group_3492	/Users/sanchezh/Desktop/tombombadil/TOMBOMBADIL1973
1974	group_3488	/Users/sanchezh/Desktop/tombombadil/TOMBOMBADIL1974
1975	group_3486	/Users/sanchezh/Desktop/tombombadil/TOMBOMBADIL1975
1976	rprY	/Users/sanchezh/Desktop/tombombadil/TOMBOMBADIL1976
1977	group_3479	/Users/sanchezh/Desktop/tombombadil/TOMBOMBADIL1977
1978	group_3478	/Users/sanchezh/Desktop/tombombadil/TOMBOMBADIL1978
1979	group_3475	/Users/sanchezh/Desktop/tombombadil/TOMBOMBADIL1979
1980	group_3474	/Users/sanchezh/Desktop/tombombadil/TOMBOMBADIL1980
1981	merR	/Users/sanchezh/Desktop/tombombadil/TOMBOMBADIL1981
1982	group_3468	/Users/sanchezh/Desktop/tombombadil/TOMBOMBADIL1982
1983	group_3459	/Users/sanchezh/Desktop/tombombadil/TOMBOMBADIL1983
1984	group_3457	/Users/sanchezh/Desktop/tombombadil/TOMBOMBADIL1984
1985	group_3456	/Users/sanchezh/Desktop/tombombadil/TOMBOMBADIL1985
1986	group_3447	/Users/sanchezh/Desktop/tombombadil/TOMBOMBADIL1986
1987	group_3435	/Users/sanchezh/Desktop/tombombadil/TOMBOMBADIL1987
1988	group_3423	/Users/sanchezh/Desktop/tombombadil/TOMBOMBADIL1988
1989	group_3422	/Users/sanchezh/Desktop/tombombadil/TOMBOMBADIL1989
1990	group_3420	/Users/sanchezh/Desktop/tombombadil/TOMBOMBADIL1990
1991	group_3414	/Users/sanchezh/Desktop/tombombadil/TOMBOMBADIL1991
1992	group_3402	/Users/sanchezh/Desktop/tombombadil/TOMBOMBADIL1992
1993	group_3397	/Users/sanchezh/Desktop/tombombadil/TOMBOMBADIL1993
1994	group_3388	/Users/sanchezh/Desktop/tombombadil/TOMBOMBADIL1994
1995	group_3386	/Users/sanchezh/Desktop/tombombadil/TOMBOMBADIL1995
1996	rmuC	/Users/sanchezh/Desktop/tombombadil/TOMBOMBADIL1996
1997	group_3380	/Users/sanchezh/Desktop/tombombadil/TOMBOMBADIL1997
1998	group_3378	/Users/sanchezh/Desktop/tombombadil/TOMBOMBADIL1998
1999	group_3376	/Users/sanchezh/Desktop/tombombadil/TOMBOMBADIL1999
2000	group_3375	/Users/sanchezh/Desktop/tombombadil/TOMBOMBADIL2000
2001	group_3374	/Users/sanchezh/Desktop/tombombadil/TOMBOMBADIL2001
2002	group_3362	/Users/sanchezh/Desktop/tombombadil/TOMBOMBADIL2002
2003	group_3358	/Users/sanchezh/Desktop/tombombadil/TOMBOMBADIL2003
2004	group_3356	/Users/sanchezh/Desktop/tombombadil/TOMBOMBADIL2004
2005	group_3355	/Users/sanchezh/Desktop/tombombadil/TOMBOMBADIL2005
2006	group_3347	/Users/sanchezh/Desktop/tombombadil/TOMBOMBADIL2006
2007	group_3342	/Users/sanchezh/Desktop/tombombadil/TOMBOMBADIL2007
2008	group_3341	/Users/sanchezh/Desktop/tombombadil/TOMBOMBADIL2008
2009	group_3340	/Users/sanchezh/Desktop/tombombadil/TOMBOMBADIL2009
2010	group_3339	/Users/sanchezh/Desktop/tombombadil/TOMBOMBADIL2010
2011	group_3338	/Users/sanchezh/Desktop/tombombadil/TOMBOMBADIL2011
2012	group_3337	/Users/sanchezh/Desktop/tombombadil/TOMBOMBADIL2012
2013	group_3334	/Users/sanchezh/Desktop/tombombadil/TOMBOMBADIL2013
2014	group_3323	/Users/sanchezh/Desktop/tombombadil/TOMBOMBADIL2014
2015	group_3319	/Users/sanchezh/Desktop/tombombadil/TOMBOMBADIL2015
2016	group_3318	/Users/sanchezh/Desktop/tombombadil/TOMBOMBADIL2016
2017	group_3303	/Users/sanchezh/Desktop/tombombadil/TOMBOMBADIL2017
2018	group_3300	/Users/sanchezh/Desktop/tombombadil/TOMBOMBADIL2018
2019	group_3297	/Users/sanchezh/Desktop/tombombadil/TOMBOMBADIL2019
2020	group_3295	/Users/sanchezh/Desktop/tombombadil/TOMBOMBADIL2020
2021	group_3276	/Users/sanchezh/Desktop/tombombadil/TOMBOMBADIL2021
2022	group_3275	/Users/sanchezh/Desktop/tombombadil/TOMBOMBADIL2022
2023	clpX	/Users/sanchezh/Desktop/tombombadil/TOMBOMBADIL2023
2024	group_3273	/Users/sanchezh/Desktop/tombombadil/TOMBOMBADIL2024
2025	group_3251	/Users/sanchezh/Desktop/tombombadil/TOMBOMBADIL2025
2026	group_3250	/Users/sanchezh/Desktop/tombombadil/TOMBOMBADIL2026
2027	group_3245	/Users/sanchezh/Desktop/tombombadil/TOMBOMBADIL2027
2028	group_3231	/Users/sanchezh/Desktop/tombombadil/TOMBOMBADIL2028
2029	group_3226	/Users/sanchezh/Desktop/tombombadil/TOMBOMBADIL2029
2030	group_3218	/Users/sanchezh/Desktop/tombombadil/TOMBOMBADIL2030
2031	group_3215	/Users/sanchezh/Desktop/tombombadil/TOMBOMBADIL2031
2032	group_3205	/Users/sanchezh/Desktop/tombombadil/TOMBOMBADIL2032
2033	group_3193	/Users/sanchezh/Desktop/tombombadil/TOMBOMBADIL2033
2034	group_3191	/Users/sanchezh/Desktop/tombombadil/TOMBOMBADIL2034
2035	group_3181	/Users/sanchezh/Desktop/tombombadil/TOMBOMBADIL2035
2036	group_3180	/Users/sanchezh/Desktop/tombombadil/TOMBOMBADIL2036
2037	hflX	/Users/sanchezh/Desktop/tombombadil/TOMBOMBADIL2037
2038	group_3152	/Users/sanchezh/Desktop/tombombadil/TOMBOMBADIL2038
2039	group_3151	/Users/sanchezh/Desktop/tombombadil/TOMBOMBADIL2039
2040	group_3147	/Users/sanchezh/Desktop/tombombadil/TOMBOMBADIL2040
2041	group_3141	/Users/sanchezh/Desktop/tombombadil/TOMBOMBADIL2041
2042	nusA	/Users/sanchezh/Desktop/tombombadil/TOMBOMBADIL2042
2043	group_3091	/Users/sanchezh/Desktop/tombombadil/TOMBOMBADIL2043
2044	group_3064	/Users/sanchezh/Desktop/tombombadil/TOMBOMBADIL2044
2045	group_3063	/Users/sanchezh/Desktop/tombombadil/TOMBOMBADIL2045
2046	group_3059	/Users/sanchezh/Desktop/tombombadil/TOMBOMBADIL2046
2047	group_3031	/Users/sanchezh/Desktop/tombombadil/TOMBOMBADIL2047
2048	group_3029	/Users/sanchezh/Desktop/tombombadil/TOMBOMBADIL2048
2049	group_2898	/Users/sanchezh/Desktop/tombombadil/TOMBOMBADIL2049
2050	group_2897	/Users/sanchezh/Desktop/tombombadil/TOMBOMBADIL2050
2051	group_2866	/Users/sanchezh/Desktop/tombombadil/TOMBOMBADIL2051
2052	group_2864	/Users/sanchezh/Desktop/tombombadil/TOMBOMBADIL2052
2053	group_2860	/Users/sanchezh/Desktop/tombombadil/TOMBOMBADIL2053
2054	group_2856	/Users/sanchezh/Desktop/tombombadil/TOMBOMBADIL2054
2055	group_2823	/Users/sanchezh/Desktop/tombombadil/TOMBOMBADIL2055
2056	group_2792	/Users/sanchezh/Desktop/tombombadil/TOMBOMBADIL2056
2057	group_2675	/Users/sanchezh/Desktop/tombombadil/TOMBOMBADIL2057
2058	group_2645	/Users/sanchezh/Desktop/tombombadil/TOMBOMBADIL2058
2059	group_2644	/Users/sanchezh/Desktop/tombombadil/TOMBOMBADIL2059
2060	ftsW	/Users/sanchezh/Desktop/tombombadil/TOMBOMBADIL2060
2061	group_2619	/Users/sanchezh/Desktop/tombombadil/TOMBOMBADIL2061
2062	group_2618	/Users/sanchezh/Desktop/tombombadil/TOMBOMBADIL2062
2063	nhaA	/Users/sanchezh/Desktop/tombombadil/TOMBOMBADIL2063
2064	group_2584	/Users/sanchezh/Desktop/tombombadil/TOMBOMBADIL2064
2065	group_2558	/Users/sanchezh/Desktop/tombombadil/TOMBOMBADIL2065
2066	group_2534	/Users/sanchezh/Desktop/tombombadil/TOMBOMBADIL2066
2067	group_2529	/Users/sanchezh/Desktop/tombombadil/TOMBOMBADIL2067
2068	group_2527	/Users/sanchezh/Desktop/tombombadil/TOMBOMBADIL2068
2069	group_2524	/Users/sanchezh/Desktop/tombombadil/TOMBOMBADIL2069
2070	group_2505	/Users/sanchezh/Desktop/tombombadil/TOMBOMBADIL2070
2071	group_2470	/Users/sanchezh/Desktop/tombombadil/TOMBOMBADIL2071
2072	group_2456	/Users/sanchezh/Desktop/tombombadil/TOMBOMBADIL2072
2073	group_2450	/Users/sanchezh/Desktop/tombombadil/TOMBOMBADIL2073
2074	group_2447	/Users/sanchezh/Desktop/tombombadil/TOMBOMBADIL2074
2075	group_2427	/Users/sanchezh/Desktop/tombombadil/TOMBOMBADIL2075
2076	trkA	/Users/sanchezh/Desktop/tombombadil/TOMBOMBADIL2076
2077	group_2390	/Users/sanchezh/Desktop/tombombadil/TOMBOMBADIL2077
2078	group_2388	/Users/sanchezh/Desktop/tombombadil/TOMBOMBADIL2078
2079	group_2376	/Users/sanchezh/Desktop/tombombadil/TOMBOMBADIL2079
2080	group_2372	/Users/sanchezh/Desktop/tombombadil/TOMBOMBADIL2080
2081	ntrC	/Users/sanchezh/Desktop/tombombadil/TOMBOMBADIL2081
2082	group_2179	/Users/sanchezh/Desktop/tombombadil/TOMBOMBADIL2082
2083	group_2121	/Users/sanchezh/Desktop/tombombadil/TOMBOMBADIL2083
2084	group_2101	/Users/sanchezh/Desktop/tombombadil/TOMBOMBADIL2084
2085	group_2088	/Users/sanchezh/Desktop/tombombadil/TOMBOMBADIL2085
2086	carD	/Users/sanchezh/Desktop/tombombadil/TOMBOMBADIL2086
2087	group_2087	/Users/sanchezh/Desktop/tombombadil/TOMBOMBADIL2087
2088	group_2075	/Users/sanchezh/Desktop/tombombadil/TOMBOMBADIL2088
2089	group_2074	/Users/sanchezh/Desktop/tombombadil/TOMBOMBADIL2089
2090	group_2055	/Users/sanchezh/Desktop/tombombadil/TOMBOMBADIL2090
2091	group_2054	/Users/sanchezh/Desktop/tombombadil/TOMBOMBADIL2091
2092	group_2011	/Users/sanchezh/Desktop/tombombadil/TOMBOMBADIL2092
2093	mepA	/Users/sanchezh/Desktop/tombombadil/TOMBOMBADIL2093
2094	group_1998	/Users/sanchezh/Desktop/tombombadil/TOMBOMBADIL2094
2095	group_1957	/Users/sanchezh/Desktop/tombombadil/TOMBOMBADIL2095
2096	group_1950	/Users/sanchezh/Desktop/tombombadil/TOMBOMBADIL2096
2097	group_1938	/Users/sanchezh/Desktop/tombombadil/TOMBOMBADIL2097
2098	group_1931	/Users/sanchezh/Desktop/tombombadil/TOMBOMBADIL2098
2099	hldE	/Users/sanchezh/Desktop/tombombadil/TOMBOMBADIL2099
2100	ftsA	/Users/sanchezh/Desktop/tombombadil/TOMBOMBADIL2100
2101	abgT	/Users/sanchezh/Desktop/tombombadil/TOMBOMBADIL2101
2102	group_1912	/Users/sanchezh/Desktop/tombombadil/TOMBOMBADIL2102
2103	group_1904	/Users/sanchezh/Desktop/tombombadil/TOMBOMBADIL2103
2104	group_1903	/Users/sanchezh/Desktop/tombombadil/TOMBOMBADIL2104
2105	group_1876	/Users/sanchezh/Desktop/tombombadil/TOMBOMBADIL2105
2106	group_1861	/Users/sanchezh/Desktop/tombombadil/TOMBOMBADIL2106
2107	group_1854	/Users/sanchezh/Desktop/tombombadil/TOMBOMBADIL2107
2108	sufB	/Users/sanchezh/Desktop/tombombadil/TOMBOMBADIL2108
2109	group_1840	/Users/sanchezh/Desktop/tombombadil/TOMBOMBADIL2109
2110	group_1839	/Users/sanchezh/Desktop/tombombadil/TOMBOMBADIL2110
2111	group_1834	/Users/sanchezh/Desktop/tombombadil/TOMBOMBADIL2111
2112	group_1783	/Users/sanchezh/Desktop/tombombadil/TOMBOMBADIL2112
2113	group_1762	/Users/sanchezh/Desktop/tombombadil/TOMBOMBADIL2113
2114	group_1755	/Users/sanchezh/Desktop/tombombadil/TOMBOMBADIL2114
2115	group_1754	/Users/sanchezh/Desktop/tombombadil/TOMBOMBADIL2115
2116	group_1747	/Users/sanchezh/Desktop/tombombadil/TOMBOMBADIL2116
2117	group_1734	/Users/sanchezh/Desktop/tombombadil/TOMBOMBADIL2117
2118	group_1724	/Users/sanchezh/Desktop/tombombadil/TOMBOMBADIL2118
2119	group_1703	/Users/sanchezh/Desktop/tombombadil/TOMBOMBADIL2119
2120	group_1690	/Users/sanchezh/Desktop/tombombadil/TOMBOMBADIL2120
2121	group_1689	/Users/sanchezh/Desktop/tombombadil/TOMBOMBADIL2121
2122	group_1680	/Users/sanchezh/Desktop/tombombadil/TOMBOMBADIL2122
2123	group_1675	/Users/sanchezh/Desktop/tombombadil/TOMBOMBADIL2123
2124	purH	/Users/sanchezh/Desktop/tombombadil/TOMBOMBADIL2124
2125	group_1654	/Users/sanchezh/Desktop/tombombadil/TOMBOMBADIL2125
2126	group_1634	/Users/sanchezh/Desktop/tombombadil/TOMBOMBADIL2126
2127	group_1627	/Users/sanchezh/Desktop/tombombadil/TOMBOMBADIL2127
2128	group_1624	/Users/sanchezh/Desktop/tombombadil/TOMBOMBADIL2128
2129	group_1609	/Users/sanchezh/Desktop/tombombadil/TOMBOMBADIL2129
2130	group_1582	/Users/sanchezh/Desktop/tombombadil/TOMBOMBADIL2130
2131	group_1547	/Users/sanchezh/Desktop/tombombadil/TOMBOMBADIL2131
2132	group_1540	/Users/sanchezh/Desktop/tombombadil/TOMBOMBADIL2132
2133	group_1535	/Users/sanchezh/Desktop/tombombadil/TOMBOMBADIL2133
2134	group_1522	/Users/sanchezh/Desktop/tombombadil/TOMBOMBADIL2134
2135	group_1511	/Users/sanchezh/Desktop/tombombadil/TOMBOMBADIL2135
2136	group_1504	/Users/sanchezh/Desktop/tombombadil/TOMBOMBADIL2136
2137	group_1502	/Users/sanchezh/Desktop/tombombadil/TOMBOMBADIL2137
2138	iorA	/Users/sanchezh/Desktop/tombombadil/TOMBOMBADIL2138
2139	group_1483	/Users/sanchezh/Desktop/tombombadil/TOMBOMBADIL2139
2140	group_1471	/Users/sanchezh/Desktop/tombombadil/TOMBOMBADIL2140
2141	group_1466	/Users/sanchezh/Desktop/tombombadil/TOMBOMBADIL2141
2142	group_1442	/Users/sanchezh/Desktop/tombombadil/TOMBOMBADIL2142
2143	group_1415	/Users/sanchezh/Desktop/tombombadil/TOMBOMBADIL2143
2144	group_1399	/Users/sanchezh/Desktop/tombombadil/TOMBOMBADIL2144
2145	group_1380	/Users/sanchezh/Desktop/tombombadil/TOMBOMBADIL2145
2146	group_1373	/Users/sanchezh/Desktop/tombombadil/TOMBOMBADIL2146
2147	group_1361	/Users/sanchezh/Desktop/tombombadil/TOMBOMBADIL2147
2148	group_1357	/Users/sanchezh/Desktop/tombombadil/TOMBOMBADIL2148
2149	group_1356	/Users/sanchezh/Desktop/tombombadil/TOMBOMBADIL2149
2150	recN	/Users/sanchezh/Desktop/tombombadil/TOMBOMBADIL2150
2151	group_1346	/Users/sanchezh/Desktop/tombombadil/TOMBOMBADIL2151
2152	group_1325	/Users/sanchezh/Desktop/tombombadil/TOMBOMBADIL2152
2153	group_1324	/Users/sanchezh/Desktop/tombombadil/TOMBOMBADIL2153
2154	group_1319	/Users/sanchezh/Desktop/tombombadil/TOMBOMBADIL2154
2155	group_1303	/Users/sanchezh/Desktop/tombombadil/TOMBOMBADIL2155
2156	group_1302	/Users/sanchezh/Desktop/tombombadil/TOMBOMBADIL2156
2157	ettA	/Users/sanchezh/Desktop/tombombadil/TOMBOMBADIL2157
2158	group_1292	/Users/sanchezh/Desktop/tombombadil/TOMBOMBADIL2158
2159	group_1289	/Users/sanchezh/Desktop/tombombadil/TOMBOMBADIL2159
2160	group_1286	/Users/sanchezh/Desktop/tombombadil/TOMBOMBADIL2160
2161	recJ	/Users/sanchezh/Desktop/tombombadil/TOMBOMBADIL2161
2162	group_1249	/Users/sanchezh/Desktop/tombombadil/TOMBOMBADIL2162
2163	group_1234	/Users/sanchezh/Desktop/tombombadil/TOMBOMBADIL2163
2164	group_1233	/Users/sanchezh/Desktop/tombombadil/TOMBOMBADIL2164
2165	group_1224	/Users/sanchezh/Desktop/tombombadil/TOMBOMBADIL2165
2166	group_1219	/Users/sanchezh/Desktop/tombombadil/TOMBOMBADIL2166
2167	group_1212	/Users/sanchezh/Desktop/tombombadil/TOMBOMBADIL2167
2168	group_1185	/Users/sanchezh/Desktop/tombombadil/TOMBOMBADIL2168
2169	group_1176	/Users/sanchezh/Desktop/tombombadil/TOMBOMBADIL2169
2170	group_1164	/Users/sanchezh/Desktop/tombombadil/TOMBOMBADIL2170
2171	bipA	/Users/sanchezh/Desktop/tombombadil/TOMBOMBADIL2171
2172	group_1142	/Users/sanchezh/Desktop/tombombadil/TOMBOMBADIL2172
2173	group_1141	/Users/sanchezh/Desktop/tombombadil/TOMBOMBADIL2173
2174	group_1119	/Users/sanchezh/Desktop/tombombadil/TOMBOMBADIL2174
2175	group_1106	/Users/sanchezh/Desktop/tombombadil/TOMBOMBADIL2175
2176	group_1102	/Users/sanchezh/Desktop/tombombadil/TOMBOMBADIL2176
2177	group_1096	/Users/sanchezh/Desktop/tombombadil/TOMBOMBADIL2177
2178	group_1092	/Users/sanchezh/Desktop/tombombadil/TOMBOMBADIL2178
2179	group_1081	/Users/sanchezh/Desktop/tombombadil/TOMBOMBADIL2179
2180	group_1076	/Users/sanchezh/Desktop/tombombadil/TOMBOMBADIL2180
2181	group_1069	/Users/sanchezh/Desktop/tombombadil/TOMBOMBADIL2181
2182	group_1068	/Users/sanchezh/Desktop/tombombadil/TOMBOMBADIL2182
2183	group_1062	/Users/sanchezh/Desktop/tombombadil/TOMBOMBADIL2183
2184	yidC	/Users/sanchezh/Desktop/tombombadil/TOMBOMBADIL2184
2185	group_1061	/Users/sanchezh/Desktop/tombombadil/TOMBOMBADIL2185
2186	group_1030	/Users/sanchezh/Desktop/tombombadil/TOMBOMBADIL2186
2187	group_1027	/Users/sanchezh/Desktop/tombombadil/TOMBOMBADIL2187
2188	group_1025	/Users/sanchezh/Desktop/tombombadil/TOMBOMBADIL2188
2189	group_1024	/Users/sanchezh/Desktop/tombombadil/TOMBOMBADIL2189
2190	group_1022	/Users/sanchezh/Desktop/tombombadil/TOMBOMBADIL2190
2191	group_1021	/Users/sanchezh/Desktop/tombombadil/TOMBOMBADIL2191
2192	group_1007	/Users/sanchezh/Desktop/tombombadil/TOMBOMBADIL2192
2193	group_992	/Users/sanchezh/Desktop/tombombadil/TOMBOMBADIL2193
2194	group_986	/Users/sanchezh/Desktop/tombombadil/TOMBOMBADIL2194
2195	group_966	/Users/sanchezh/Desktop/tombombadil/TOMBOMBADIL2195
2196	group_942	/Users/sanchezh/Desktop/tombombadil/TOMBOMBADIL2196
2197	group_932	/Users/sanchezh/Desktop/tombombadil/TOMBOMBADIL2197
2198	group_907	/Users/sanchezh/Desktop/tombombadil/TOMBOMBADIL2198
2199	ftsH	/Users/sanchezh/Desktop/tombombadil/TOMBOMBADIL2199
2200	group_893	/Users/sanchezh/Desktop/tombombadil/TOMBOMBADIL2200
2201	group_877	/Users/sanchezh/Desktop/tombombadil/TOMBOMBADIL2201
2202	group_870	/Users/sanchezh/Desktop/tombombadil/TOMBOMBADIL2202
2203	htpG	/Users/sanchezh/Desktop/tombombadil/TOMBOMBADIL2203
2204	group_854	/Users/sanchezh/Desktop/tombombadil/TOMBOMBADIL2204
2205	group_851	/Users/sanchezh/Desktop/tombombadil/TOMBOMBADIL2205
2206	group_841	/Users/sanchezh/Desktop/tombombadil/TOMBOMBADIL2206
2207	pgpH	/Users/sanchezh/Desktop/tombombadil/TOMBOMBADIL2207
2208	group_838	/Users/sanchezh/Desktop/tombombadil/TOMBOMBADIL2208
2209	group_802	/Users/sanchezh/Desktop/tombombadil/TOMBOMBADIL2209
2210	group_773	/Users/sanchezh/Desktop/tombombadil/TOMBOMBADIL2210
2211	group_768	/Users/sanchezh/Desktop/tombombadil/TOMBOMBADIL2211
2212	ppiD	/Users/sanchezh/Desktop/tombombadil/TOMBOMBADIL2212
2213	group_755	/Users/sanchezh/Desktop/tombombadil/TOMBOMBADIL2213
2214	group_752	/Users/sanchezh/Desktop/tombombadil/TOMBOMBADIL2214
2215	group_751	/Users/sanchezh/Desktop/tombombadil/TOMBOMBADIL2215
2216	group_744	/Users/sanchezh/Desktop/tombombadil/TOMBOMBADIL2216
2217	susB	/Users/sanchezh/Desktop/tombombadil/TOMBOMBADIL2217
2218	group_741	/Users/sanchezh/Desktop/tombombadil/TOMBOMBADIL2218
2219	group_707	/Users/sanchezh/Desktop/tombombadil/TOMBOMBADIL2219
2220	group_706	/Users/sanchezh/Desktop/tombombadil/TOMBOMBADIL2220
2221	group_697	/Users/sanchezh/Desktop/tombombadil/TOMBOMBADIL2221
2222	group_693	/Users/sanchezh/Desktop/tombombadil/TOMBOMBADIL2222
2223	group_688	/Users/sanchezh/Desktop/tombombadil/TOMBOMBADIL2223
2224	group_685	/Users/sanchezh/Desktop/tombombadil/TOMBOMBADIL2224
2225	group_682	/Users/sanchezh/Desktop/tombombadil/TOMBOMBADIL2225
2226	group_673	/Users/sanchezh/Desktop/tombombadil/TOMBOMBADIL2226
2227	group_641	/Users/sanchezh/Desktop/tombombadil/TOMBOMBADIL2227
2228	group_616	/Users/sanchezh/Desktop/tombombadil/TOMBOMBADIL2228
2229	group_579	/Users/sanchezh/Desktop/tombombadil/TOMBOMBADIL2229
2230	group_578	/Users/sanchezh/Desktop/tombombadil/TOMBOMBADIL2230
2231	group_549	/Users/sanchezh/Desktop/tombombadil/TOMBOMBADIL2231
2232	group_514	/Users/sanchezh/Desktop/tombombadil/TOMBOMBADIL2232
2233	group_486	/Users/sanchezh/Desktop/tombombadil/TOMBOMBADIL2233
2234	group_464	/Users/sanchezh/Desktop/tombombadil/TOMBOMBADIL2234
2235	group_463	/Users/sanchezh/Desktop/tombombadil/TOMBOMBADIL2235
2236	group_460	/Users/sanchezh/Desktop/tombombadil/TOMBOMBADIL2236
2237	group_459	/Users/sanchezh/Desktop/tombombadil/TOMBOMBADIL2237
2238	group_433	/Users/sanchezh/Desktop/tombombadil/TOMBOMBADIL2238
2239	group_409	/Users/sanchezh/Desktop/tombombadil/TOMBOMBADIL2239
2240	group_341	/Users/sanchezh/Desktop/tombombadil/TOMBOMBADIL2240
2241	group_315	/Users/sanchezh/Desktop/tombombadil/TOMBOMBADIL2241
2242	group_291	/Users/sanchezh/Desktop/tombombadil/TOMBOMBADIL2242
2243	group_279	/Users/sanchezh/Desktop/tombombadil/TOMBOMBADIL2243
2244	group_278	/Users/sanchezh/Desktop/tombombadil/TOMBOMBADIL2244
2245	group_273	/Users/sanchezh/Desktop/tombombadil/TOMBOMBADIL2245
2246	group_270	/Users/sanchezh/Desktop/tombombadil/TOMBOMBADIL2246
2247	group_259	/Users/sanchezh/Desktop/tombombadil/TOMBOMBADIL2247
2248	group_228	/Users/sanchezh/Desktop/tombombadil/TOMBOMBADIL2248
2249	group_184	/Users/sanchezh/Desktop/tombombadil/TOMBOMBADIL2249
2250	group_183	/Users/sanchezh/Desktop/tombombadil/TOMBOMBADIL2250
2251	secA	/Users/sanchezh/Desktop/tombombadil/TOMBOMBADIL2251
2252	group_129	/Users/sanchezh/Desktop/tombombadil/TOMBOMBADIL2252
2253	group_109	/Users/sanchezh/Desktop/tombombadil/TOMBOMBADIL2253
2254	group_96	/Users/sanchezh/Desktop/tombombadil/TOMBOMBADIL2254
2255	group_37	/Users/sanchezh/Desktop/tombombadil/TOMBOMBADIL2255
2256	tamB	/Users/sanchezh/Desktop/tombombadil/TOMBOMBADIL2256
2257	group_15105	/Users/sanchezh/Desktop/tombombadil/TOMBOMBADIL2257
2258	group_14016	/Users/sanchezh/Desktop/tombombadil/TOMBOMBADIL2258
2259	group_13816	/Users/sanchezh/Desktop/tombombadil/TOMBOMBADIL2259
2260	group_13145	/Users/sanchezh/Desktop/tombombadil/TOMBOMBADIL2260
2261	group_13038	/Users/sanchezh/Desktop/tombombadil/TOMBOMBADIL2261
2262	group_12961	/Users/sanchezh/Desktop/tombombadil/TOMBOMBADIL2262
2263	group_12061	/Users/sanchezh/Desktop/tombombadil/TOMBOMBADIL2263
2264	group_11015	/Users/sanchezh/Desktop/tombombadil/TOMBOMBADIL2264
2265	group_10271	/Users/sanchezh/Desktop/tombombadil/TOMBOMBADIL2265
2266	group_10207	/Users/sanchezh/Desktop/tombombadil/TOMBOMBADIL2266
2267	group_9994	/Users/sanchezh/Desktop/tombombadil/TOMBOMBADIL2267
2268	group_9673	/Users/sanchezh/Desktop/tombombadil/TOMBOMBADIL2268
2269	group_9506	/Users/sanchezh/Desktop/tombombadil/TOMBOMBADIL2269
2270	group_9273	/Users/sanchezh/Desktop/tombombadil/TOMBOMBADIL2270
2271	group_9217	/Users/sanchezh/Desktop/tombombadil/TOMBOMBADIL2271
2272	group_9164	/Users/sanchezh/Desktop/tombombadil/TOMBOMBADIL2272
2273	xynC	/Users/sanchezh/Desktop/tombombadil/TOMBOMBADIL2273
2274	group_9025	/Users/sanchezh/Desktop/tombombadil/TOMBOMBADIL2274
2275	group_8901	/Users/sanchezh/Desktop/tombombadil/TOMBOMBADIL2275
2276	group_8712	/Users/sanchezh/Desktop/tombombadil/TOMBOMBADIL2276
2277	group_8675	/Users/sanchezh/Desktop/tombombadil/TOMBOMBADIL2277
2278	group_8584	/Users/sanchezh/Desktop/tombombadil/TOMBOMBADIL2278
2279	group_8474	/Users/sanchezh/Desktop/tombombadil/TOMBOMBADIL2279
2280	group_8468	/Users/sanchezh/Desktop/tombombadil/TOMBOMBADIL2280
2281	group_8382	/Users/sanchezh/Desktop/tombombadil/TOMBOMBADIL2281
2282	group_8329	/Users/sanchezh/Desktop/tombombadil/TOMBOMBADIL2282
2283	group_8280	/Users/sanchezh/Desktop/tombombadil/TOMBOMBADIL2283
2284	group_8272	/Users/sanchezh/Desktop/tombombadil/TOMBOMBADIL2284
2285	group_8179	/Users/sanchezh/Desktop/tombombadil/TOMBOMBADIL2285
2286	group_8117	/Users/sanchezh/Desktop/tombombadil/TOMBOMBADIL2286
2287	group_8016	/Users/sanchezh/Desktop/tombombadil/TOMBOMBADIL2287
2288	group_8006	/Users/sanchezh/Desktop/tombombadil/TOMBOMBADIL2288
2289	group_7667	/Users/sanchezh/Desktop/tombombadil/TOMBOMBADIL2289
2290	group_7488	/Users/sanchezh/Desktop/tombombadil/TOMBOMBADIL2290
2291	group_7356	/Users/sanchezh/Desktop/tombombadil/TOMBOMBADIL2291
2292	group_7237	/Users/sanchezh/Desktop/tombombadil/TOMBOMBADIL2292
2293	group_7161	/Users/sanchezh/Desktop/tombombadil/TOMBOMBADIL2293
2294	group_7023	/Users/sanchezh/Desktop/tombombadil/TOMBOMBADIL2294
2295	group_6919	/Users/sanchezh/Desktop/tombombadil/TOMBOMBADIL2295
2296	group_6445	/Users/sanchezh/Desktop/tombombadil/TOMBOMBADIL2296
2297	group_6444	/Users/sanchezh/Desktop/tombombadil/TOMBOMBADIL2297
2298	group_6260	/Users/sanchezh/Desktop/tombombadil/TOMBOMBADIL2298
2299	group_5925	/Users/sanchezh/Desktop/tombombadil/TOMBOMBADIL2299
2300	group_5883	/Users/sanchezh/Desktop/tombombadil/TOMBOMBADIL2300
2301	group_5539	/Users/sanchezh/Desktop/tombombadil/TOMBOMBADIL2301
2302	group_5455	/Users/sanchezh/Desktop/tombombadil/TOMBOMBADIL2302
2303	group_5138	/Users/sanchezh/Desktop/tombombadil/TOMBOMBADIL2303
2304	group_4771	/Users/sanchezh/Desktop/tombombadil/TOMBOMBADIL2304
2305	group_4665	/Users/sanchezh/Desktop/tombombadil/TOMBOMBADIL2305
2306	group_4624	/Users/sanchezh/Desktop/tombombadil/TOMBOMBADIL2306
2307	group_4393	/Users/sanchezh/Desktop/tombombadil/TOMBOMBADIL2307
2308	group_4249	/Users/sanchezh/Desktop/tombombadil/TOMBOMBADIL2308
2309	group_4223	/Users/sanchezh/Desktop/tombombadil/TOMBOMBADIL2309
2310	group_4209	/Users/sanchezh/Desktop/tombombadil/TOMBOMBADIL2310
2311	group_4171	/Users/sanchezh/Desktop/tombombadil/TOMBOMBADIL2311
2312	group_4124	/Users/sanchezh/Desktop/tombombadil/TOMBOMBADIL2312
2313	group_3684	/Users/sanchezh/Desktop/tombombadil/TOMBOMBADIL2313
2314	group_3506	/Users/sanchezh/Desktop/tombombadil/TOMBOMBADIL2314
2315	group_3412	/Users/sanchezh/Desktop/tombombadil/TOMBOMBADIL2315
2316	group_3324	/Users/sanchezh/Desktop/tombombadil/TOMBOMBADIL2316
2317	group_3298	/Users/sanchezh/Desktop/tombombadil/TOMBOMBADIL2317
2318	group_3225	/Users/sanchezh/Desktop/tombombadil/TOMBOMBADIL2318
2319	mscS	/Users/sanchezh/Desktop/tombombadil/TOMBOMBADIL2319
2320	group_1493	/Users/sanchezh/Desktop/tombombadil/TOMBOMBADIL2320
2321	group_1385	/Users/sanchezh/Desktop/tombombadil/TOMBOMBADIL2321
2322	group_16401	/Users/sanchezh/Desktop/tombombadil/TOMBOMBADIL2322
2323	group_15968	/Users/sanchezh/Desktop/tombombadil/TOMBOMBADIL2323
2324	group_15693	/Users/sanchezh/Desktop/tombombadil/TOMBOMBADIL2324
2325	group_13479	/Users/sanchezh/Desktop/tombombadil/TOMBOMBADIL2325
2326	pqqD	/Users/sanchezh/Desktop/tombombadil/TOMBOMBADIL2326
2327	group_12130	/Users/sanchezh/Desktop/tombombadil/TOMBOMBADIL2327
2328	group_11656	/Users/sanchezh/Desktop/tombombadil/TOMBOMBADIL2328
2329	group_11016	/Users/sanchezh/Desktop/tombombadil/TOMBOMBADIL2329
2330	group_10896	/Users/sanchezh/Desktop/tombombadil/TOMBOMBADIL2330
2331	group_10870	/Users/sanchezh/Desktop/tombombadil/TOMBOMBADIL2331
2332	group_10272	/Users/sanchezh/Desktop/tombombadil/TOMBOMBADIL2332
2333	group_10140	/Users/sanchezh/Desktop/tombombadil/TOMBOMBADIL2333
2334	group_9341	/Users/sanchezh/Desktop/tombombadil/TOMBOMBADIL2334
2335	group_8792	/Users/sanchezh/Desktop/tombombadil/TOMBOMBADIL2335
2336	group_8776	/Users/sanchezh/Desktop/tombombadil/TOMBOMBADIL2336
2337	group_8442	/Users/sanchezh/Desktop/tombombadil/TOMBOMBADIL2337
2338	group_8322	/Users/sanchezh/Desktop/tombombadil/TOMBOMBADIL2338
2339	group_7821	/Users/sanchezh/Desktop/tombombadil/TOMBOMBADIL2339
2340	group_7787	/Users/sanchezh/Desktop/tombombadil/TOMBOMBADIL2340
2341	group_7590	/Users/sanchezh/Desktop/tombombadil/TOMBOMBADIL2341
2342	group_7363	/Users/sanchezh/Desktop/tombombadil/TOMBOMBADIL2342
2343	group_6592	/Users/sanchezh/Desktop/tombombadil/TOMBOMBADIL2343
2344	group_6298	/Users/sanchezh/Desktop/tombombadil/TOMBOMBADIL2344
2345	group_6187	/Users/sanchezh/Desktop/tombombadil/TOMBOMBADIL2345
2346	group_5825	/Users/sanchezh/Desktop/tombombadil/TOMBOMBADIL2346
2347	group_5456	/Users/sanchezh/Desktop/tombombadil/TOMBOMBADIL2347
2348	group_5256	/Users/sanchezh/Desktop/tombombadil/TOMBOMBADIL2348
2349	group_4520	/Users/sanchezh/Desktop/tombombadil/TOMBOMBADIL2349
2350	group_4387	/Users/sanchezh/Desktop/tombombadil/TOMBOMBADIL2350
2351	group_4283	/Users/sanchezh/Desktop/tombombadil/TOMBOMBADIL2351
2352	group_4117	/Users/sanchezh/Desktop/tombombadil/TOMBOMBADIL2352
2353	group_3513	/Users/sanchezh/Desktop/tombombadil/TOMBOMBADIL2353
2354	group_3511	/Users/sanchezh/Desktop/tombombadil/TOMBOMBADIL2354
2355	group_2104	/Users/sanchezh/Desktop/tombombadil/TOMBOMBADIL2355
2356	group_13626	/Users/sanchezh/Desktop/tombombadil/TOMBOMBADIL2356
2357	group_11017	/Users/sanchezh/Desktop/tombombadil/TOMBOMBADIL2357
2358	group_10225	/Users/sanchezh/Desktop/tombombadil/TOMBOMBADIL2358
2359	group_9073	/Users/sanchezh/Desktop/tombombadil/TOMBOMBADIL2359
2360	group_8415	/Users/sanchezh/Desktop/tombombadil/TOMBOMBADIL2360
2361	group_8333	/Users/sanchezh/Desktop/tombombadil/TOMBOMBADIL2361
2362	group_8310	/Users/sanchezh/Desktop/tombombadil/TOMBOMBADIL2362
2363	group_8043	/Users/sanchezh/Desktop/tombombadil/TOMBOMBADIL2363
2364	group_7944	/Users/sanchezh/Desktop/tombombadil/TOMBOMBADIL2364
2365	group_6901	/Users/sanchezh/Desktop/tombombadil/TOMBOMBADIL2365
2366	group_6368	/Users/sanchezh/Desktop/tombombadil/TOMBOMBADIL2366
2367	group_6236	/Users/sanchezh/Desktop/tombombadil/TOMBOMBADIL2367
2368	group_6149	/Users/sanchezh/Desktop/tombombadil/TOMBOMBADIL2368
2369	group_6037	/Users/sanchezh/Desktop/tombombadil/TOMBOMBADIL2369
2370	group_6005	/Users/sanchezh/Desktop/tombombadil/TOMBOMBADIL2370
2371	group_5812	/Users/sanchezh/Desktop/tombombadil/TOMBOMBADIL2371
2372	group_5784	/Users/sanchezh/Desktop/tombombadil/TOMBOMBADIL2372
2373	group_5239	/Users/sanchezh/Desktop/tombombadil/TOMBOMBADIL2373
2374	group_5237	/Users/sanchezh/Desktop/tombombadil/TOMBOMBADIL2374
2375	group_3756	/Users/sanchezh/Desktop/tombombadil/TOMBOMBADIL2375
2376	group_2557	/Users/sanchezh/Desktop/tombombadil/TOMBOMBADIL2376
2377	group_15536	/Users/sanchezh/Desktop/tombombadil/TOMBOMBADIL2377
2378	group_14434	/Users/sanchezh/Desktop/tombombadil/TOMBOMBADIL2378
2379	group_11696	/Users/sanchezh/Desktop/tombombadil/TOMBOMBADIL2379
2380	group_11222	/Users/sanchezh/Desktop/tombombadil/TOMBOMBADIL2380
2381	group_10619	/Users/sanchezh/Desktop/tombombadil/TOMBOMBADIL2381
2382	group_10054	/Users/sanchezh/Desktop/tombombadil/TOMBOMBADIL2382
2383	group_9630	/Users/sanchezh/Desktop/tombombadil/TOMBOMBADIL2383
2384	group_9620	/Users/sanchezh/Desktop/tombombadil/TOMBOMBADIL2384
2385	group_9535	/Users/sanchezh/Desktop/tombombadil/TOMBOMBADIL2385
2386	group_9414	/Users/sanchezh/Desktop/tombombadil/TOMBOMBADIL2386
2387	group_9271	/Users/sanchezh/Desktop/tombombadil/TOMBOMBADIL2387
2388	group_9229	/Users/sanchezh/Desktop/tombombadil/TOMBOMBADIL2388
2389	group_9089	/Users/sanchezh/Desktop/tombombadil/TOMBOMBADIL2389
2390	group_8982	/Users/sanchezh/Desktop/tombombadil/TOMBOMBADIL2390
2391	group_8946	/Users/sanchezh/Desktop/tombombadil/TOMBOMBADIL2391
2392	group_8873	/Users/sanchezh/Desktop/tombombadil/TOMBOMBADIL2392
2393	group_8796	/Users/sanchezh/Desktop/tombombadil/TOMBOMBADIL2393
2394	group_8430	/Users/sanchezh/Desktop/tombombadil/TOMBOMBADIL2394
2395	group_8323	/Users/sanchezh/Desktop/tombombadil/TOMBOMBADIL2395
2396	group_8295	/Users/sanchezh/Desktop/tombombadil/TOMBOMBADIL2396
2397	group_8252	/Users/sanchezh/Desktop/tombombadil/TOMBOMBADIL2397
2398	group_8187	/Users/sanchezh/Desktop/tombombadil/TOMBOMBADIL2398
2399	group_8168	/Users/sanchezh/Desktop/tombombadil/TOMBOMBADIL2399
2400	group_8093	/Users/sanchezh/Desktop/tombombadil/TOMBOMBADIL2400
2401	group_8036	/Users/sanchezh/Desktop/tombombadil/TOMBOMBADIL2401
2402	group_7321	/Users/sanchezh/Desktop/tombombadil/TOMBOMBADIL2402
2403	group_7216	/Users/sanchezh/Desktop/tombombadil/TOMBOMBADIL2403
2404	group_7070	/Users/sanchezh/Desktop/tombombadil/TOMBOMBADIL2404
2405	group_6657	/Users/sanchezh/Desktop/tombombadil/TOMBOMBADIL2405
2406	group_6185	/Users/sanchezh/Desktop/tombombadil/TOMBOMBADIL2406
2407	group_6021	/Users/sanchezh/Desktop/tombombadil/TOMBOMBADIL2407
2408	group_5327	/Users/sanchezh/Desktop/tombombadil/TOMBOMBADIL2408
2409	group_5258	/Users/sanchezh/Desktop/tombombadil/TOMBOMBADIL2409
2410	group_5184	/Users/sanchezh/Desktop/tombombadil/TOMBOMBADIL2410
2411	group_4977	/Users/sanchezh/Desktop/tombombadil/TOMBOMBADIL2411
2412	group_4244	/Users/sanchezh/Desktop/tombombadil/TOMBOMBADIL2412
2413	group_4205	/Users/sanchezh/Desktop/tombombadil/TOMBOMBADIL2413
2414	eamA	/Users/sanchezh/Desktop/tombombadil/TOMBOMBADIL2414
2415	group_3960	/Users/sanchezh/Desktop/tombombadil/TOMBOMBADIL2415
2416	group_3857	/Users/sanchezh/Desktop/tombombadil/TOMBOMBADIL2416
2417	group_3571	/Users/sanchezh/Desktop/tombombadil/TOMBOMBADIL2417
2418	group_3234	/Users/sanchezh/Desktop/tombombadil/TOMBOMBADIL2418
2419	group_3177	/Users/sanchezh/Desktop/tombombadil/TOMBOMBADIL2419
2420	group_2985	/Users/sanchezh/Desktop/tombombadil/TOMBOMBADIL2420
2421	group_2370	/Users/sanchezh/Desktop/tombombadil/TOMBOMBADIL2421
2422	group_1450	/Users/sanchezh/Desktop/tombombadil/TOMBOMBADIL2422
2423	group_935	/Users/sanchezh/Desktop/tombombadil/TOMBOMBADIL2423
2424	group_837	/Users/sanchezh/Desktop/tombombadil/TOMBOMBADIL2424
2425	group_692	/Users/sanchezh/Desktop/tombombadil/TOMBOMBADIL2425
2426	group_622	/Users/sanchezh/Desktop/tombombadil/TOMBOMBADIL2426
2427	group_370	/Users/sanchezh/Desktop/tombombadil/TOMBOMBADIL2427
2428	group_180	/Users/sanchezh/Desktop/tombombadil/TOMBOMBADIL2428
2429	group_16528	/Users/sanchezh/Desktop/tombombadil/TOMBOMBADIL2429
2430	group_11147	/Users/sanchezh/Desktop/tombombadil/TOMBOMBADIL2430
2431	group_10031	/Users/sanchezh/Desktop/tombombadil/TOMBOMBADIL2431
2432	group_9360	/Users/sanchezh/Desktop/tombombadil/TOMBOMBADIL2432
2433	group_8449	/Users/sanchezh/Desktop/tombombadil/TOMBOMBADIL2433
2434	group_8429	/Users/sanchezh/Desktop/tombombadil/TOMBOMBADIL2434
2435	group_8069	/Users/sanchezh/Desktop/tombombadil/TOMBOMBADIL2435
2436	group_7613	/Users/sanchezh/Desktop/tombombadil/TOMBOMBADIL2436
2437	group_6186	/Users/sanchezh/Desktop/tombombadil/TOMBOMBADIL2437
2438	group_5932	/Users/sanchezh/Desktop/tombombadil/TOMBOMBADIL2438
2439	group_5930	/Users/sanchezh/Desktop/tombombadil/TOMBOMBADIL2439
2440	group_5855	/Users/sanchezh/Desktop/tombombadil/TOMBOMBADIL2440
2441	group_5846	/Users/sanchezh/Desktop/tombombadil/TOMBOMBADIL2441
2442	group_5802	/Users/sanchezh/Desktop/tombombadil/TOMBOMBADIL2442
2443	group_5259	/Users/sanchezh/Desktop/tombombadil/TOMBOMBADIL2443
2444	group_3902	/Users/sanchezh/Desktop/tombombadil/TOMBOMBADIL2444
2445	group_3767	/Users/sanchezh/Desktop/tombombadil/TOMBOMBADIL2445
2446	group_3678	/Users/sanchezh/Desktop/tombombadil/TOMBOMBADIL2446
2447	group_1449	/Users/sanchezh/Desktop/tombombadil/TOMBOMBADIL2447
2448	group_533	/Users/sanchezh/Desktop/tombombadil/TOMBOMBADIL2448
2449	group_332	/Users/sanchezh/Desktop/tombombadil/TOMBOMBADIL2449
2450	group_160	/Users/sanchezh/Desktop/tombombadil/TOMBOMBADIL2450
2451	group_14478	/Users/sanchezh/Desktop/tombombadil/TOMBOMBADIL2451
2452	group_13632	/Users/sanchezh/Desktop/tombombadil/TOMBOMBADIL2452
2453	group_13263	/Users/sanchezh/Desktop/tombombadil/TOMBOMBADIL2453
2454	group_13234	/Users/sanchezh/Desktop/tombombadil/TOMBOMBADIL2454
2455	group_10690	/Users/sanchezh/Desktop/tombombadil/TOMBOMBADIL2455
2456	group_10677	/Users/sanchezh/Desktop/tombombadil/TOMBOMBADIL2456
2457	group_10224	/Users/sanchezh/Desktop/tombombadil/TOMBOMBADIL2457
2458	group_10114	/Users/sanchezh/Desktop/tombombadil/TOMBOMBADIL2458
2459	group_9742	/Users/sanchezh/Desktop/tombombadil/TOMBOMBADIL2459
2460	group_9617	/Users/sanchezh/Desktop/tombombadil/TOMBOMBADIL2460
2461	group_9433	/Users/sanchezh/Desktop/tombombadil/TOMBOMBADIL2461
2462	group_9428	/Users/sanchezh/Desktop/tombombadil/TOMBOMBADIL2462
2463	group_9407	/Users/sanchezh/Desktop/tombombadil/TOMBOMBADIL2463
2464	group_9403	/Users/sanchezh/Desktop/tombombadil/TOMBOMBADIL2464
2465	group_9230	/Users/sanchezh/Desktop/tombombadil/TOMBOMBADIL2465
2466	group_9138	/Users/sanchezh/Desktop/tombombadil/TOMBOMBADIL2466
2467	group_8774	/Users/sanchezh/Desktop/tombombadil/TOMBOMBADIL2467
2468	group_8312	/Users/sanchezh/Desktop/tombombadil/TOMBOMBADIL2468
2469	group_8277	/Users/sanchezh/Desktop/tombombadil/TOMBOMBADIL2469
2470	group_8223	/Users/sanchezh/Desktop/tombombadil/TOMBOMBADIL2470
2471	group_8156	/Users/sanchezh/Desktop/tombombadil/TOMBOMBADIL2471
2472	group_8112	/Users/sanchezh/Desktop/tombombadil/TOMBOMBADIL2472
2473	group_8100	/Users/sanchezh/Desktop/tombombadil/TOMBOMBADIL2473
2474	group_7972	/Users/sanchezh/Desktop/tombombadil/TOMBOMBADIL2474
2475	ytnP	/Users/sanchezh/Desktop/tombombadil/TOMBOMBADIL2475
2476	group_7947	/Users/sanchezh/Desktop/tombombadil/TOMBOMBADIL2476
2477	group_7807	/Users/sanchezh/Desktop/tombombadil/TOMBOMBADIL2477
2478	group_7785	/Users/sanchezh/Desktop/tombombadil/TOMBOMBADIL2478
2479	group_7736	/Users/sanchezh/Desktop/tombombadil/TOMBOMBADIL2479
2480	group_7722	/Users/sanchezh/Desktop/tombombadil/TOMBOMBADIL2480
2481	group_7650	/Users/sanchezh/Desktop/tombombadil/TOMBOMBADIL2481
2482	group_7479	/Users/sanchezh/Desktop/tombombadil/TOMBOMBADIL2482
2483	group_7326	/Users/sanchezh/Desktop/tombombadil/TOMBOMBADIL2483
2484	group_7022	/Users/sanchezh/Desktop/tombombadil/TOMBOMBADIL2484
2485	group_6729	/Users/sanchezh/Desktop/tombombadil/TOMBOMBADIL2485
2486	group_6627	/Users/sanchezh/Desktop/tombombadil/TOMBOMBADIL2486
2487	group_6621	/Users/sanchezh/Desktop/tombombadil/TOMBOMBADIL2487
2488	group_6473	/Users/sanchezh/Desktop/tombombadil/TOMBOMBADIL2488
2489	group_6272	/Users/sanchezh/Desktop/tombombadil/TOMBOMBADIL2489
2490	group_6253	/Users/sanchezh/Desktop/tombombadil/TOMBOMBADIL2490
2491	group_6214	/Users/sanchezh/Desktop/tombombadil/TOMBOMBADIL2491
2492	group_6055	/Users/sanchezh/Desktop/tombombadil/TOMBOMBADIL2492
2493	lruC	/Users/sanchezh/Desktop/tombombadil/TOMBOMBADIL2493
2494	group_5923	/Users/sanchezh/Desktop/tombombadil/TOMBOMBADIL2494
2495	group_5875	/Users/sanchezh/Desktop/tombombadil/TOMBOMBADIL2495
2496	group_5845	/Users/sanchezh/Desktop/tombombadil/TOMBOMBADIL2496
2497	group_5789	/Users/sanchezh/Desktop/tombombadil/TOMBOMBADIL2497
2498	group_5230	/Users/sanchezh/Desktop/tombombadil/TOMBOMBADIL2498
2499	group_5195	/Users/sanchezh/Desktop/tombombadil/TOMBOMBADIL2499
2500	group_5192	/Users/sanchezh/Desktop/tombombadil/TOMBOMBADIL2500
2501	group_4862	/Users/sanchezh/Desktop/tombombadil/TOMBOMBADIL2501
2502	group_4814	/Users/sanchezh/Desktop/tombombadil/TOMBOMBADIL2502
2503	group_4761	/Users/sanchezh/Desktop/tombombadil/TOMBOMBADIL2503
2504	group_4412	/Users/sanchezh/Desktop/tombombadil/TOMBOMBADIL2504
2505	group_4377	/Users/sanchezh/Desktop/tombombadil/TOMBOMBADIL2505
2506	group_4291	/Users/sanchezh/Desktop/tombombadil/TOMBOMBADIL2506
2507	group_4237	/Users/sanchezh/Desktop/tombombadil/TOMBOMBADIL2507
2508	group_4176	/Users/sanchezh/Desktop/tombombadil/TOMBOMBADIL2508
2509	group_4120	/Users/sanchezh/Desktop/tombombadil/TOMBOMBADIL2509
2510	group_3972	/Users/sanchezh/Desktop/tombombadil/TOMBOMBADIL2510
2511	group_3892	/Users/sanchezh/Desktop/tombombadil/TOMBOMBADIL2511
2512	group_3728	/Users/sanchezh/Desktop/tombombadil/TOMBOMBADIL2512
2513	group_3721	/Users/sanchezh/Desktop/tombombadil/TOMBOMBADIL2513
2514	group_3676	/Users/sanchezh/Desktop/tombombadil/TOMBOMBADIL2514
2515	group_3590	/Users/sanchezh/Desktop/tombombadil/TOMBOMBADIL2515
2516	group_3575	/Users/sanchezh/Desktop/tombombadil/TOMBOMBADIL2516
2517	group_3574	/Users/sanchezh/Desktop/tombombadil/TOMBOMBADIL2517
2518	group_3569	/Users/sanchezh/Desktop/tombombadil/TOMBOMBADIL2518
2519	group_3522	/Users/sanchezh/Desktop/tombombadil/TOMBOMBADIL2519
2520	group_3502	/Users/sanchezh/Desktop/tombombadil/TOMBOMBADIL2520
2521	group_3496	/Users/sanchezh/Desktop/tombombadil/TOMBOMBADIL2521
2522	group_3390	/Users/sanchezh/Desktop/tombombadil/TOMBOMBADIL2522
2523	group_3389	/Users/sanchezh/Desktop/tombombadil/TOMBOMBADIL2523
2524	group_3372	/Users/sanchezh/Desktop/tombombadil/TOMBOMBADIL2524
2525	group_3184	/Users/sanchezh/Desktop/tombombadil/TOMBOMBADIL2525
2526	group_3173	/Users/sanchezh/Desktop/tombombadil/TOMBOMBADIL2526
2527	group_2903	/Users/sanchezh/Desktop/tombombadil/TOMBOMBADIL2527
2528	glnT	/Users/sanchezh/Desktop/tombombadil/TOMBOMBADIL2528
2529	group_2052	/Users/sanchezh/Desktop/tombombadil/TOMBOMBADIL2529
2530	group_1827	/Users/sanchezh/Desktop/tombombadil/TOMBOMBADIL2530
2531	group_1815	/Users/sanchezh/Desktop/tombombadil/TOMBOMBADIL2531
2532	group_1801	/Users/sanchezh/Desktop/tombombadil/TOMBOMBADIL2532
2533	group_1746	/Users/sanchezh/Desktop/tombombadil/TOMBOMBADIL2533
2534	group_1602	/Users/sanchezh/Desktop/tombombadil/TOMBOMBADIL2534
2535	group_1552	/Users/sanchezh/Desktop/tombombadil/TOMBOMBADIL2535
2536	group_1160	/Users/sanchezh/Desktop/tombombadil/TOMBOMBADIL2536
2537	group_1006	/Users/sanchezh/Desktop/tombombadil/TOMBOMBADIL2537
2538	group_959	/Users/sanchezh/Desktop/tombombadil/TOMBOMBADIL2538
2539	group_294	/Users/sanchezh/Desktop/tombombadil/TOMBOMBADIL2539
2540	group_198	/Users/sanchezh/Desktop/tombombadil/TOMBOMBADIL2540
2541	group_191	/Users/sanchezh/Desktop/tombombadil/TOMBOMBADIL2541
2542	group_11121	/Users/sanchezh/Desktop/tombombadil/TOMBOMBADIL2542
2543	group_10067	/Users/sanchezh/Desktop/tombombadil/TOMBOMBADIL2543
2544	group_9998	/Users/sanchezh/Desktop/tombombadil/TOMBOMBADIL2544
2545	group_9355	/Users/sanchezh/Desktop/tombombadil/TOMBOMBADIL2545
2546	group_9282	/Users/sanchezh/Desktop/tombombadil/TOMBOMBADIL2546
2547	group_9262	/Users/sanchezh/Desktop/tombombadil/TOMBOMBADIL2547
2548	group_8976	/Users/sanchezh/Desktop/tombombadil/TOMBOMBADIL2548
2549	group_8803	/Users/sanchezh/Desktop/tombombadil/TOMBOMBADIL2549
2550	group_8683	/Users/sanchezh/Desktop/tombombadil/TOMBOMBADIL2550
2551	group_8544	/Users/sanchezh/Desktop/tombombadil/TOMBOMBADIL2551
2552	group_8533	/Users/sanchezh/Desktop/tombombadil/TOMBOMBADIL2552
2553	group_8490	/Users/sanchezh/Desktop/tombombadil/TOMBOMBADIL2553
2554	group_8486	/Users/sanchezh/Desktop/tombombadil/TOMBOMBADIL2554
2555	group_8452	/Users/sanchezh/Desktop/tombombadil/TOMBOMBADIL2555
2556	group_8283	/Users/sanchezh/Desktop/tombombadil/TOMBOMBADIL2556
2557	group_8165	/Users/sanchezh/Desktop/tombombadil/TOMBOMBADIL2557
2558	group_7673	/Users/sanchezh/Desktop/tombombadil/TOMBOMBADIL2558
2559	group_7668	/Users/sanchezh/Desktop/tombombadil/TOMBOMBADIL2559
2560	group_6500	/Users/sanchezh/Desktop/tombombadil/TOMBOMBADIL2560
2561	group_6356	/Users/sanchezh/Desktop/tombombadil/TOMBOMBADIL2561
2562	group_6188	/Users/sanchezh/Desktop/tombombadil/TOMBOMBADIL2562
2563	group_6157	/Users/sanchezh/Desktop/tombombadil/TOMBOMBADIL2563
2564	group_6049	/Users/sanchezh/Desktop/tombombadil/TOMBOMBADIL2564
2565	group_5941	/Users/sanchezh/Desktop/tombombadil/TOMBOMBADIL2565
2566	group_5617	/Users/sanchezh/Desktop/tombombadil/TOMBOMBADIL2566
2567	group_5457	/Users/sanchezh/Desktop/tombombadil/TOMBOMBADIL2567
2568	group_5421	/Users/sanchezh/Desktop/tombombadil/TOMBOMBADIL2568
2569	group_5356	/Users/sanchezh/Desktop/tombombadil/TOMBOMBADIL2569
2570	group_5322	/Users/sanchezh/Desktop/tombombadil/TOMBOMBADIL2570
2571	group_4523	/Users/sanchezh/Desktop/tombombadil/TOMBOMBADIL2571
2572	group_3819	/Users/sanchezh/Desktop/tombombadil/TOMBOMBADIL2572
2573	group_3698	/Users/sanchezh/Desktop/tombombadil/TOMBOMBADIL2573
2574	group_3494	/Users/sanchezh/Desktop/tombombadil/TOMBOMBADIL2574
2575	group_2437	/Users/sanchezh/Desktop/tombombadil/TOMBOMBADIL2575
2576	group_2323	/Users/sanchezh/Desktop/tombombadil/TOMBOMBADIL2576
2577	group_1465	/Users/sanchezh/Desktop/tombombadil/TOMBOMBADIL2577
2578	group_1371	/Users/sanchezh/Desktop/tombombadil/TOMBOMBADIL2578
2579	group_1355	/Users/sanchezh/Desktop/tombombadil/TOMBOMBADIL2579
2580	susD	/Users/sanchezh/Desktop/tombombadil/TOMBOMBADIL2580
2581	group_12765	/Users/sanchezh/Desktop/tombombadil/TOMBOMBADIL2581
2582	group_12584	/Users/sanchezh/Desktop/tombombadil/TOMBOMBADIL2582
2583	group_10186	/Users/sanchezh/Desktop/tombombadil/TOMBOMBADIL2583
2584	group_8561	/Users/sanchezh/Desktop/tombombadil/TOMBOMBADIL2584
2585	group_7491	/Users/sanchezh/Desktop/tombombadil/TOMBOMBADIL2585
2586	group_7449	/Users/sanchezh/Desktop/tombombadil/TOMBOMBADIL2586
2587	group_6172	/Users/sanchezh/Desktop/tombombadil/TOMBOMBADIL2587
2588	group_5975	/Users/sanchezh/Desktop/tombombadil/TOMBOMBADIL2588
2589	group_5260	/Users/sanchezh/Desktop/tombombadil/TOMBOMBADIL2589
2590	group_4659	/Users/sanchezh/Desktop/tombombadil/TOMBOMBADIL2590
2591	group_4353	/Users/sanchezh/Desktop/tombombadil/TOMBOMBADIL2591
2592	group_3801	/Users/sanchezh/Desktop/tombombadil/TOMBOMBADIL2592
2593	group_3473	/Users/sanchezh/Desktop/tombombadil/TOMBOMBADIL2593
2594	group_3242	/Users/sanchezh/Desktop/tombombadil/TOMBOMBADIL2594
2595	group_1405	/Users/sanchezh/Desktop/tombombadil/TOMBOMBADIL2595
2596	group_956	/Users/sanchezh/Desktop/tombombadil/TOMBOMBADIL2596
2597	group_824	/Users/sanchezh/Desktop/tombombadil/TOMBOMBADIL2597
2598	group_15965	/Users/sanchezh/Desktop/tombombadil/TOMBOMBADIL2598
2599	group_15163	/Users/sanchezh/Desktop/tombombadil/TOMBOMBADIL2599
2600	group_15106	/Users/sanchezh/Desktop/tombombadil/TOMBOMBADIL2600
2601	group_11563	/Users/sanchezh/Desktop/tombombadil/TOMBOMBADIL2601
2602	group_9801	/Users/sanchezh/Desktop/tombombadil/TOMBOMBADIL2602
2603	group_9741	/Users/sanchezh/Desktop/tombombadil/TOMBOMBADIL2603
2604	group_9727	/Users/sanchezh/Desktop/tombombadil/TOMBOMBADIL2604
2605	group_9628	/Users/sanchezh/Desktop/tombombadil/TOMBOMBADIL2605
2606	group_9600	/Users/sanchezh/Desktop/tombombadil/TOMBOMBADIL2606
2607	group_9420	/Users/sanchezh/Desktop/tombombadil/TOMBOMBADIL2607
2608	group_9293	/Users/sanchezh/Desktop/tombombadil/TOMBOMBADIL2608
2609	group_8829	/Users/sanchezh/Desktop/tombombadil/TOMBOMBADIL2609
2610	group_8756	/Users/sanchezh/Desktop/tombombadil/TOMBOMBADIL2610
2611	group_8755	/Users/sanchezh/Desktop/tombombadil/TOMBOMBADIL2611
2612	group_8434	/Users/sanchezh/Desktop/tombombadil/TOMBOMBADIL2612
2613	group_8051	/Users/sanchezh/Desktop/tombombadil/TOMBOMBADIL2613
2614	group_7981	/Users/sanchezh/Desktop/tombombadil/TOMBOMBADIL2614
2615	group_6743	/Users/sanchezh/Desktop/tombombadil/TOMBOMBADIL2615
2616	group_6584	/Users/sanchezh/Desktop/tombombadil/TOMBOMBADIL2616
2617	group_6547	/Users/sanchezh/Desktop/tombombadil/TOMBOMBADIL2617
2618	group_6546	/Users/sanchezh/Desktop/tombombadil/TOMBOMBADIL2618
2619	group_6179	/Users/sanchezh/Desktop/tombombadil/TOMBOMBADIL2619
2620	group_5554	/Users/sanchezh/Desktop/tombombadil/TOMBOMBADIL2620
2621	group_4119	/Users/sanchezh/Desktop/tombombadil/TOMBOMBADIL2621
2622	group_3983	/Users/sanchezh/Desktop/tombombadil/TOMBOMBADIL2622
2623	group_3920	/Users/sanchezh/Desktop/tombombadil/TOMBOMBADIL2623
2624	group_3791	/Users/sanchezh/Desktop/tombombadil/TOMBOMBADIL2624
2625	group_3287	/Users/sanchezh/Desktop/tombombadil/TOMBOMBADIL2625
2626	group_1814	/Users/sanchezh/Desktop/tombombadil/TOMBOMBADIL2626
2627	group_144	/Users/sanchezh/Desktop/tombombadil/TOMBOMBADIL2627
2628	group_16474	/Users/sanchezh/Desktop/tombombadil/TOMBOMBADIL2628
2629	group_16446	/Users/sanchezh/Desktop/tombombadil/TOMBOMBADIL2629
2630	group_14433	/Users/sanchezh/Desktop/tombombadil/TOMBOMBADIL2630
2631	group_13990	/Users/sanchezh/Desktop/tombombadil/TOMBOMBADIL2631
2632	group_13932	/Users/sanchezh/Desktop/tombombadil/TOMBOMBADIL2632
2633	group_11302	/Users/sanchezh/Desktop/tombombadil/TOMBOMBADIL2633
2634	group_11285	/Users/sanchezh/Desktop/tombombadil/TOMBOMBADIL2634
2635	group_9372	/Users/sanchezh/Desktop/tombombadil/TOMBOMBADIL2635
2636	group_9333	/Users/sanchezh/Desktop/tombombadil/TOMBOMBADIL2636
2637	group_8960	/Users/sanchezh/Desktop/tombombadil/TOMBOMBADIL2637
2638	group_8648	/Users/sanchezh/Desktop/tombombadil/TOMBOMBADIL2638
2639	group_8493	/Users/sanchezh/Desktop/tombombadil/TOMBOMBADIL2639
2640	group_8471	/Users/sanchezh/Desktop/tombombadil/TOMBOMBADIL2640
2641	group_7992	/Users/sanchezh/Desktop/tombombadil/TOMBOMBADIL2641
2642	group_7967	/Users/sanchezh/Desktop/tombombadil/TOMBOMBADIL2642
2643	group_6988	/Users/sanchezh/Desktop/tombombadil/TOMBOMBADIL2643
2644	group_6637	/Users/sanchezh/Desktop/tombombadil/TOMBOMBADIL2644
2645	group_6554	/Users/sanchezh/Desktop/tombombadil/TOMBOMBADIL2645
2646	group_6267	/Users/sanchezh/Desktop/tombombadil/TOMBOMBADIL2646
2647	group_6175	/Users/sanchezh/Desktop/tombombadil/TOMBOMBADIL2647
2648	group_6015	/Users/sanchezh/Desktop/tombombadil/TOMBOMBADIL2648
2649	group_5879	/Users/sanchezh/Desktop/tombombadil/TOMBOMBADIL2649
2650	group_5526	/Users/sanchezh/Desktop/tombombadil/TOMBOMBADIL2650
2651	group_5209	/Users/sanchezh/Desktop/tombombadil/TOMBOMBADIL2651
2652	group_5182	/Users/sanchezh/Desktop/tombombadil/TOMBOMBADIL2652
2653	group_4493	/Users/sanchezh/Desktop/tombombadil/TOMBOMBADIL2653
2654	group_4445	/Users/sanchezh/Desktop/tombombadil/TOMBOMBADIL2654
2655	group_4308	/Users/sanchezh/Desktop/tombombadil/TOMBOMBADIL2655
2656	group_4276	/Users/sanchezh/Desktop/tombombadil/TOMBOMBADIL2656
2657	group_3912	/Users/sanchezh/Desktop/tombombadil/TOMBOMBADIL2657
2658	group_3894	/Users/sanchezh/Desktop/tombombadil/TOMBOMBADIL2658
2659	group_3419	/Users/sanchezh/Desktop/tombombadil/TOMBOMBADIL2659
2660	group_3377	/Users/sanchezh/Desktop/tombombadil/TOMBOMBADIL2660
2661	group_3301	/Users/sanchezh/Desktop/tombombadil/TOMBOMBADIL2661
2662	group_3268	/Users/sanchezh/Desktop/tombombadil/TOMBOMBADIL2662
2663	group_3168	/Users/sanchezh/Desktop/tombombadil/TOMBOMBADIL2663
2664	group_1826	/Users/sanchezh/Desktop/tombombadil/TOMBOMBADIL2664
2665	group_1461	/Users/sanchezh/Desktop/tombombadil/TOMBOMBADIL2665
2666	group_1413	/Users/sanchezh/Desktop/tombombadil/TOMBOMBADIL2666
2667	group_978	/Users/sanchezh/Desktop/tombombadil/TOMBOMBADIL2667
2668	group_207	/Users/sanchezh/Desktop/tombombadil/TOMBOMBADIL2668
2669	group_15902	/Users/sanchezh/Desktop/tombombadil/TOMBOMBADIL2669
2670	group_10249	/Users/sanchezh/Desktop/tombombadil/TOMBOMBADIL2670
2671	group_10183	/Users/sanchezh/Desktop/tombombadil/TOMBOMBADIL2671
2672	group_8967	/Users/sanchezh/Desktop/tombombadil/TOMBOMBADIL2672
2673	group_8802	/Users/sanchezh/Desktop/tombombadil/TOMBOMBADIL2673
2674	group_8067	/Users/sanchezh/Desktop/tombombadil/TOMBOMBADIL2674
2675	group_8066	/Users/sanchezh/Desktop/tombombadil/TOMBOMBADIL2675
2676	group_7959	/Users/sanchezh/Desktop/tombombadil/TOMBOMBADIL2676
2677	group_7099	/Users/sanchezh/Desktop/tombombadil/TOMBOMBADIL2677
2678	group_7093	/Users/sanchezh/Desktop/tombombadil/TOMBOMBADIL2678
2679	group_6564	/Users/sanchezh/Desktop/tombombadil/TOMBOMBADIL2679
2680	group_5806	/Users/sanchezh/Desktop/tombombadil/TOMBOMBADIL2680
2681	group_5226	/Users/sanchezh/Desktop/tombombadil/TOMBOMBADIL2681
2682	group_4769	/Users/sanchezh/Desktop/tombombadil/TOMBOMBADIL2682
2683	group_4088	/Users/sanchezh/Desktop/tombombadil/TOMBOMBADIL2683
2684	group_3953	/Users/sanchezh/Desktop/tombombadil/TOMBOMBADIL2684
2685	group_3464	/Users/sanchezh/Desktop/tombombadil/TOMBOMBADIL2685
2686	group_3224	/Users/sanchezh/Desktop/tombombadil/TOMBOMBADIL2686
2687	group_150	/Users/sanchezh/Desktop/tombombadil/TOMBOMBADIL2687
2688	group_15778	/Users/sanchezh/Desktop/tombombadil/TOMBOMBADIL2688
2689	dedA	/Users/sanchezh/Desktop/tombombadil/TOMBOMBADIL2689
2690	group_10229	/Users/sanchezh/Desktop/tombombadil/TOMBOMBADIL2690
2691	group_9396	/Users/sanchezh/Desktop/tombombadil/TOMBOMBADIL2691
2692	group_9216	/Users/sanchezh/Desktop/tombombadil/TOMBOMBADIL2692
2693	group_9215	/Users/sanchezh/Desktop/tombombadil/TOMBOMBADIL2693
2694	group_8954	/Users/sanchezh/Desktop/tombombadil/TOMBOMBADIL2694
2695	group_8741	/Users/sanchezh/Desktop/tombombadil/TOMBOMBADIL2695
2696	group_8672	/Users/sanchezh/Desktop/tombombadil/TOMBOMBADIL2696
2697	group_8587	/Users/sanchezh/Desktop/tombombadil/TOMBOMBADIL2697
2698	group_8539	/Users/sanchezh/Desktop/tombombadil/TOMBOMBADIL2698
2699	group_8350	/Users/sanchezh/Desktop/tombombadil/TOMBOMBADIL2699
2700	group_7961	/Users/sanchezh/Desktop/tombombadil/TOMBOMBADIL2700
2701	group_6315	/Users/sanchezh/Desktop/tombombadil/TOMBOMBADIL2701
2702	group_6170	/Users/sanchezh/Desktop/tombombadil/TOMBOMBADIL2702
2703	group_5966	/Users/sanchezh/Desktop/tombombadil/TOMBOMBADIL2703
2704	group_5715	/Users/sanchezh/Desktop/tombombadil/TOMBOMBADIL2704
2705	group_5492	/Users/sanchezh/Desktop/tombombadil/TOMBOMBADIL2705
2706	group_5378	/Users/sanchezh/Desktop/tombombadil/TOMBOMBADIL2706
2707	group_5213	/Users/sanchezh/Desktop/tombombadil/TOMBOMBADIL2707
2708	group_3793	/Users/sanchezh/Desktop/tombombadil/TOMBOMBADIL2708
2709	group_3560	/Users/sanchezh/Desktop/tombombadil/TOMBOMBADIL2709
2710	group_3394	/Users/sanchezh/Desktop/tombombadil/TOMBOMBADIL2710
2711	group_3280	/Users/sanchezh/Desktop/tombombadil/TOMBOMBADIL2711
2712	group_14524	/Users/sanchezh/Desktop/tombombadil/TOMBOMBADIL2712
2713	group_9441	/Users/sanchezh/Desktop/tombombadil/TOMBOMBADIL2713
2714	group_9343	/Users/sanchezh/Desktop/tombombadil/TOMBOMBADIL2714
2715	group_9330	/Users/sanchezh/Desktop/tombombadil/TOMBOMBADIL2715
2716	group_9045	/Users/sanchezh/Desktop/tombombadil/TOMBOMBADIL2716
2717	group_8997	/Users/sanchezh/Desktop/tombombadil/TOMBOMBADIL2717
2718	group_8888	/Users/sanchezh/Desktop/tombombadil/TOMBOMBADIL2718
2719	group_8845	/Users/sanchezh/Desktop/tombombadil/TOMBOMBADIL2719
2720	group_8540	/Users/sanchezh/Desktop/tombombadil/TOMBOMBADIL2720
2721	group_8515	/Users/sanchezh/Desktop/tombombadil/TOMBOMBADIL2721
2722	group_8422	/Users/sanchezh/Desktop/tombombadil/TOMBOMBADIL2722
2723	group_8394	/Users/sanchezh/Desktop/tombombadil/TOMBOMBADIL2723
2724	group_8291	/Users/sanchezh/Desktop/tombombadil/TOMBOMBADIL2724
2725	group_8208	/Users/sanchezh/Desktop/tombombadil/TOMBOMBADIL2725
2726	group_7796	/Users/sanchezh/Desktop/tombombadil/TOMBOMBADIL2726
2727	group_7784	/Users/sanchezh/Desktop/tombombadil/TOMBOMBADIL2727
2728	group_7539	/Users/sanchezh/Desktop/tombombadil/TOMBOMBADIL2728
2729	group_7265	/Users/sanchezh/Desktop/tombombadil/TOMBOMBADIL2729
2730	group_6207	/Users/sanchezh/Desktop/tombombadil/TOMBOMBADIL2730
2731	group_6009	/Users/sanchezh/Desktop/tombombadil/TOMBOMBADIL2731
2732	group_5951	/Users/sanchezh/Desktop/tombombadil/TOMBOMBADIL2732
2733	group_5321	/Users/sanchezh/Desktop/tombombadil/TOMBOMBADIL2733
2734	group_4530	/Users/sanchezh/Desktop/tombombadil/TOMBOMBADIL2734
2735	group_4444	/Users/sanchezh/Desktop/tombombadil/TOMBOMBADIL2735
2736	group_4277	/Users/sanchezh/Desktop/tombombadil/TOMBOMBADIL2736
2737	group_4275	/Users/sanchezh/Desktop/tombombadil/TOMBOMBADIL2737
2738	group_4011	/Users/sanchezh/Desktop/tombombadil/TOMBOMBADIL2738
2739	group_3924	/Users/sanchezh/Desktop/tombombadil/TOMBOMBADIL2739
2740	pknB	/Users/sanchezh/Desktop/tombombadil/TOMBOMBADIL2740
2741	group_2391	/Users/sanchezh/Desktop/tombombadil/TOMBOMBADIL2741
2742	group_1784	/Users/sanchezh/Desktop/tombombadil/TOMBOMBADIL2742
2743	group_626	/Users/sanchezh/Desktop/tombombadil/TOMBOMBADIL2743
2744	group_490	/Users/sanchezh/Desktop/tombombadil/TOMBOMBADIL2744
2745	group_12732	/Users/sanchezh/Desktop/tombombadil/TOMBOMBADIL2745
2746	group_10728	/Users/sanchezh/Desktop/tombombadil/TOMBOMBADIL2746
2747	group_9743	/Users/sanchezh/Desktop/tombombadil/TOMBOMBADIL2747
2748	group_9211	/Users/sanchezh/Desktop/tombombadil/TOMBOMBADIL2748
2749	group_9177	/Users/sanchezh/Desktop/tombombadil/TOMBOMBADIL2749
2750	group_8884	/Users/sanchezh/Desktop/tombombadil/TOMBOMBADIL2750
2751	group_8334	/Users/sanchezh/Desktop/tombombadil/TOMBOMBADIL2751
2752	group_8306	/Users/sanchezh/Desktop/tombombadil/TOMBOMBADIL2752
2753	group_7946	/Users/sanchezh/Desktop/tombombadil/TOMBOMBADIL2753
2754	group_7856	/Users/sanchezh/Desktop/tombombadil/TOMBOMBADIL2754
2755	group_7050	/Users/sanchezh/Desktop/tombombadil/TOMBOMBADIL2755
2756	group_6922	/Users/sanchezh/Desktop/tombombadil/TOMBOMBADIL2756
2757	group_5790	/Users/sanchezh/Desktop/tombombadil/TOMBOMBADIL2757
2758	group_5543	/Users/sanchezh/Desktop/tombombadil/TOMBOMBADIL2758
2759	group_5169	/Users/sanchezh/Desktop/tombombadil/TOMBOMBADIL2759
2760	group_5147	/Users/sanchezh/Desktop/tombombadil/TOMBOMBADIL2760
2761	group_3531	/Users/sanchezh/Desktop/tombombadil/TOMBOMBADIL2761
2762	group_3185	/Users/sanchezh/Desktop/tombombadil/TOMBOMBADIL2762
2763	group_2199	/Users/sanchezh/Desktop/tombombadil/TOMBOMBADIL2763
2764	group_2153	/Users/sanchezh/Desktop/tombombadil/TOMBOMBADIL2764
2765	group_2089	/Users/sanchezh/Desktop/tombombadil/TOMBOMBADIL2765
2766	group_1177	/Users/sanchezh/Desktop/tombombadil/TOMBOMBADIL2766
2767	group_830	/Users/sanchezh/Desktop/tombombadil/TOMBOMBADIL2767
2768	group_805	/Users/sanchezh/Desktop/tombombadil/TOMBOMBADIL2768
2769	group_551	/Users/sanchezh/Desktop/tombombadil/TOMBOMBADIL2769
2770	group_169	/Users/sanchezh/Desktop/tombombadil/TOMBOMBADIL2770
2771	group_50	/Users/sanchezh/Desktop/tombombadil/TOMBOMBADIL2771
2772	group_9040	/Users/sanchezh/Desktop/tombombadil/TOMBOMBADIL2772
2773	group_9003	/Users/sanchezh/Desktop/tombombadil/TOMBOMBADIL2773
2774	group_8767	/Users/sanchezh/Desktop/tombombadil/TOMBOMBADIL2774
2775	group_8765	/Users/sanchezh/Desktop/tombombadil/TOMBOMBADIL2775
2776	group_8763	/Users/sanchezh/Desktop/tombombadil/TOMBOMBADIL2776
2777	group_8745	/Users/sanchezh/Desktop/tombombadil/TOMBOMBADIL2777
2778	group_8612	/Users/sanchezh/Desktop/tombombadil/TOMBOMBADIL2778
2779	group_8611	/Users/sanchezh/Desktop/tombombadil/TOMBOMBADIL2779
2780	group_8289	/Users/sanchezh/Desktop/tombombadil/TOMBOMBADIL2780
2781	group_7802	/Users/sanchezh/Desktop/tombombadil/TOMBOMBADIL2781
2782	group_7783	/Users/sanchezh/Desktop/tombombadil/TOMBOMBADIL2782
2783	group_7425	/Users/sanchezh/Desktop/tombombadil/TOMBOMBADIL2783
2784	group_6669	/Users/sanchezh/Desktop/tombombadil/TOMBOMBADIL2784
2785	group_4944	/Users/sanchezh/Desktop/tombombadil/TOMBOMBADIL2785
2786	group_4307	/Users/sanchezh/Desktop/tombombadil/TOMBOMBADIL2786
2787	group_3598	/Users/sanchezh/Desktop/tombombadil/TOMBOMBADIL2787
2788	group_3379	/Users/sanchezh/Desktop/tombombadil/TOMBOMBADIL2788
2789	group_14967	/Users/sanchezh/Desktop/tombombadil/TOMBOMBADIL2789
2790	group_13354	/Users/sanchezh/Desktop/tombombadil/TOMBOMBADIL2790
2791	group_11364	/Users/sanchezh/Desktop/tombombadil/TOMBOMBADIL2791
2792	group_10659	/Users/sanchezh/Desktop/tombombadil/TOMBOMBADIL2792
2793	group_10466	/Users/sanchezh/Desktop/tombombadil/TOMBOMBADIL2793
2794	group_10389	/Users/sanchezh/Desktop/tombombadil/TOMBOMBADIL2794
2795	group_10090	/Users/sanchezh/Desktop/tombombadil/TOMBOMBADIL2795
2796	group_9756	/Users/sanchezh/Desktop/tombombadil/TOMBOMBADIL2796
2797	group_9335	/Users/sanchezh/Desktop/tombombadil/TOMBOMBADIL2797
2798	group_8771	/Users/sanchezh/Desktop/tombombadil/TOMBOMBADIL2798
2799	group_8087	/Users/sanchezh/Desktop/tombombadil/TOMBOMBADIL2799
2800	group_7718	/Users/sanchezh/Desktop/tombombadil/TOMBOMBADIL2800
2801	group_7226	/Users/sanchezh/Desktop/tombombadil/TOMBOMBADIL2801
2802	group_6701	/Users/sanchezh/Desktop/tombombadil/TOMBOMBADIL2802
2803	group_5638	/Users/sanchezh/Desktop/tombombadil/TOMBOMBADIL2803
2804	group_4083	/Users/sanchezh/Desktop/tombombadil/TOMBOMBADIL2804
2805	group_3199	/Users/sanchezh/Desktop/tombombadil/TOMBOMBADIL2805
2806	group_10022	/Users/sanchezh/Desktop/tombombadil/TOMBOMBADIL2806
2807	group_8747	/Users/sanchezh/Desktop/tombombadil/TOMBOMBADIL2807
2808	group_8604	/Users/sanchezh/Desktop/tombombadil/TOMBOMBADIL2808
2809	group_8481	/Users/sanchezh/Desktop/tombombadil/TOMBOMBADIL2809
2810	group_7951	/Users/sanchezh/Desktop/tombombadil/TOMBOMBADIL2810
2811	group_7289	/Users/sanchezh/Desktop/tombombadil/TOMBOMBADIL2811
2812	group_6913	/Users/sanchezh/Desktop/tombombadil/TOMBOMBADIL2812
2813	group_6536	/Users/sanchezh/Desktop/tombombadil/TOMBOMBADIL2813
2814	lapA	/Users/sanchezh/Desktop/tombombadil/TOMBOMBADIL2814
2815	group_3581	/Users/sanchezh/Desktop/tombombadil/TOMBOMBADIL2815
2816	group_2178	/Users/sanchezh/Desktop/tombombadil/TOMBOMBADIL2816
2817	group_1320	/Users/sanchezh/Desktop/tombombadil/TOMBOMBADIL2817
2818	group_1074	/Users/sanchezh/Desktop/tombombadil/TOMBOMBADIL2818
2819	group_10764	/Users/sanchezh/Desktop/tombombadil/TOMBOMBADIL2819
2820	group_10568	/Users/sanchezh/Desktop/tombombadil/TOMBOMBADIL2820
2821	group_10154	/Users/sanchezh/Desktop/tombombadil/TOMBOMBADIL2821
2822	group_9956	/Users/sanchezh/Desktop/tombombadil/TOMBOMBADIL2822
2823	group_9926	/Users/sanchezh/Desktop/tombombadil/TOMBOMBADIL2823
2824	group_9795	/Users/sanchezh/Desktop/tombombadil/TOMBOMBADIL2824
2825	group_9213	/Users/sanchezh/Desktop/tombombadil/TOMBOMBADIL2825
2826	group_8292	/Users/sanchezh/Desktop/tombombadil/TOMBOMBADIL2826
2827	group_8102	/Users/sanchezh/Desktop/tombombadil/TOMBOMBADIL2827
2828	group_7282	/Users/sanchezh/Desktop/tombombadil/TOMBOMBADIL2828
2829	group_7279	/Users/sanchezh/Desktop/tombombadil/TOMBOMBADIL2829
2830	group_6424	/Users/sanchezh/Desktop/tombombadil/TOMBOMBADIL2830
2831	group_6008	/Users/sanchezh/Desktop/tombombadil/TOMBOMBADIL2831
2832	group_5580	/Users/sanchezh/Desktop/tombombadil/TOMBOMBADIL2832
2833	group_5306	/Users/sanchezh/Desktop/tombombadil/TOMBOMBADIL2833
2834	group_5083	/Users/sanchezh/Desktop/tombombadil/TOMBOMBADIL2834
2835	group_3741	/Users/sanchezh/Desktop/tombombadil/TOMBOMBADIL2835
2836	group_1968	/Users/sanchezh/Desktop/tombombadil/TOMBOMBADIL2836
2837	group_1179	/Users/sanchezh/Desktop/tombombadil/TOMBOMBADIL2837
2838	group_255	/Users/sanchezh/Desktop/tombombadil/TOMBOMBADIL2838
2839	group_15168	/Users/sanchezh/Desktop/tombombadil/TOMBOMBADIL2839
2840	group_11888	/Users/sanchezh/Desktop/tombombadil/TOMBOMBADIL2840
2841	group_10651	/Users/sanchezh/Desktop/tombombadil/TOMBOMBADIL2841
2842	group_9860	/Users/sanchezh/Desktop/tombombadil/TOMBOMBADIL2842
2843	group_9820	/Users/sanchezh/Desktop/tombombadil/TOMBOMBADIL2843
2844	group_9757	/Users/sanchezh/Desktop/tombombadil/TOMBOMBADIL2844
2845	group_9655	/Users/sanchezh/Desktop/tombombadil/TOMBOMBADIL2845
2846	group_9654	/Users/sanchezh/Desktop/tombombadil/TOMBOMBADIL2846
2847	group_9227	/Users/sanchezh/Desktop/tombombadil/TOMBOMBADIL2847
2848	group_8663	/Users/sanchezh/Desktop/tombombadil/TOMBOMBADIL2848
2849	group_8099	/Users/sanchezh/Desktop/tombombadil/TOMBOMBADIL2849
2850	group_8083	/Users/sanchezh/Desktop/tombombadil/TOMBOMBADIL2850
2851	group_8082	/Users/sanchezh/Desktop/tombombadil/TOMBOMBADIL2851
2852	group_8060	/Users/sanchezh/Desktop/tombombadil/TOMBOMBADIL2852
2853	group_7900	/Users/sanchezh/Desktop/tombombadil/TOMBOMBADIL2853
2854	group_7795	/Users/sanchezh/Desktop/tombombadil/TOMBOMBADIL2854
2855	group_5301	/Users/sanchezh/Desktop/tombombadil/TOMBOMBADIL2855
2856	group_4953	/Users/sanchezh/Desktop/tombombadil/TOMBOMBADIL2856
2857	group_4229	/Users/sanchezh/Desktop/tombombadil/TOMBOMBADIL2857
2858	group_2378	/Users/sanchezh/Desktop/tombombadil/TOMBOMBADIL2858
2859	group_11636	/Users/sanchezh/Desktop/tombombadil/TOMBOMBADIL2859
2860	group_10887	/Users/sanchezh/Desktop/tombombadil/TOMBOMBADIL2860
2861	group_10820	/Users/sanchezh/Desktop/tombombadil/TOMBOMBADIL2861
2862	group_10819	/Users/sanchezh/Desktop/tombombadil/TOMBOMBADIL2862
2863	group_10818	/Users/sanchezh/Desktop/tombombadil/TOMBOMBADIL2863
2864	group_10513	/Users/sanchezh/Desktop/tombombadil/TOMBOMBADIL2864
2865	group_9872	/Users/sanchezh/Desktop/tombombadil/TOMBOMBADIL2865
2866	group_9846	/Users/sanchezh/Desktop/tombombadil/TOMBOMBADIL2866
2867	group_9704	/Users/sanchezh/Desktop/tombombadil/TOMBOMBADIL2867
2868	group_9554	/Users/sanchezh/Desktop/tombombadil/TOMBOMBADIL2868
2869	group_9538	/Users/sanchezh/Desktop/tombombadil/TOMBOMBADIL2869
2870	group_9483	/Users/sanchezh/Desktop/tombombadil/TOMBOMBADIL2870
2871	group_9193	/Users/sanchezh/Desktop/tombombadil/TOMBOMBADIL2871
2872	trbJ~~~traI	/Users/sanchezh/Desktop/tombombadil/TOMBOMBADIL2872
2873	group_9149	/Users/sanchezh/Desktop/tombombadil/TOMBOMBADIL2873
2874	group_8603	/Users/sanchezh/Desktop/tombombadil/TOMBOMBADIL2874
2875	group_8567	/Users/sanchezh/Desktop/tombombadil/TOMBOMBADIL2875
2876	group_8305	/Users/sanchezh/Desktop/tombombadil/TOMBOMBADIL2876
2877	group_7893	/Users/sanchezh/Desktop/tombombadil/TOMBOMBADIL2877
2878	group_7823	/Users/sanchezh/Desktop/tombombadil/TOMBOMBADIL2878
2879	group_7128	/Users/sanchezh/Desktop/tombombadil/TOMBOMBADIL2879
2880	group_6611	/Users/sanchezh/Desktop/tombombadil/TOMBOMBADIL2880
2881	group_5900	/Users/sanchezh/Desktop/tombombadil/TOMBOMBADIL2881
2882	group_5704	/Users/sanchezh/Desktop/tombombadil/TOMBOMBADIL2882
2883	group_5355	/Users/sanchezh/Desktop/tombombadil/TOMBOMBADIL2883
2884	group_5189	/Users/sanchezh/Desktop/tombombadil/TOMBOMBADIL2884
2885	group_5052	/Users/sanchezh/Desktop/tombombadil/TOMBOMBADIL2885
2886	group_4976	/Users/sanchezh/Desktop/tombombadil/TOMBOMBADIL2886
2887	group_4759	/Users/sanchezh/Desktop/tombombadil/TOMBOMBADIL2887
2888	group_4309	/Users/sanchezh/Desktop/tombombadil/TOMBOMBADIL2888
2889	group_4213	/Users/sanchezh/Desktop/tombombadil/TOMBOMBADIL2889
2890	group_4173	/Users/sanchezh/Desktop/tombombadil/TOMBOMBADIL2890
2891	group_4084	/Users/sanchezh/Desktop/tombombadil/TOMBOMBADIL2891
2892	group_4069	/Users/sanchezh/Desktop/tombombadil/TOMBOMBADIL2892
2893	group_3264	/Users/sanchezh/Desktop/tombombadil/TOMBOMBADIL2893
2894	group_1802	/Users/sanchezh/Desktop/tombombadil/TOMBOMBADIL2894
2895	group_1740	/Users/sanchezh/Desktop/tombombadil/TOMBOMBADIL2895
2896	group_1626	/Users/sanchezh/Desktop/tombombadil/TOMBOMBADIL2896
2897	group_1431	/Users/sanchezh/Desktop/tombombadil/TOMBOMBADIL2897
2898	group_906	/Users/sanchezh/Desktop/tombombadil/TOMBOMBADIL2898
2899	group_495	/Users/sanchezh/Desktop/tombombadil/TOMBOMBADIL2899
2900	group_247	/Users/sanchezh/Desktop/tombombadil/TOMBOMBADIL2900
2901	group_204	/Users/sanchezh/Desktop/tombombadil/TOMBOMBADIL2901
2902	group_181	/Users/sanchezh/Desktop/tombombadil/TOMBOMBADIL2902
2903	group_11010	/Users/sanchezh/Desktop/tombombadil/TOMBOMBADIL2903
2904	group_10755	/Users/sanchezh/Desktop/tombombadil/TOMBOMBADIL2904
2905	group_10309	/Users/sanchezh/Desktop/tombombadil/TOMBOMBADIL2905
2906	group_10250	/Users/sanchezh/Desktop/tombombadil/TOMBOMBADIL2906
2907	group_9992	/Users/sanchezh/Desktop/tombombadil/TOMBOMBADIL2907
2908	group_9911	/Users/sanchezh/Desktop/tombombadil/TOMBOMBADIL2908
2909	group_9909	/Users/sanchezh/Desktop/tombombadil/TOMBOMBADIL2909
2910	group_9905	/Users/sanchezh/Desktop/tombombadil/TOMBOMBADIL2910
2911	group_9893	/Users/sanchezh/Desktop/tombombadil/TOMBOMBADIL2911
2912	group_9873	/Users/sanchezh/Desktop/tombombadil/TOMBOMBADIL2912
2913	group_9848	/Users/sanchezh/Desktop/tombombadil/TOMBOMBADIL2913
2914	group_9784	/Users/sanchezh/Desktop/tombombadil/TOMBOMBADIL2914
2915	group_9139	/Users/sanchezh/Desktop/tombombadil/TOMBOMBADIL2915
2916	group_8548	/Users/sanchezh/Desktop/tombombadil/TOMBOMBADIL2916
2917	group_6382	/Users/sanchezh/Desktop/tombombadil/TOMBOMBADIL2917
2918	group_4592	/Users/sanchezh/Desktop/tombombadil/TOMBOMBADIL2918
2919	group_4056	/Users/sanchezh/Desktop/tombombadil/TOMBOMBADIL2919
2920	group_10770	/Users/sanchezh/Desktop/tombombadil/TOMBOMBADIL2920
2921	group_10542	/Users/sanchezh/Desktop/tombombadil/TOMBOMBADIL2921
2922	group_9907	/Users/sanchezh/Desktop/tombombadil/TOMBOMBADIL2922
2923	group_9900	/Users/sanchezh/Desktop/tombombadil/TOMBOMBADIL2923
2924	group_9884	/Users/sanchezh/Desktop/tombombadil/TOMBOMBADIL2924
2925	group_9812	/Users/sanchezh/Desktop/tombombadil/TOMBOMBADIL2925
2926	group_9782	/Users/sanchezh/Desktop/tombombadil/TOMBOMBADIL2926
2927	group_9739	/Users/sanchezh/Desktop/tombombadil/TOMBOMBADIL2927
2928	group_9537	/Users/sanchezh/Desktop/tombombadil/TOMBOMBADIL2928
2929	group_9159	/Users/sanchezh/Desktop/tombombadil/TOMBOMBADIL2929
2930	group_8694	/Users/sanchezh/Desktop/tombombadil/TOMBOMBADIL2930
2931	group_8181	/Users/sanchezh/Desktop/tombombadil/TOMBOMBADIL2931
2932	group_7448	/Users/sanchezh/Desktop/tombombadil/TOMBOMBADIL2932
2933	group_6206	/Users/sanchezh/Desktop/tombombadil/TOMBOMBADIL2933
2934	group_5386	/Users/sanchezh/Desktop/tombombadil/TOMBOMBADIL2934
2935	group_14693	/Users/sanchezh/Desktop/tombombadil/TOMBOMBADIL2935
2936	group_13689	/Users/sanchezh/Desktop/tombombadil/TOMBOMBADIL2936
2937	group_13013	/Users/sanchezh/Desktop/tombombadil/TOMBOMBADIL2937
2938	group_12792	/Users/sanchezh/Desktop/tombombadil/TOMBOMBADIL2938
2939	group_9892	/Users/sanchezh/Desktop/tombombadil/TOMBOMBADIL2939
2940	group_9624	/Users/sanchezh/Desktop/tombombadil/TOMBOMBADIL2940
2941	group_9417	/Users/sanchezh/Desktop/tombombadil/TOMBOMBADIL2941
2942	group_8816	/Users/sanchezh/Desktop/tombombadil/TOMBOMBADIL2942
2943	group_8807	/Users/sanchezh/Desktop/tombombadil/TOMBOMBADIL2943
2944	group_8644	/Users/sanchezh/Desktop/tombombadil/TOMBOMBADIL2944
2945	group_8506	/Users/sanchezh/Desktop/tombombadil/TOMBOMBADIL2945
2946	group_8504	/Users/sanchezh/Desktop/tombombadil/TOMBOMBADIL2946
2947	group_8286	/Users/sanchezh/Desktop/tombombadil/TOMBOMBADIL2947
2948	group_8205	/Users/sanchezh/Desktop/tombombadil/TOMBOMBADIL2948
2949	group_8163	/Users/sanchezh/Desktop/tombombadil/TOMBOMBADIL2949
2950	group_7953	/Users/sanchezh/Desktop/tombombadil/TOMBOMBADIL2950
2951	group_7563	/Users/sanchezh/Desktop/tombombadil/TOMBOMBADIL2951
2952	group_7418	/Users/sanchezh/Desktop/tombombadil/TOMBOMBADIL2952
2953	group_7134	/Users/sanchezh/Desktop/tombombadil/TOMBOMBADIL2953
2954	group_6903	/Users/sanchezh/Desktop/tombombadil/TOMBOMBADIL2954
2955	group_6700	/Users/sanchezh/Desktop/tombombadil/TOMBOMBADIL2955
2956	group_6678	/Users/sanchezh/Desktop/tombombadil/TOMBOMBADIL2956
2957	group_6568	/Users/sanchezh/Desktop/tombombadil/TOMBOMBADIL2957
2958	group_5936	/Users/sanchezh/Desktop/tombombadil/TOMBOMBADIL2958
2959	group_5692	/Users/sanchezh/Desktop/tombombadil/TOMBOMBADIL2959
2960	group_5273	/Users/sanchezh/Desktop/tombombadil/TOMBOMBADIL2960
2961	group_5271	/Users/sanchezh/Desktop/tombombadil/TOMBOMBADIL2961
2962	group_4706	/Users/sanchezh/Desktop/tombombadil/TOMBOMBADIL2962
2963	group_4018	/Users/sanchezh/Desktop/tombombadil/TOMBOMBADIL2963
2964	group_3652	/Users/sanchezh/Desktop/tombombadil/TOMBOMBADIL2964
2965	group_3436	/Users/sanchezh/Desktop/tombombadil/TOMBOMBADIL2965
2966	group_3197	/Users/sanchezh/Desktop/tombombadil/TOMBOMBADIL2966
2967	group_3160	/Users/sanchezh/Desktop/tombombadil/TOMBOMBADIL2967
2968	dcuC	/Users/sanchezh/Desktop/tombombadil/TOMBOMBADIL2968
2969	group_1406	/Users/sanchezh/Desktop/tombombadil/TOMBOMBADIL2969
2970	group_1318	/Users/sanchezh/Desktop/tombombadil/TOMBOMBADIL2970
2971	group_1157	/Users/sanchezh/Desktop/tombombadil/TOMBOMBADIL2971
2972	group_876	/Users/sanchezh/Desktop/tombombadil/TOMBOMBADIL2972
2973	group_271	/Users/sanchezh/Desktop/tombombadil/TOMBOMBADIL2973
2974	group_14640	/Users/sanchezh/Desktop/tombombadil/TOMBOMBADIL2974
2975	group_10891	/Users/sanchezh/Desktop/tombombadil/TOMBOMBADIL2975
2976	group_10723	/Users/sanchezh/Desktop/tombombadil/TOMBOMBADIL2976
2977	group_9839	/Users/sanchezh/Desktop/tombombadil/TOMBOMBADIL2977
2978	group_8688	/Users/sanchezh/Desktop/tombombadil/TOMBOMBADIL2978
2979	group_8573	/Users/sanchezh/Desktop/tombombadil/TOMBOMBADIL2979
2980	group_8266	/Users/sanchezh/Desktop/tombombadil/TOMBOMBADIL2980
2981	group_5512	/Users/sanchezh/Desktop/tombombadil/TOMBOMBADIL2981
2982	group_4495	/Users/sanchezh/Desktop/tombombadil/TOMBOMBADIL2982
2983	group_2105	/Users/sanchezh/Desktop/tombombadil/TOMBOMBADIL2983
2984	group_336	/Users/sanchezh/Desktop/tombombadil/TOMBOMBADIL2984
2985	group_15781	/Users/sanchezh/Desktop/tombombadil/TOMBOMBADIL2985
2986	group_10621	/Users/sanchezh/Desktop/tombombadil/TOMBOMBADIL2986
2987	group_10083	/Users/sanchezh/Desktop/tombombadil/TOMBOMBADIL2987
2988	group_9966	/Users/sanchezh/Desktop/tombombadil/TOMBOMBADIL2988
2989	group_9857	/Users/sanchezh/Desktop/tombombadil/TOMBOMBADIL2989
2990	group_9692	/Users/sanchezh/Desktop/tombombadil/TOMBOMBADIL2990
2991	group_9256	/Users/sanchezh/Desktop/tombombadil/TOMBOMBADIL2991
2992	group_8169	/Users/sanchezh/Desktop/tombombadil/TOMBOMBADIL2992
2993	group_7997	/Users/sanchezh/Desktop/tombombadil/TOMBOMBADIL2993
2994	group_6628	/Users/sanchezh/Desktop/tombombadil/TOMBOMBADIL2994
2995	group_6198	/Users/sanchezh/Desktop/tombombadil/TOMBOMBADIL2995
2996	group_3863	/Users/sanchezh/Desktop/tombombadil/TOMBOMBADIL2996
2997	group_3385	/Users/sanchezh/Desktop/tombombadil/TOMBOMBADIL2997
2998	group_3262	/Users/sanchezh/Desktop/tombombadil/TOMBOMBADIL2998
2999	group_2863	/Users/sanchezh/Desktop/tombombadil/TOMBOMBADIL2999
3000	group_1536	/Users/sanchezh/Desktop/tombombadil/TOMBOMBADIL3000
3001	group_13577	/Users/sanchezh/Desktop/tombombadil/TOMBOMBADIL3001
3002	group_12499	/Users/sanchezh/Desktop/tombombadil/TOMBOMBADIL3002
3003	group_10893	/Users/sanchezh/Desktop/tombombadil/TOMBOMBADIL3003
3004	group_10285	/Users/sanchezh/Desktop/tombombadil/TOMBOMBADIL3004
3005	group_10223	/Users/sanchezh/Desktop/tombombadil/TOMBOMBADIL3005
3006	group_10202	/Users/sanchezh/Desktop/tombombadil/TOMBOMBADIL3006
3007	group_8856	/Users/sanchezh/Desktop/tombombadil/TOMBOMBADIL3007
3008	group_8231	/Users/sanchezh/Desktop/tombombadil/TOMBOMBADIL3008
3009	group_7824	/Users/sanchezh/Desktop/tombombadil/TOMBOMBADIL3009
3010	group_7493	/Users/sanchezh/Desktop/tombombadil/TOMBOMBADIL3010
3011	group_5029	/Users/sanchezh/Desktop/tombombadil/TOMBOMBADIL3011
3012	group_4806	/Users/sanchezh/Desktop/tombombadil/TOMBOMBADIL3012
3013	group_4224	/Users/sanchezh/Desktop/tombombadil/TOMBOMBADIL3013
3014	group_4101	/Users/sanchezh/Desktop/tombombadil/TOMBOMBADIL3014
3015	group_4050	/Users/sanchezh/Desktop/tombombadil/TOMBOMBADIL3015
3016	group_3359	/Users/sanchezh/Desktop/tombombadil/TOMBOMBADIL3016
3017	group_2175	/Users/sanchezh/Desktop/tombombadil/TOMBOMBADIL3017
3018	group_2065	/Users/sanchezh/Desktop/tombombadil/TOMBOMBADIL3018
3019	group_1250	/Users/sanchezh/Desktop/tombombadil/TOMBOMBADIL3019
3020	group_152	/Users/sanchezh/Desktop/tombombadil/TOMBOMBADIL3020
3021	group_14813	/Users/sanchezh/Desktop/tombombadil/TOMBOMBADIL3021
3022	group_12821	/Users/sanchezh/Desktop/tombombadil/TOMBOMBADIL3022
3023	group_11594	/Users/sanchezh/Desktop/tombombadil/TOMBOMBADIL3023
3024	group_10574	/Users/sanchezh/Desktop/tombombadil/TOMBOMBADIL3024
3025	group_10361	/Users/sanchezh/Desktop/tombombadil/TOMBOMBADIL3025
3026	group_10343	/Users/sanchezh/Desktop/tombombadil/TOMBOMBADIL3026
3027	group_10234	/Users/sanchezh/Desktop/tombombadil/TOMBOMBADIL3027
3028	group_10192	/Users/sanchezh/Desktop/tombombadil/TOMBOMBADIL3028
3029	group_10116	/Users/sanchezh/Desktop/tombombadil/TOMBOMBADIL3029
3030	group_9553	/Users/sanchezh/Desktop/tombombadil/TOMBOMBADIL3030
3031	group_8875	/Users/sanchezh/Desktop/tombombadil/TOMBOMBADIL3031
3032	group_8501	/Users/sanchezh/Desktop/tombombadil/TOMBOMBADIL3032
3033	group_7780	/Users/sanchezh/Desktop/tombombadil/TOMBOMBADIL3033
3034	group_6878	/Users/sanchezh/Desktop/tombombadil/TOMBOMBADIL3034
3035	group_6726	/Users/sanchezh/Desktop/tombombadil/TOMBOMBADIL3035
3036	group_5407	/Users/sanchezh/Desktop/tombombadil/TOMBOMBADIL3036
3037	group_5090	/Users/sanchezh/Desktop/tombombadil/TOMBOMBADIL3037
3038	group_5023	/Users/sanchezh/Desktop/tombombadil/TOMBOMBADIL3038
3039	group_5022	/Users/sanchezh/Desktop/tombombadil/TOMBOMBADIL3039
3040	group_4929	/Users/sanchezh/Desktop/tombombadil/TOMBOMBADIL3040
3041	group_4671	/Users/sanchezh/Desktop/tombombadil/TOMBOMBADIL3041
3042	group_4635	/Users/sanchezh/Desktop/tombombadil/TOMBOMBADIL3042
3043	group_4555	/Users/sanchezh/Desktop/tombombadil/TOMBOMBADIL3043
3044	group_4049	/Users/sanchezh/Desktop/tombombadil/TOMBOMBADIL3044
3045	group_3836	/Users/sanchezh/Desktop/tombombadil/TOMBOMBADIL3045
3046	group_3616	/Users/sanchezh/Desktop/tombombadil/TOMBOMBADIL3046
3047	group_3429	/Users/sanchezh/Desktop/tombombadil/TOMBOMBADIL3047
3048	group_3381	/Users/sanchezh/Desktop/tombombadil/TOMBOMBADIL3048
3049	group_3349	/Users/sanchezh/Desktop/tombombadil/TOMBOMBADIL3049
3050	group_3332	/Users/sanchezh/Desktop/tombombadil/TOMBOMBADIL3050
3051	group_2901	/Users/sanchezh/Desktop/tombombadil/TOMBOMBADIL3051
3052	group_2226	/Users/sanchezh/Desktop/tombombadil/TOMBOMBADIL3052
3053	group_1994	/Users/sanchezh/Desktop/tombombadil/TOMBOMBADIL3053
3054	group_1976	/Users/sanchezh/Desktop/tombombadil/TOMBOMBADIL3054
3055	group_1975	/Users/sanchezh/Desktop/tombombadil/TOMBOMBADIL3055
3056	group_1871	/Users/sanchezh/Desktop/tombombadil/TOMBOMBADIL3056
3057	group_825	/Users/sanchezh/Desktop/tombombadil/TOMBOMBADIL3057
3058	group_481	/Users/sanchezh/Desktop/tombombadil/TOMBOMBADIL3058
3059	group_423	/Users/sanchezh/Desktop/tombombadil/TOMBOMBADIL3059
3060	group_12161	/Users/sanchezh/Desktop/tombombadil/TOMBOMBADIL3060
3061	group_11910	/Users/sanchezh/Desktop/tombombadil/TOMBOMBADIL3061
3062	group_11570	/Users/sanchezh/Desktop/tombombadil/TOMBOMBADIL3062
3063	group_10605	/Users/sanchezh/Desktop/tombombadil/TOMBOMBADIL3063
3064	group_9194	/Users/sanchezh/Desktop/tombombadil/TOMBOMBADIL3064
3065	group_9178	/Users/sanchezh/Desktop/tombombadil/TOMBOMBADIL3065
3066	group_7329	/Users/sanchezh/Desktop/tombombadil/TOMBOMBADIL3066
3067	group_6843	/Users/sanchezh/Desktop/tombombadil/TOMBOMBADIL3067
3068	group_6255	/Users/sanchezh/Desktop/tombombadil/TOMBOMBADIL3068
3069	group_5590	/Users/sanchezh/Desktop/tombombadil/TOMBOMBADIL3069
3070	group_5268	/Users/sanchezh/Desktop/tombombadil/TOMBOMBADIL3070
3071	group_5216	/Users/sanchezh/Desktop/tombombadil/TOMBOMBADIL3071
3072	group_5051	/Users/sanchezh/Desktop/tombombadil/TOMBOMBADIL3072
3073	group_4637	/Users/sanchezh/Desktop/tombombadil/TOMBOMBADIL3073
3074	group_4636	/Users/sanchezh/Desktop/tombombadil/TOMBOMBADIL3074
3075	group_3589	/Users/sanchezh/Desktop/tombombadil/TOMBOMBADIL3075
3076	group_1983	/Users/sanchezh/Desktop/tombombadil/TOMBOMBADIL3076
3077	group_1978	/Users/sanchezh/Desktop/tombombadil/TOMBOMBADIL3077
3078	group_1977	/Users/sanchezh/Desktop/tombombadil/TOMBOMBADIL3078
3079	group_1741	/Users/sanchezh/Desktop/tombombadil/TOMBOMBADIL3079
3080	group_15243	/Users/sanchezh/Desktop/tombombadil/TOMBOMBADIL3080
3081	group_10687	/Users/sanchezh/Desktop/tombombadil/TOMBOMBADIL3081
3082	group_10629	/Users/sanchezh/Desktop/tombombadil/TOMBOMBADIL3082
3083	group_10189	/Users/sanchezh/Desktop/tombombadil/TOMBOMBADIL3083
3084	group_9383	/Users/sanchezh/Desktop/tombombadil/TOMBOMBADIL3084
3085	group_9235	/Users/sanchezh/Desktop/tombombadil/TOMBOMBADIL3085
3086	group_9150	/Users/sanchezh/Desktop/tombombadil/TOMBOMBADIL3086
3087	group_8645	/Users/sanchezh/Desktop/tombombadil/TOMBOMBADIL3087
3088	group_8198	/Users/sanchezh/Desktop/tombombadil/TOMBOMBADIL3088
3089	group_7786	/Users/sanchezh/Desktop/tombombadil/TOMBOMBADIL3089
3090	rhsD	/Users/sanchezh/Desktop/tombombadil/TOMBOMBADIL3090
3091	group_6630	/Users/sanchezh/Desktop/tombombadil/TOMBOMBADIL3091
3092	group_6262	/Users/sanchezh/Desktop/tombombadil/TOMBOMBADIL3092
3093	group_6261	/Users/sanchezh/Desktop/tombombadil/TOMBOMBADIL3093
3094	group_5053	/Users/sanchezh/Desktop/tombombadil/TOMBOMBADIL3094
3095	group_3822	/Users/sanchezh/Desktop/tombombadil/TOMBOMBADIL3095
3096	group_2007	/Users/sanchezh/Desktop/tombombadil/TOMBOMBADIL3096
3097	group_14966	/Users/sanchezh/Desktop/tombombadil/TOMBOMBADIL3097
3098	group_14306	/Users/sanchezh/Desktop/tombombadil/TOMBOMBADIL3098
3099	group_11847	/Users/sanchezh/Desktop/tombombadil/TOMBOMBADIL3099
3100	group_11507	/Users/sanchezh/Desktop/tombombadil/TOMBOMBADIL3100
3101	group_11458	/Users/sanchezh/Desktop/tombombadil/TOMBOMBADIL3101
3102	group_11224	/Users/sanchezh/Desktop/tombombadil/TOMBOMBADIL3102
3103	group_10756	/Users/sanchezh/Desktop/tombombadil/TOMBOMBADIL3103
3104	group_10231	/Users/sanchezh/Desktop/tombombadil/TOMBOMBADIL3104
3105	group_10093	/Users/sanchezh/Desktop/tombombadil/TOMBOMBADIL3105
3106	group_9981	/Users/sanchezh/Desktop/tombombadil/TOMBOMBADIL3106
3107	group_9283	/Users/sanchezh/Desktop/tombombadil/TOMBOMBADIL3107
3108	group_9006	/Users/sanchezh/Desktop/tombombadil/TOMBOMBADIL3108
3109	group_8947	/Users/sanchezh/Desktop/tombombadil/TOMBOMBADIL3109
3110	group_8167	/Users/sanchezh/Desktop/tombombadil/TOMBOMBADIL3110
3111	group_7996	/Users/sanchezh/Desktop/tombombadil/TOMBOMBADIL3111
3112	group_7222	/Users/sanchezh/Desktop/tombombadil/TOMBOMBADIL3112
3113	group_7221	/Users/sanchezh/Desktop/tombombadil/TOMBOMBADIL3113
3114	group_5820	/Users/sanchezh/Desktop/tombombadil/TOMBOMBADIL3114
3115	group_5027	/Users/sanchezh/Desktop/tombombadil/TOMBOMBADIL3115
3116	group_4524	/Users/sanchezh/Desktop/tombombadil/TOMBOMBADIL3116
3117	group_4178	/Users/sanchezh/Desktop/tombombadil/TOMBOMBADIL3117
3118	group_15490	/Users/sanchezh/Desktop/tombombadil/TOMBOMBADIL3118
3119	group_14728	/Users/sanchezh/Desktop/tombombadil/TOMBOMBADIL3119
3120	group_14647	/Users/sanchezh/Desktop/tombombadil/TOMBOMBADIL3120
3121	group_14525	/Users/sanchezh/Desktop/tombombadil/TOMBOMBADIL3121
3122	group_14138	/Users/sanchezh/Desktop/tombombadil/TOMBOMBADIL3122
3123	group_12524	/Users/sanchezh/Desktop/tombombadil/TOMBOMBADIL3123
3124	group_10699	/Users/sanchezh/Desktop/tombombadil/TOMBOMBADIL3124
3125	group_10200	/Users/sanchezh/Desktop/tombombadil/TOMBOMBADIL3125
3126	group_10127	/Users/sanchezh/Desktop/tombombadil/TOMBOMBADIL3126
3127	group_10081	/Users/sanchezh/Desktop/tombombadil/TOMBOMBADIL3127
3128	group_10047	/Users/sanchezh/Desktop/tombombadil/TOMBOMBADIL3128
3129	group_10041	/Users/sanchezh/Desktop/tombombadil/TOMBOMBADIL3129
3130	group_9991	/Users/sanchezh/Desktop/tombombadil/TOMBOMBADIL3130
3131	group_9969	/Users/sanchezh/Desktop/tombombadil/TOMBOMBADIL3131
3132	group_9824	/Users/sanchezh/Desktop/tombombadil/TOMBOMBADIL3132
3133	group_9761	/Users/sanchezh/Desktop/tombombadil/TOMBOMBADIL3133
3134	group_9760	/Users/sanchezh/Desktop/tombombadil/TOMBOMBADIL3134
3135	group_9662	/Users/sanchezh/Desktop/tombombadil/TOMBOMBADIL3135
3136	group_9660	/Users/sanchezh/Desktop/tombombadil/TOMBOMBADIL3136
3137	group_9491	/Users/sanchezh/Desktop/tombombadil/TOMBOMBADIL3137
3138	group_9490	/Users/sanchezh/Desktop/tombombadil/TOMBOMBADIL3138
3139	group_9039	/Users/sanchezh/Desktop/tombombadil/TOMBOMBADIL3139
3140	group_9038	/Users/sanchezh/Desktop/tombombadil/TOMBOMBADIL3140
3141	group_9037	/Users/sanchezh/Desktop/tombombadil/TOMBOMBADIL3141
3142	group_8599	/Users/sanchezh/Desktop/tombombadil/TOMBOMBADIL3142
3143	group_8239	/Users/sanchezh/Desktop/tombombadil/TOMBOMBADIL3143
3144	group_8080	/Users/sanchezh/Desktop/tombombadil/TOMBOMBADIL3144
3145	group_8061	/Users/sanchezh/Desktop/tombombadil/TOMBOMBADIL3145
3146	group_7698	/Users/sanchezh/Desktop/tombombadil/TOMBOMBADIL3146
3147	group_7401	/Users/sanchezh/Desktop/tombombadil/TOMBOMBADIL3147
3148	group_7001	/Users/sanchezh/Desktop/tombombadil/TOMBOMBADIL3148
3149	group_6841	/Users/sanchezh/Desktop/tombombadil/TOMBOMBADIL3149
3150	group_6680	/Users/sanchezh/Desktop/tombombadil/TOMBOMBADIL3150
3151	group_6607	/Users/sanchezh/Desktop/tombombadil/TOMBOMBADIL3151
3152	group_6471	/Users/sanchezh/Desktop/tombombadil/TOMBOMBADIL3152
3153	group_6130	/Users/sanchezh/Desktop/tombombadil/TOMBOMBADIL3153
3154	group_5887	/Users/sanchezh/Desktop/tombombadil/TOMBOMBADIL3154
3155	group_5631	/Users/sanchezh/Desktop/tombombadil/TOMBOMBADIL3155
3156	group_5264	/Users/sanchezh/Desktop/tombombadil/TOMBOMBADIL3156
3157	group_5157	/Users/sanchezh/Desktop/tombombadil/TOMBOMBADIL3157
3158	group_4822	/Users/sanchezh/Desktop/tombombadil/TOMBOMBADIL3158
3159	lmbE	/Users/sanchezh/Desktop/tombombadil/TOMBOMBADIL3159
3160	group_4261	/Users/sanchezh/Desktop/tombombadil/TOMBOMBADIL3160
3161	group_3989	/Users/sanchezh/Desktop/tombombadil/TOMBOMBADIL3161
3162	group_3904	/Users/sanchezh/Desktop/tombombadil/TOMBOMBADIL3162
3163	group_3747	/Users/sanchezh/Desktop/tombombadil/TOMBOMBADIL3163
3164	group_3495	/Users/sanchezh/Desktop/tombombadil/TOMBOMBADIL3164
3165	group_3401	/Users/sanchezh/Desktop/tombombadil/TOMBOMBADIL3165
3166	group_3247	/Users/sanchezh/Desktop/tombombadil/TOMBOMBADIL3166
3167	group_2001	/Users/sanchezh/Desktop/tombombadil/TOMBOMBADIL3167
3168	group_1445	/Users/sanchezh/Desktop/tombombadil/TOMBOMBADIL3168
3169	group_1358	/Users/sanchezh/Desktop/tombombadil/TOMBOMBADIL3169
3170	group_280	/Users/sanchezh/Desktop/tombombadil/TOMBOMBADIL3170
3171	group_14396	/Users/sanchezh/Desktop/tombombadil/TOMBOMBADIL3171
3172	group_12766	/Users/sanchezh/Desktop/tombombadil/TOMBOMBADIL3172
3173	group_11523	/Users/sanchezh/Desktop/tombombadil/TOMBOMBADIL3173
3174	group_10601	/Users/sanchezh/Desktop/tombombadil/TOMBOMBADIL3174
3175	group_10600	/Users/sanchezh/Desktop/tombombadil/TOMBOMBADIL3175
3176	group_10201	/Users/sanchezh/Desktop/tombombadil/TOMBOMBADIL3176
3177	group_9339	/Users/sanchezh/Desktop/tombombadil/TOMBOMBADIL3177
3178	group_7989	/Users/sanchezh/Desktop/tombombadil/TOMBOMBADIL3178
3179	group_7859	/Users/sanchezh/Desktop/tombombadil/TOMBOMBADIL3179
3180	group_7835	/Users/sanchezh/Desktop/tombombadil/TOMBOMBADIL3180
3181	group_6806	/Users/sanchezh/Desktop/tombombadil/TOMBOMBADIL3181
3182	group_6690	/Users/sanchezh/Desktop/tombombadil/TOMBOMBADIL3182
3183	ycjS	/Users/sanchezh/Desktop/tombombadil/TOMBOMBADIL3183
3184	group_6457	/Users/sanchezh/Desktop/tombombadil/TOMBOMBADIL3184
3185	group_5735	/Users/sanchezh/Desktop/tombombadil/TOMBOMBADIL3185
3186	group_5434	/Users/sanchezh/Desktop/tombombadil/TOMBOMBADIL3186
3187	group_5187	/Users/sanchezh/Desktop/tombombadil/TOMBOMBADIL3187
3188	group_5031	/Users/sanchezh/Desktop/tombombadil/TOMBOMBADIL3188
3189	group_4883	/Users/sanchezh/Desktop/tombombadil/TOMBOMBADIL3189
3190	group_4627	/Users/sanchezh/Desktop/tombombadil/TOMBOMBADIL3190
3191	group_4546	/Users/sanchezh/Desktop/tombombadil/TOMBOMBADIL3191
3192	group_3530	/Users/sanchezh/Desktop/tombombadil/TOMBOMBADIL3192
3193	group_3477	/Users/sanchezh/Desktop/tombombadil/TOMBOMBADIL3193
3194	group_3476	/Users/sanchezh/Desktop/tombombadil/TOMBOMBADIL3194
3195	group_3211	/Users/sanchezh/Desktop/tombombadil/TOMBOMBADIL3195
3196	group_3183	/Users/sanchezh/Desktop/tombombadil/TOMBOMBADIL3196
3197	group_2181	/Users/sanchezh/Desktop/tombombadil/TOMBOMBADIL3197
3198	group_2063	/Users/sanchezh/Desktop/tombombadil/TOMBOMBADIL3198
3199	group_2004	/Users/sanchezh/Desktop/tombombadil/TOMBOMBADIL3199
3200	group_2000	/Users/sanchezh/Desktop/tombombadil/TOMBOMBADIL3200
3201	group_1291	/Users/sanchezh/Desktop/tombombadil/TOMBOMBADIL3201
3202	group_316	/Users/sanchezh/Desktop/tombombadil/TOMBOMBADIL3202
3203	group_15925	/Users/sanchezh/Desktop/tombombadil/TOMBOMBADIL3203
3204	group_15830	/Users/sanchezh/Desktop/tombombadil/TOMBOMBADIL3204
3205	group_15657	/Users/sanchezh/Desktop/tombombadil/TOMBOMBADIL3205
3206	group_14573	/Users/sanchezh/Desktop/tombombadil/TOMBOMBADIL3206
3207	group_14400	/Users/sanchezh/Desktop/tombombadil/TOMBOMBADIL3207
3208	group_11885	/Users/sanchezh/Desktop/tombombadil/TOMBOMBADIL3208
3209	group_10757	/Users/sanchezh/Desktop/tombombadil/TOMBOMBADIL3209
3210	group_10754	/Users/sanchezh/Desktop/tombombadil/TOMBOMBADIL3210
3211	group_10727	/Users/sanchezh/Desktop/tombombadil/TOMBOMBADIL3211
3212	group_10720	/Users/sanchezh/Desktop/tombombadil/TOMBOMBADIL3212
3213	group_10296	/Users/sanchezh/Desktop/tombombadil/TOMBOMBADIL3213
3214	group_10099	/Users/sanchezh/Desktop/tombombadil/TOMBOMBADIL3214
3215	group_10002	/Users/sanchezh/Desktop/tombombadil/TOMBOMBADIL3215
3216	group_9963	/Users/sanchezh/Desktop/tombombadil/TOMBOMBADIL3216
3217	group_9943	/Users/sanchezh/Desktop/tombombadil/TOMBOMBADIL3217
3218	group_9928	/Users/sanchezh/Desktop/tombombadil/TOMBOMBADIL3218
3219	group_9922	/Users/sanchezh/Desktop/tombombadil/TOMBOMBADIL3219
3220	group_9837	/Users/sanchezh/Desktop/tombombadil/TOMBOMBADIL3220
3221	group_9792	/Users/sanchezh/Desktop/tombombadil/TOMBOMBADIL3221
3222	group_9779	/Users/sanchezh/Desktop/tombombadil/TOMBOMBADIL3222
3223	group_9708	/Users/sanchezh/Desktop/tombombadil/TOMBOMBADIL3223
3224	group_9689	/Users/sanchezh/Desktop/tombombadil/TOMBOMBADIL3224
3225	group_9564	/Users/sanchezh/Desktop/tombombadil/TOMBOMBADIL3225
3226	group_9534	/Users/sanchezh/Desktop/tombombadil/TOMBOMBADIL3226
3227	group_9375	/Users/sanchezh/Desktop/tombombadil/TOMBOMBADIL3227
3228	group_8793	/Users/sanchezh/Desktop/tombombadil/TOMBOMBADIL3228
3229	group_7580	/Users/sanchezh/Desktop/tombombadil/TOMBOMBADIL3229
3230	group_6634	/Users/sanchezh/Desktop/tombombadil/TOMBOMBADIL3230
3231	group_5645	/Users/sanchezh/Desktop/tombombadil/TOMBOMBADIL3231
3232	group_4830	/Users/sanchezh/Desktop/tombombadil/TOMBOMBADIL3232
3233	group_4719	/Users/sanchezh/Desktop/tombombadil/TOMBOMBADIL3233
3234	group_4673	/Users/sanchezh/Desktop/tombombadil/TOMBOMBADIL3234
3235	group_3950	/Users/sanchezh/Desktop/tombombadil/TOMBOMBADIL3235
3236	group_3940	/Users/sanchezh/Desktop/tombombadil/TOMBOMBADIL3236
3237	group_3890	/Users/sanchezh/Desktop/tombombadil/TOMBOMBADIL3237
3238	group_3770	/Users/sanchezh/Desktop/tombombadil/TOMBOMBADIL3238
3239	group_3582	/Users/sanchezh/Desktop/tombombadil/TOMBOMBADIL3239
3240	group_3413	/Users/sanchezh/Desktop/tombombadil/TOMBOMBADIL3240
3241	group_3330	/Users/sanchezh/Desktop/tombombadil/TOMBOMBADIL3241
3242	group_3204	/Users/sanchezh/Desktop/tombombadil/TOMBOMBADIL3242
3243	group_2191	/Users/sanchezh/Desktop/tombombadil/TOMBOMBADIL3243
3244	group_2070	/Users/sanchezh/Desktop/tombombadil/TOMBOMBADIL3244
3245	group_2064	/Users/sanchezh/Desktop/tombombadil/TOMBOMBADIL3245
3246	group_2008	/Users/sanchezh/Desktop/tombombadil/TOMBOMBADIL3246
3247	group_1704	/Users/sanchezh/Desktop/tombombadil/TOMBOMBADIL3247
3248	group_14209	/Users/sanchezh/Desktop/tombombadil/TOMBOMBADIL3248
3249	group_13484	/Users/sanchezh/Desktop/tombombadil/TOMBOMBADIL3249
3250	group_12825	/Users/sanchezh/Desktop/tombombadil/TOMBOMBADIL3250
3251	group_12714	/Users/sanchezh/Desktop/tombombadil/TOMBOMBADIL3251
3252	group_12202	/Users/sanchezh/Desktop/tombombadil/TOMBOMBADIL3252
3253	group_11737	/Users/sanchezh/Desktop/tombombadil/TOMBOMBADIL3253
3254	group_11546	/Users/sanchezh/Desktop/tombombadil/TOMBOMBADIL3254
3255	group_11288	/Users/sanchezh/Desktop/tombombadil/TOMBOMBADIL3255
3256	group_10766	/Users/sanchezh/Desktop/tombombadil/TOMBOMBADIL3256
3257	group_10713	/Users/sanchezh/Desktop/tombombadil/TOMBOMBADIL3257
3258	group_10364	/Users/sanchezh/Desktop/tombombadil/TOMBOMBADIL3258
3259	group_10326	/Users/sanchezh/Desktop/tombombadil/TOMBOMBADIL3259
3260	group_10232	/Users/sanchezh/Desktop/tombombadil/TOMBOMBADIL3260
3261	group_10221	/Users/sanchezh/Desktop/tombombadil/TOMBOMBADIL3261
3262	group_10157	/Users/sanchezh/Desktop/tombombadil/TOMBOMBADIL3262
3263	group_10147	/Users/sanchezh/Desktop/tombombadil/TOMBOMBADIL3263
3264	group_10115	/Users/sanchezh/Desktop/tombombadil/TOMBOMBADIL3264
3265	group_9669	/Users/sanchezh/Desktop/tombombadil/TOMBOMBADIL3265
3266	group_9629	/Users/sanchezh/Desktop/tombombadil/TOMBOMBADIL3266
3267	group_9289	/Users/sanchezh/Desktop/tombombadil/TOMBOMBADIL3267
3268	group_9202	/Users/sanchezh/Desktop/tombombadil/TOMBOMBADIL3268
3269	group_8837	/Users/sanchezh/Desktop/tombombadil/TOMBOMBADIL3269
3270	group_8566	/Users/sanchezh/Desktop/tombombadil/TOMBOMBADIL3270
3271	group_8565	/Users/sanchezh/Desktop/tombombadil/TOMBOMBADIL3271
3272	group_8345	/Users/sanchezh/Desktop/tombombadil/TOMBOMBADIL3272
3273	group_8232	/Users/sanchezh/Desktop/tombombadil/TOMBOMBADIL3273
3274	group_7556	/Users/sanchezh/Desktop/tombombadil/TOMBOMBADIL3274
3275	group_7435	/Users/sanchezh/Desktop/tombombadil/TOMBOMBADIL3275
3276	group_7423	/Users/sanchezh/Desktop/tombombadil/TOMBOMBADIL3276
3277	group_7059	/Users/sanchezh/Desktop/tombombadil/TOMBOMBADIL3277
3278	group_6635	/Users/sanchezh/Desktop/tombombadil/TOMBOMBADIL3278
3279	group_6520	/Users/sanchezh/Desktop/tombombadil/TOMBOMBADIL3279
3280	group_6386	/Users/sanchezh/Desktop/tombombadil/TOMBOMBADIL3280
3281	group_5843	/Users/sanchezh/Desktop/tombombadil/TOMBOMBADIL3281
3282	group_5515	/Users/sanchezh/Desktop/tombombadil/TOMBOMBADIL3282
3283	group_5389	/Users/sanchezh/Desktop/tombombadil/TOMBOMBADIL3283
3284	group_5168	/Users/sanchezh/Desktop/tombombadil/TOMBOMBADIL3284
3285	group_5153	/Users/sanchezh/Desktop/tombombadil/TOMBOMBADIL3285
3286	group_5004	/Users/sanchezh/Desktop/tombombadil/TOMBOMBADIL3286
3287	group_4791	/Users/sanchezh/Desktop/tombombadil/TOMBOMBADIL3287
3288	group_4783	/Users/sanchezh/Desktop/tombombadil/TOMBOMBADIL3288
3289	group_3963	/Users/sanchezh/Desktop/tombombadil/TOMBOMBADIL3289
3290	group_3579	/Users/sanchezh/Desktop/tombombadil/TOMBOMBADIL3290
3291	group_3162	/Users/sanchezh/Desktop/tombombadil/TOMBOMBADIL3291
3292	group_1503	/Users/sanchezh/Desktop/tombombadil/TOMBOMBADIL3292
3293	group_1484	/Users/sanchezh/Desktop/tombombadil/TOMBOMBADIL3293
3294	group_1262	/Users/sanchezh/Desktop/tombombadil/TOMBOMBADIL3294
3295	group_994	/Users/sanchezh/Desktop/tombombadil/TOMBOMBADIL3295
3296	group_554	/Users/sanchezh/Desktop/tombombadil/TOMBOMBADIL3296
3297	group_544	/Users/sanchezh/Desktop/tombombadil/TOMBOMBADIL3297
3298	group_361	/Users/sanchezh/Desktop/tombombadil/TOMBOMBADIL3298
3299	group_348	/Users/sanchezh/Desktop/tombombadil/TOMBOMBADIL3299
3300	group_244	/Users/sanchezh/Desktop/tombombadil/TOMBOMBADIL3300
3301	group_15359	/Users/sanchezh/Desktop/tombombadil/TOMBOMBADIL3301
3302	group_15003	/Users/sanchezh/Desktop/tombombadil/TOMBOMBADIL3302
3303	group_12940	/Users/sanchezh/Desktop/tombombadil/TOMBOMBADIL3303
3304	group_12712	/Users/sanchezh/Desktop/tombombadil/TOMBOMBADIL3304
3305	group_11680	/Users/sanchezh/Desktop/tombombadil/TOMBOMBADIL3305
3306	group_10712	/Users/sanchezh/Desktop/tombombadil/TOMBOMBADIL3306
3307	group_10706	/Users/sanchezh/Desktop/tombombadil/TOMBOMBADIL3307
3308	group_10703	/Users/sanchezh/Desktop/tombombadil/TOMBOMBADIL3308
3309	group_10700	/Users/sanchezh/Desktop/tombombadil/TOMBOMBADIL3309
3310	group_10689	/Users/sanchezh/Desktop/tombombadil/TOMBOMBADIL3310
3311	group_10682	/Users/sanchezh/Desktop/tombombadil/TOMBOMBADIL3311
3312	group_10668	/Users/sanchezh/Desktop/tombombadil/TOMBOMBADIL3312
3313	group_10658	/Users/sanchezh/Desktop/tombombadil/TOMBOMBADIL3313
3314	group_10618	/Users/sanchezh/Desktop/tombombadil/TOMBOMBADIL3314
3315	group_10305	/Users/sanchezh/Desktop/tombombadil/TOMBOMBADIL3315
3316	group_10165	/Users/sanchezh/Desktop/tombombadil/TOMBOMBADIL3316
3317	group_10148	/Users/sanchezh/Desktop/tombombadil/TOMBOMBADIL3317
3318	group_10012	/Users/sanchezh/Desktop/tombombadil/TOMBOMBADIL3318
3319	group_9959	/Users/sanchezh/Desktop/tombombadil/TOMBOMBADIL3319
3320	group_9613	/Users/sanchezh/Desktop/tombombadil/TOMBOMBADIL3320
3321	group_9567	/Users/sanchezh/Desktop/tombombadil/TOMBOMBADIL3321
3322	group_9546	/Users/sanchezh/Desktop/tombombadil/TOMBOMBADIL3322
3323	group_9474	/Users/sanchezh/Desktop/tombombadil/TOMBOMBADIL3323
3324	group_9449	/Users/sanchezh/Desktop/tombombadil/TOMBOMBADIL3324
3325	group_9269	/Users/sanchezh/Desktop/tombombadil/TOMBOMBADIL3325
3326	group_9255	/Users/sanchezh/Desktop/tombombadil/TOMBOMBADIL3326
3327	group_9171	/Users/sanchezh/Desktop/tombombadil/TOMBOMBADIL3327
3328	group_8624	/Users/sanchezh/Desktop/tombombadil/TOMBOMBADIL3328
3329	group_8255	/Users/sanchezh/Desktop/tombombadil/TOMBOMBADIL3329
3330	group_8212	/Users/sanchezh/Desktop/tombombadil/TOMBOMBADIL3330
3331	group_7861	/Users/sanchezh/Desktop/tombombadil/TOMBOMBADIL3331
3332	repB	/Users/sanchezh/Desktop/tombombadil/TOMBOMBADIL3332
3333	group_7327	/Users/sanchezh/Desktop/tombombadil/TOMBOMBADIL3333
3334	group_7293	/Users/sanchezh/Desktop/tombombadil/TOMBOMBADIL3334
3335	group_6224	/Users/sanchezh/Desktop/tombombadil/TOMBOMBADIL3335
3336	group_5978	/Users/sanchezh/Desktop/tombombadil/TOMBOMBADIL3336
3337	group_5710	/Users/sanchezh/Desktop/tombombadil/TOMBOMBADIL3337
3338	group_5419	/Users/sanchezh/Desktop/tombombadil/TOMBOMBADIL3338
3339	group_5056	/Users/sanchezh/Desktop/tombombadil/TOMBOMBADIL3339
3340	group_4755	/Users/sanchezh/Desktop/tombombadil/TOMBOMBADIL3340
3341	group_4188	/Users/sanchezh/Desktop/tombombadil/TOMBOMBADIL3341
3342	group_3236	/Users/sanchezh/Desktop/tombombadil/TOMBOMBADIL3342
3343	group_2251	/Users/sanchezh/Desktop/tombombadil/TOMBOMBADIL3343
3344	group_2096	/Users/sanchezh/Desktop/tombombadil/TOMBOMBADIL3344
3345	group_2002	/Users/sanchezh/Desktop/tombombadil/TOMBOMBADIL3345
3346	group_1218	/Users/sanchezh/Desktop/tombombadil/TOMBOMBADIL3346
3347	group_1124	/Users/sanchezh/Desktop/tombombadil/TOMBOMBADIL3347
3348	group_508	/Users/sanchezh/Desktop/tombombadil/TOMBOMBADIL3348
3349	group_324	/Users/sanchezh/Desktop/tombombadil/TOMBOMBADIL3349
3350	group_265	/Users/sanchezh/Desktop/tombombadil/TOMBOMBADIL3350
3351	group_15577	/Users/sanchezh/Desktop/tombombadil/TOMBOMBADIL3351
3352	group_14518	/Users/sanchezh/Desktop/tombombadil/TOMBOMBADIL3352
3353	group_14110	/Users/sanchezh/Desktop/tombombadil/TOMBOMBADIL3353
3354	group_11975	/Users/sanchezh/Desktop/tombombadil/TOMBOMBADIL3354
3355	group_11886	/Users/sanchezh/Desktop/tombombadil/TOMBOMBADIL3355
3356	group_11418	/Users/sanchezh/Desktop/tombombadil/TOMBOMBADIL3356
3357	group_11008	/Users/sanchezh/Desktop/tombombadil/TOMBOMBADIL3357
3358	pbpC	/Users/sanchezh/Desktop/tombombadil/TOMBOMBADIL3358
3359	group_10664	/Users/sanchezh/Desktop/tombombadil/TOMBOMBADIL3359
3360	group_10602	/Users/sanchezh/Desktop/tombombadil/TOMBOMBADIL3360
3361	group_10382	/Users/sanchezh/Desktop/tombombadil/TOMBOMBADIL3361
3362	group_10315	/Users/sanchezh/Desktop/tombombadil/TOMBOMBADIL3362
3363	group_10301	/Users/sanchezh/Desktop/tombombadil/TOMBOMBADIL3363
3364	group_10281	/Users/sanchezh/Desktop/tombombadil/TOMBOMBADIL3364
3365	group_10244	/Users/sanchezh/Desktop/tombombadil/TOMBOMBADIL3365
3366	group_10037	/Users/sanchezh/Desktop/tombombadil/TOMBOMBADIL3366
3367	group_9523	/Users/sanchezh/Desktop/tombombadil/TOMBOMBADIL3367
3368	group_9307	/Users/sanchezh/Desktop/tombombadil/TOMBOMBADIL3368
3369	group_9076	/Users/sanchezh/Desktop/tombombadil/TOMBOMBADIL3369
3370	group_8857	/Users/sanchezh/Desktop/tombombadil/TOMBOMBADIL3370
3371	group_8808	/Users/sanchezh/Desktop/tombombadil/TOMBOMBADIL3371
3372	group_8766	/Users/sanchezh/Desktop/tombombadil/TOMBOMBADIL3372
3373	group_8643	/Users/sanchezh/Desktop/tombombadil/TOMBOMBADIL3373
3374	group_8404	/Users/sanchezh/Desktop/tombombadil/TOMBOMBADIL3374
3375	group_8393	/Users/sanchezh/Desktop/tombombadil/TOMBOMBADIL3375
3376	group_8261	/Users/sanchezh/Desktop/tombombadil/TOMBOMBADIL3376
3377	group_7914	/Users/sanchezh/Desktop/tombombadil/TOMBOMBADIL3377
3378	group_7631	/Users/sanchezh/Desktop/tombombadil/TOMBOMBADIL3378
3379	group_7626	/Users/sanchezh/Desktop/tombombadil/TOMBOMBADIL3379
3380	group_7031	/Users/sanchezh/Desktop/tombombadil/TOMBOMBADIL3380
3381	group_7030	/Users/sanchezh/Desktop/tombombadil/TOMBOMBADIL3381
3382	group_6949	/Users/sanchezh/Desktop/tombombadil/TOMBOMBADIL3382
3383	group_6752	/Users/sanchezh/Desktop/tombombadil/TOMBOMBADIL3383
3384	group_6521	/Users/sanchezh/Desktop/tombombadil/TOMBOMBADIL3384
3385	group_6519	/Users/sanchezh/Desktop/tombombadil/TOMBOMBADIL3385
3386	group_6118	/Users/sanchezh/Desktop/tombombadil/TOMBOMBADIL3386
3387	group_6117	/Users/sanchezh/Desktop/tombombadil/TOMBOMBADIL3387
3388	group_6027	/Users/sanchezh/Desktop/tombombadil/TOMBOMBADIL3388
3389	group_6026	/Users/sanchezh/Desktop/tombombadil/TOMBOMBADIL3389
3390	group_5753	/Users/sanchezh/Desktop/tombombadil/TOMBOMBADIL3390
3391	group_5541	/Users/sanchezh/Desktop/tombombadil/TOMBOMBADIL3391
3392	group_5368	/Users/sanchezh/Desktop/tombombadil/TOMBOMBADIL3392
3393	group_5315	/Users/sanchezh/Desktop/tombombadil/TOMBOMBADIL3393
3394	group_5197	/Users/sanchezh/Desktop/tombombadil/TOMBOMBADIL3394
3395	group_4955	/Users/sanchezh/Desktop/tombombadil/TOMBOMBADIL3395
3396	group_4898	/Users/sanchezh/Desktop/tombombadil/TOMBOMBADIL3396
3397	group_4853	/Users/sanchezh/Desktop/tombombadil/TOMBOMBADIL3397
3398	group_4455	/Users/sanchezh/Desktop/tombombadil/TOMBOMBADIL3398
3399	group_4316	/Users/sanchezh/Desktop/tombombadil/TOMBOMBADIL3399
3400	group_4087	/Users/sanchezh/Desktop/tombombadil/TOMBOMBADIL3400
3401	group_3996	/Users/sanchezh/Desktop/tombombadil/TOMBOMBADIL3401
3402	group_3976	/Users/sanchezh/Desktop/tombombadil/TOMBOMBADIL3402
3403	group_3850	/Users/sanchezh/Desktop/tombombadil/TOMBOMBADIL3403
3404	capA	/Users/sanchezh/Desktop/tombombadil/TOMBOMBADIL3404
3405	group_3431	/Users/sanchezh/Desktop/tombombadil/TOMBOMBADIL3405
3406	group_3263	/Users/sanchezh/Desktop/tombombadil/TOMBOMBADIL3406
3407	group_2166	/Users/sanchezh/Desktop/tombombadil/TOMBOMBADIL3407
3408	group_2158	/Users/sanchezh/Desktop/tombombadil/TOMBOMBADIL3408
3409	group_2102	/Users/sanchezh/Desktop/tombombadil/TOMBOMBADIL3409
3410	group_2082	/Users/sanchezh/Desktop/tombombadil/TOMBOMBADIL3410
3411	group_1921	/Users/sanchezh/Desktop/tombombadil/TOMBOMBADIL3411
3412	group_1702	/Users/sanchezh/Desktop/tombombadil/TOMBOMBADIL3412
3413	group_1659	/Users/sanchezh/Desktop/tombombadil/TOMBOMBADIL3413
3414	group_1186	/Users/sanchezh/Desktop/tombombadil/TOMBOMBADIL3414
3415	group_845	/Users/sanchezh/Desktop/tombombadil/TOMBOMBADIL3415
3416	luxE	/Users/sanchezh/Desktop/tombombadil/TOMBOMBADIL3416
3417	group_346	/Users/sanchezh/Desktop/tombombadil/TOMBOMBADIL3417
3418	group_11890	/Users/sanchezh/Desktop/tombombadil/TOMBOMBADIL3418
3419	group_11436	/Users/sanchezh/Desktop/tombombadil/TOMBOMBADIL3419
3420	group_10892	/Users/sanchezh/Desktop/tombombadil/TOMBOMBADIL3420
3421	group_10890	/Users/sanchezh/Desktop/tombombadil/TOMBOMBADIL3421
3422	group_10824	/Users/sanchezh/Desktop/tombombadil/TOMBOMBADIL3422
3423	group_10749	/Users/sanchezh/Desktop/tombombadil/TOMBOMBADIL3423
3424	group_10685	/Users/sanchezh/Desktop/tombombadil/TOMBOMBADIL3424
3425	group_10681	/Users/sanchezh/Desktop/tombombadil/TOMBOMBADIL3425
3426	group_10675	/Users/sanchezh/Desktop/tombombadil/TOMBOMBADIL3426
3427	group_10592	/Users/sanchezh/Desktop/tombombadil/TOMBOMBADIL3427
3428	group_10587	/Users/sanchezh/Desktop/tombombadil/TOMBOMBADIL3428
3429	group_9813	/Users/sanchezh/Desktop/tombombadil/TOMBOMBADIL3429
3430	group_9745	/Users/sanchezh/Desktop/tombombadil/TOMBOMBADIL3430
3431	group_9744	/Users/sanchezh/Desktop/tombombadil/TOMBOMBADIL3431
3432	group_9633	/Users/sanchezh/Desktop/tombombadil/TOMBOMBADIL3432
3433	group_9521	/Users/sanchezh/Desktop/tombombadil/TOMBOMBADIL3433
3434	group_9436	/Users/sanchezh/Desktop/tombombadil/TOMBOMBADIL3434
3435	group_9207	/Users/sanchezh/Desktop/tombombadil/TOMBOMBADIL3435
3436	group_9173	/Users/sanchezh/Desktop/tombombadil/TOMBOMBADIL3436
3437	group_9077	/Users/sanchezh/Desktop/tombombadil/TOMBOMBADIL3437
3438	group_8937	/Users/sanchezh/Desktop/tombombadil/TOMBOMBADIL3438
3439	group_8936	/Users/sanchezh/Desktop/tombombadil/TOMBOMBADIL3439
3440	group_8844	/Users/sanchezh/Desktop/tombombadil/TOMBOMBADIL3440
3441	group_8840	/Users/sanchezh/Desktop/tombombadil/TOMBOMBADIL3441
3442	group_8600	/Users/sanchezh/Desktop/tombombadil/TOMBOMBADIL3442
3443	group_8395	/Users/sanchezh/Desktop/tombombadil/TOMBOMBADIL3443
3444	group_8353	/Users/sanchezh/Desktop/tombombadil/TOMBOMBADIL3444
3445	group_8301	/Users/sanchezh/Desktop/tombombadil/TOMBOMBADIL3445
3446	group_8088	/Users/sanchezh/Desktop/tombombadil/TOMBOMBADIL3446
3447	group_8047	/Users/sanchezh/Desktop/tombombadil/TOMBOMBADIL3447
3448	group_7044	/Users/sanchezh/Desktop/tombombadil/TOMBOMBADIL3448
3449	group_6763	/Users/sanchezh/Desktop/tombombadil/TOMBOMBADIL3449
3450	group_5804	/Users/sanchezh/Desktop/tombombadil/TOMBOMBADIL3450
3451	group_5550	/Users/sanchezh/Desktop/tombombadil/TOMBOMBADIL3451
3452	group_5449	/Users/sanchezh/Desktop/tombombadil/TOMBOMBADIL3452
3453	norM	/Users/sanchezh/Desktop/tombombadil/TOMBOMBADIL3453
3454	group_5443	/Users/sanchezh/Desktop/tombombadil/TOMBOMBADIL3454
3455	group_3851	/Users/sanchezh/Desktop/tombombadil/TOMBOMBADIL3455
3456	group_2095	/Users/sanchezh/Desktop/tombombadil/TOMBOMBADIL3456
3457	group_2016	/Users/sanchezh/Desktop/tombombadil/TOMBOMBADIL3457
3458	traN	/Users/sanchezh/Desktop/tombombadil/TOMBOMBADIL3458
3459	group_1161	/Users/sanchezh/Desktop/tombombadil/TOMBOMBADIL3459
3460	group_1070	/Users/sanchezh/Desktop/tombombadil/TOMBOMBADIL3460
3461	group_16381	/Users/sanchezh/Desktop/tombombadil/TOMBOMBADIL3461
3462	group_16378	/Users/sanchezh/Desktop/tombombadil/TOMBOMBADIL3462
3463	group_16088	/Users/sanchezh/Desktop/tombombadil/TOMBOMBADIL3463
3464	group_16087	/Users/sanchezh/Desktop/tombombadil/TOMBOMBADIL3464
3465	group_15865	/Users/sanchezh/Desktop/tombombadil/TOMBOMBADIL3465
3466	group_15856	/Users/sanchezh/Desktop/tombombadil/TOMBOMBADIL3466
3467	group_15254	/Users/sanchezh/Desktop/tombombadil/TOMBOMBADIL3467
3468	group_15013	/Users/sanchezh/Desktop/tombombadil/TOMBOMBADIL3468
3469	group_14922	/Users/sanchezh/Desktop/tombombadil/TOMBOMBADIL3469
3470	group_14819	/Users/sanchezh/Desktop/tombombadil/TOMBOMBADIL3470
3471	group_14641	/Users/sanchezh/Desktop/tombombadil/TOMBOMBADIL3471
3472	group_14185	/Users/sanchezh/Desktop/tombombadil/TOMBOMBADIL3472
3473	group_13974	/Users/sanchezh/Desktop/tombombadil/TOMBOMBADIL3473
3474	group_13937	/Users/sanchezh/Desktop/tombombadil/TOMBOMBADIL3474
3475	group_13634	/Users/sanchezh/Desktop/tombombadil/TOMBOMBADIL3475
3476	group_13625	/Users/sanchezh/Desktop/tombombadil/TOMBOMBADIL3476
3477	group_13408	/Users/sanchezh/Desktop/tombombadil/TOMBOMBADIL3477
3478	group_13180	/Users/sanchezh/Desktop/tombombadil/TOMBOMBADIL3478
3479	group_13149	/Users/sanchezh/Desktop/tombombadil/TOMBOMBADIL3479
3480	group_12875	/Users/sanchezh/Desktop/tombombadil/TOMBOMBADIL3480
3481	group_12817	/Users/sanchezh/Desktop/tombombadil/TOMBOMBADIL3481
3482	group_12590	/Users/sanchezh/Desktop/tombombadil/TOMBOMBADIL3482
3483	group_12556	/Users/sanchezh/Desktop/tombombadil/TOMBOMBADIL3483
3484	group_12019	/Users/sanchezh/Desktop/tombombadil/TOMBOMBADIL3484
3485	group_11973	/Users/sanchezh/Desktop/tombombadil/TOMBOMBADIL3485
3486	group_11818	/Users/sanchezh/Desktop/tombombadil/TOMBOMBADIL3486
3487	group_11593	/Users/sanchezh/Desktop/tombombadil/TOMBOMBADIL3487
3488	group_11545	/Users/sanchezh/Desktop/tombombadil/TOMBOMBADIL3488
3489	group_11339	/Users/sanchezh/Desktop/tombombadil/TOMBOMBADIL3489
3490	group_11204	/Users/sanchezh/Desktop/tombombadil/TOMBOMBADIL3490
3491	group_11044	/Users/sanchezh/Desktop/tombombadil/TOMBOMBADIL3491
3492	group_10869	/Users/sanchezh/Desktop/tombombadil/TOMBOMBADIL3492
3493	group_10798	/Users/sanchezh/Desktop/tombombadil/TOMBOMBADIL3493
3494	group_10717	/Users/sanchezh/Desktop/tombombadil/TOMBOMBADIL3494
3495	group_10693	/Users/sanchezh/Desktop/tombombadil/TOMBOMBADIL3495
3496	group_10657	/Users/sanchezh/Desktop/tombombadil/TOMBOMBADIL3496
3497	group_10652	/Users/sanchezh/Desktop/tombombadil/TOMBOMBADIL3497
3498	group_10649	/Users/sanchezh/Desktop/tombombadil/TOMBOMBADIL3498
3499	group_10594	/Users/sanchezh/Desktop/tombombadil/TOMBOMBADIL3499
3500	group_10302	/Users/sanchezh/Desktop/tombombadil/TOMBOMBADIL3500
3501	group_10095	/Users/sanchezh/Desktop/tombombadil/TOMBOMBADIL3501
3502	group_10072	/Users/sanchezh/Desktop/tombombadil/TOMBOMBADIL3502
3503	group_9965	/Users/sanchezh/Desktop/tombombadil/TOMBOMBADIL3503
3504	group_9921	/Users/sanchezh/Desktop/tombombadil/TOMBOMBADIL3504
3505	group_9917	/Users/sanchezh/Desktop/tombombadil/TOMBOMBADIL3505
3506	group_9798	/Users/sanchezh/Desktop/tombombadil/TOMBOMBADIL3506
3507	group_9596	/Users/sanchezh/Desktop/tombombadil/TOMBOMBADIL3507
3508	group_9448	/Users/sanchezh/Desktop/tombombadil/TOMBOMBADIL3508
3509	group_9347	/Users/sanchezh/Desktop/tombombadil/TOMBOMBADIL3509
3510	group_9318	/Users/sanchezh/Desktop/tombombadil/TOMBOMBADIL3510
3511	group_9110	/Users/sanchezh/Desktop/tombombadil/TOMBOMBADIL3511
3512	group_9100	/Users/sanchezh/Desktop/tombombadil/TOMBOMBADIL3512
3513	group_9010	/Users/sanchezh/Desktop/tombombadil/TOMBOMBADIL3513
3514	group_8944	/Users/sanchezh/Desktop/tombombadil/TOMBOMBADIL3514
3515	group_8933	/Users/sanchezh/Desktop/tombombadil/TOMBOMBADIL3515
3516	group_8925	/Users/sanchezh/Desktop/tombombadil/TOMBOMBADIL3516
3517	group_8878	/Users/sanchezh/Desktop/tombombadil/TOMBOMBADIL3517
3518	group_8834	/Users/sanchezh/Desktop/tombombadil/TOMBOMBADIL3518
3519	group_8654	/Users/sanchezh/Desktop/tombombadil/TOMBOMBADIL3519
3520	group_8608	/Users/sanchezh/Desktop/tombombadil/TOMBOMBADIL3520
3521	group_8594	/Users/sanchezh/Desktop/tombombadil/TOMBOMBADIL3521
3522	group_8564	/Users/sanchezh/Desktop/tombombadil/TOMBOMBADIL3522
3523	group_8537	/Users/sanchezh/Desktop/tombombadil/TOMBOMBADIL3523
3524	group_8453	/Users/sanchezh/Desktop/tombombadil/TOMBOMBADIL3524
3525	group_8220	/Users/sanchezh/Desktop/tombombadil/TOMBOMBADIL3525
3526	group_8188	/Users/sanchezh/Desktop/tombombadil/TOMBOMBADIL3526
3527	group_7828	/Users/sanchezh/Desktop/tombombadil/TOMBOMBADIL3527
3528	group_7793	/Users/sanchezh/Desktop/tombombadil/TOMBOMBADIL3528
3529	group_7725	/Users/sanchezh/Desktop/tombombadil/TOMBOMBADIL3529
3530	group_7632	/Users/sanchezh/Desktop/tombombadil/TOMBOMBADIL3530
3531	group_7611	/Users/sanchezh/Desktop/tombombadil/TOMBOMBADIL3531
3532	group_7607	/Users/sanchezh/Desktop/tombombadil/TOMBOMBADIL3532
3533	group_7599	/Users/sanchezh/Desktop/tombombadil/TOMBOMBADIL3533
3534	group_7403	/Users/sanchezh/Desktop/tombombadil/TOMBOMBADIL3534
3535	group_7317	/Users/sanchezh/Desktop/tombombadil/TOMBOMBADIL3535
3536	group_7301	/Users/sanchezh/Desktop/tombombadil/TOMBOMBADIL3536
3537	group_7238	/Users/sanchezh/Desktop/tombombadil/TOMBOMBADIL3537
3538	group_7228	/Users/sanchezh/Desktop/tombombadil/TOMBOMBADIL3538
3539	group_7170	/Users/sanchezh/Desktop/tombombadil/TOMBOMBADIL3539
3540	group_7145	/Users/sanchezh/Desktop/tombombadil/TOMBOMBADIL3540
3541	group_7049	/Users/sanchezh/Desktop/tombombadil/TOMBOMBADIL3541
3542	group_7043	/Users/sanchezh/Desktop/tombombadil/TOMBOMBADIL3542
3543	group_7010	/Users/sanchezh/Desktop/tombombadil/TOMBOMBADIL3543
3544	group_6873	/Users/sanchezh/Desktop/tombombadil/TOMBOMBADIL3544
3545	group_6604	/Users/sanchezh/Desktop/tombombadil/TOMBOMBADIL3545
3546	group_6530	/Users/sanchezh/Desktop/tombombadil/TOMBOMBADIL3546
3547	group_6338	/Users/sanchezh/Desktop/tombombadil/TOMBOMBADIL3547
3548	group_6328	/Users/sanchezh/Desktop/tombombadil/TOMBOMBADIL3548
3549	group_6282	/Users/sanchezh/Desktop/tombombadil/TOMBOMBADIL3549
3550	group_6281	/Users/sanchezh/Desktop/tombombadil/TOMBOMBADIL3550
3551	group_6218	/Users/sanchezh/Desktop/tombombadil/TOMBOMBADIL3551
3552	group_6178	/Users/sanchezh/Desktop/tombombadil/TOMBOMBADIL3552
3553	group_6128	/Users/sanchezh/Desktop/tombombadil/TOMBOMBADIL3553
3554	group_6093	/Users/sanchezh/Desktop/tombombadil/TOMBOMBADIL3554
3555	group_6066	/Users/sanchezh/Desktop/tombombadil/TOMBOMBADIL3555
3556	group_5986	/Users/sanchezh/Desktop/tombombadil/TOMBOMBADIL3556
3557	group_5981	/Users/sanchezh/Desktop/tombombadil/TOMBOMBADIL3557
3558	group_5903	/Users/sanchezh/Desktop/tombombadil/TOMBOMBADIL3558
3559	group_5861	/Users/sanchezh/Desktop/tombombadil/TOMBOMBADIL3559
3560	group_5853	/Users/sanchezh/Desktop/tombombadil/TOMBOMBADIL3560
3561	group_5706	/Users/sanchezh/Desktop/tombombadil/TOMBOMBADIL3561
3562	group_5586	/Users/sanchezh/Desktop/tombombadil/TOMBOMBADIL3562
3563	group_5476	/Users/sanchezh/Desktop/tombombadil/TOMBOMBADIL3563
3564	group_5441	/Users/sanchezh/Desktop/tombombadil/TOMBOMBADIL3564
3565	group_5343	/Users/sanchezh/Desktop/tombombadil/TOMBOMBADIL3565
3566	group_5299	/Users/sanchezh/Desktop/tombombadil/TOMBOMBADIL3566
3567	group_5010	/Users/sanchezh/Desktop/tombombadil/TOMBOMBADIL3567
3568	group_5009	/Users/sanchezh/Desktop/tombombadil/TOMBOMBADIL3568
3569	group_4947	/Users/sanchezh/Desktop/tombombadil/TOMBOMBADIL3569
3570	group_4816	/Users/sanchezh/Desktop/tombombadil/TOMBOMBADIL3570
3571	group_4812	/Users/sanchezh/Desktop/tombombadil/TOMBOMBADIL3571
3572	group_4699	/Users/sanchezh/Desktop/tombombadil/TOMBOMBADIL3572
3573	group_4629	/Users/sanchezh/Desktop/tombombadil/TOMBOMBADIL3573
3574	group_4582	/Users/sanchezh/Desktop/tombombadil/TOMBOMBADIL3574
3575	group_4581	/Users/sanchezh/Desktop/tombombadil/TOMBOMBADIL3575
3576	group_4575	/Users/sanchezh/Desktop/tombombadil/TOMBOMBADIL3576
3577	group_4410	/Users/sanchezh/Desktop/tombombadil/TOMBOMBADIL3577
3578	group_4327	/Users/sanchezh/Desktop/tombombadil/TOMBOMBADIL3578
3579	group_4317	/Users/sanchezh/Desktop/tombombadil/TOMBOMBADIL3579
3580	group_4314	/Users/sanchezh/Desktop/tombombadil/TOMBOMBADIL3580
3581	group_4248	/Users/sanchezh/Desktop/tombombadil/TOMBOMBADIL3581
3582	group_4032	/Users/sanchezh/Desktop/tombombadil/TOMBOMBADIL3582
3583	group_4029	/Users/sanchezh/Desktop/tombombadil/TOMBOMBADIL3583
3584	group_3915	/Users/sanchezh/Desktop/tombombadil/TOMBOMBADIL3584
3585	group_3870	/Users/sanchezh/Desktop/tombombadil/TOMBOMBADIL3585
3586	group_3847	/Users/sanchezh/Desktop/tombombadil/TOMBOMBADIL3586
3587	group_3708	/Users/sanchezh/Desktop/tombombadil/TOMBOMBADIL3587
3588	group_3635	/Users/sanchezh/Desktop/tombombadil/TOMBOMBADIL3588
3589	group_3602	/Users/sanchezh/Desktop/tombombadil/TOMBOMBADIL3589
3590	group_3461	/Users/sanchezh/Desktop/tombombadil/TOMBOMBADIL3590
3591	group_3452	/Users/sanchezh/Desktop/tombombadil/TOMBOMBADIL3591
3592	group_3206	/Users/sanchezh/Desktop/tombombadil/TOMBOMBADIL3592
3593	group_3149	/Users/sanchezh/Desktop/tombombadil/TOMBOMBADIL3593
3594	group_3066	/Users/sanchezh/Desktop/tombombadil/TOMBOMBADIL3594
3595	group_2230	/Users/sanchezh/Desktop/tombombadil/TOMBOMBADIL3595
3596	group_1958	/Users/sanchezh/Desktop/tombombadil/TOMBOMBADIL3596
3597	group_1922	/Users/sanchezh/Desktop/tombombadil/TOMBOMBADIL3597
3598	group_1885	/Users/sanchezh/Desktop/tombombadil/TOMBOMBADIL3598
3599	group_1847	/Users/sanchezh/Desktop/tombombadil/TOMBOMBADIL3599
3600	group_1796	/Users/sanchezh/Desktop/tombombadil/TOMBOMBADIL3600
3601	group_1736	/Users/sanchezh/Desktop/tombombadil/TOMBOMBADIL3601
3602	group_1657	/Users/sanchezh/Desktop/tombombadil/TOMBOMBADIL3602
3603	group_1603	/Users/sanchezh/Desktop/tombombadil/TOMBOMBADIL3603
3604	group_1593	/Users/sanchezh/Desktop/tombombadil/TOMBOMBADIL3604
3605	group_1557	/Users/sanchezh/Desktop/tombombadil/TOMBOMBADIL3605
3606	group_1548	/Users/sanchezh/Desktop/tombombadil/TOMBOMBADIL3606
3607	group_1524	/Users/sanchezh/Desktop/tombombadil/TOMBOMBADIL3607
3608	group_1395	/Users/sanchezh/Desktop/tombombadil/TOMBOMBADIL3608
3609	group_1290	/Users/sanchezh/Desktop/tombombadil/TOMBOMBADIL3609
3610	group_1110	/Users/sanchezh/Desktop/tombombadil/TOMBOMBADIL3610
3611	group_1084	/Users/sanchezh/Desktop/tombombadil/TOMBOMBADIL3611
3612	group_946	/Users/sanchezh/Desktop/tombombadil/TOMBOMBADIL3612
3613	group_919	/Users/sanchezh/Desktop/tombombadil/TOMBOMBADIL3613
3614	group_756	/Users/sanchezh/Desktop/tombombadil/TOMBOMBADIL3614
3615	group_705	/Users/sanchezh/Desktop/tombombadil/TOMBOMBADIL3615
3616	group_702	/Users/sanchezh/Desktop/tombombadil/TOMBOMBADIL3616
3617	group_455	/Users/sanchezh/Desktop/tombombadil/TOMBOMBADIL3617
3618	group_412	/Users/sanchezh/Desktop/tombombadil/TOMBOMBADIL3618
3619	group_329	/Users/sanchezh/Desktop/tombombadil/TOMBOMBADIL3619
3620	group_298	/Users/sanchezh/Desktop/tombombadil/TOMBOMBADIL3620
3621	group_293	/Users/sanchezh/Desktop/tombombadil/TOMBOMBADIL3621
3622	group_282	/Users/sanchezh/Desktop/tombombadil/TOMBOMBADIL3622
3623	group_197	/Users/sanchezh/Desktop/tombombadil/TOMBOMBADIL3623
3624	group_193	/Users/sanchezh/Desktop/tombombadil/TOMBOMBADIL3624
3625	group_151	/Users/sanchezh/Desktop/tombombadil/TOMBOMBADIL3625
3626	group_148	/Users/sanchezh/Desktop/tombombadil/TOMBOMBADIL3626
3627	group_134	/Users/sanchezh/Desktop/tombombadil/TOMBOMBADIL3627
3628	group_58	/Users/sanchezh/Desktop/tombombadil/TOMBOMBADIL3628
3629	group_19	/Users/sanchezh/Desktop/tombombadil/TOMBOMBADIL3629
3630	group_16127	/Users/sanchezh/Desktop/tombombadil/TOMBOMBADIL3630
3631	group_15724	/Users/sanchezh/Desktop/tombombadil/TOMBOMBADIL3631
3632	group_15613	/Users/sanchezh/Desktop/tombombadil/TOMBOMBADIL3632
3633	group_15244	/Users/sanchezh/Desktop/tombombadil/TOMBOMBADIL3633
3634	group_14895	/Users/sanchezh/Desktop/tombombadil/TOMBOMBADIL3634
3635	group_14520	/Users/sanchezh/Desktop/tombombadil/TOMBOMBADIL3635
3636	group_14220	/Users/sanchezh/Desktop/tombombadil/TOMBOMBADIL3636
3637	group_14183	/Users/sanchezh/Desktop/tombombadil/TOMBOMBADIL3637
3638	group_14080	/Users/sanchezh/Desktop/tombombadil/TOMBOMBADIL3638
3639	group_13860	/Users/sanchezh/Desktop/tombombadil/TOMBOMBADIL3639
3640	group_13800	/Users/sanchezh/Desktop/tombombadil/TOMBOMBADIL3640
3641	group_13405	/Users/sanchezh/Desktop/tombombadil/TOMBOMBADIL3641
3642	group_12841	/Users/sanchezh/Desktop/tombombadil/TOMBOMBADIL3642
3643	group_12736	/Users/sanchezh/Desktop/tombombadil/TOMBOMBADIL3643
3644	group_12733	/Users/sanchezh/Desktop/tombombadil/TOMBOMBADIL3644
3645	group_12419	/Users/sanchezh/Desktop/tombombadil/TOMBOMBADIL3645
3646	group_12254	/Users/sanchezh/Desktop/tombombadil/TOMBOMBADIL3646
3647	group_11577	/Users/sanchezh/Desktop/tombombadil/TOMBOMBADIL3647
3648	group_11510	/Users/sanchezh/Desktop/tombombadil/TOMBOMBADIL3648
3649	group_10925	/Users/sanchezh/Desktop/tombombadil/TOMBOMBADIL3649
3650	group_10812	/Users/sanchezh/Desktop/tombombadil/TOMBOMBADIL3650
3651	group_10772	/Users/sanchezh/Desktop/tombombadil/TOMBOMBADIL3651
3652	group_10646	/Users/sanchezh/Desktop/tombombadil/TOMBOMBADIL3652
3653	group_10614	/Users/sanchezh/Desktop/tombombadil/TOMBOMBADIL3653
3654	group_10606	/Users/sanchezh/Desktop/tombombadil/TOMBOMBADIL3654
3655	group_10598	/Users/sanchezh/Desktop/tombombadil/TOMBOMBADIL3655
3656	group_10517	/Users/sanchezh/Desktop/tombombadil/TOMBOMBADIL3656
3657	group_10502	/Users/sanchezh/Desktop/tombombadil/TOMBOMBADIL3657
3658	group_10456	/Users/sanchezh/Desktop/tombombadil/TOMBOMBADIL3658
3659	group_10433	/Users/sanchezh/Desktop/tombombadil/TOMBOMBADIL3659
3660	group_10400	/Users/sanchezh/Desktop/tombombadil/TOMBOMBADIL3660
3661	group_10334	/Users/sanchezh/Desktop/tombombadil/TOMBOMBADIL3661
3662	group_10333	/Users/sanchezh/Desktop/tombombadil/TOMBOMBADIL3662
3663	group_10286	/Users/sanchezh/Desktop/tombombadil/TOMBOMBADIL3663
3664	group_10068	/Users/sanchezh/Desktop/tombombadil/TOMBOMBADIL3664
3665	group_10014	/Users/sanchezh/Desktop/tombombadil/TOMBOMBADIL3665
3666	group_9988	/Users/sanchezh/Desktop/tombombadil/TOMBOMBADIL3666
3667	group_9871	/Users/sanchezh/Desktop/tombombadil/TOMBOMBADIL3667
3668	group_9831	/Users/sanchezh/Desktop/tombombadil/TOMBOMBADIL3668
3669	group_9777	/Users/sanchezh/Desktop/tombombadil/TOMBOMBADIL3669
3670	group_9773	/Users/sanchezh/Desktop/tombombadil/TOMBOMBADIL3670
3671	group_9719	/Users/sanchezh/Desktop/tombombadil/TOMBOMBADIL3671
3672	group_9679	/Users/sanchezh/Desktop/tombombadil/TOMBOMBADIL3672
3673	group_9634	/Users/sanchezh/Desktop/tombombadil/TOMBOMBADIL3673
3674	group_9609	/Users/sanchezh/Desktop/tombombadil/TOMBOMBADIL3674
3675	group_9524	/Users/sanchezh/Desktop/tombombadil/TOMBOMBADIL3675
3676	group_9266	/Users/sanchezh/Desktop/tombombadil/TOMBOMBADIL3676
3677	group_9249	/Users/sanchezh/Desktop/tombombadil/TOMBOMBADIL3677
3678	group_8995	/Users/sanchezh/Desktop/tombombadil/TOMBOMBADIL3678
3679	group_8838	/Users/sanchezh/Desktop/tombombadil/TOMBOMBADIL3679
3680	group_8800	/Users/sanchezh/Desktop/tombombadil/TOMBOMBADIL3680
3681	group_8625	/Users/sanchezh/Desktop/tombombadil/TOMBOMBADIL3681
3682	group_8609	/Users/sanchezh/Desktop/tombombadil/TOMBOMBADIL3682
3683	group_8473	/Users/sanchezh/Desktop/tombombadil/TOMBOMBADIL3683
3684	group_8424	/Users/sanchezh/Desktop/tombombadil/TOMBOMBADIL3684
3685	yopX	/Users/sanchezh/Desktop/tombombadil/TOMBOMBADIL3685
3686	group_8147	/Users/sanchezh/Desktop/tombombadil/TOMBOMBADIL3686
3687	group_8146	/Users/sanchezh/Desktop/tombombadil/TOMBOMBADIL3687
3688	group_7834	/Users/sanchezh/Desktop/tombombadil/TOMBOMBADIL3688
3689	group_7781	/Users/sanchezh/Desktop/tombombadil/TOMBOMBADIL3689
3690	group_7482	/Users/sanchezh/Desktop/tombombadil/TOMBOMBADIL3690
3691	group_7385	/Users/sanchezh/Desktop/tombombadil/TOMBOMBADIL3691
3692	group_7235	/Users/sanchezh/Desktop/tombombadil/TOMBOMBADIL3692
3693	group_7223	/Users/sanchezh/Desktop/tombombadil/TOMBOMBADIL3693
3694	group_7132	/Users/sanchezh/Desktop/tombombadil/TOMBOMBADIL3694
3695	group_6959	/Users/sanchezh/Desktop/tombombadil/TOMBOMBADIL3695
3696	group_6727	/Users/sanchezh/Desktop/tombombadil/TOMBOMBADIL3696
3697	group_6667	/Users/sanchezh/Desktop/tombombadil/TOMBOMBADIL3697
3698	group_6654	/Users/sanchezh/Desktop/tombombadil/TOMBOMBADIL3698
3699	group_6620	/Users/sanchezh/Desktop/tombombadil/TOMBOMBADIL3699
3700	group_6576	/Users/sanchezh/Desktop/tombombadil/TOMBOMBADIL3700
3701	group_6227	/Users/sanchezh/Desktop/tombombadil/TOMBOMBADIL3701
3702	group_6212	/Users/sanchezh/Desktop/tombombadil/TOMBOMBADIL3702
3703	group_6153	/Users/sanchezh/Desktop/tombombadil/TOMBOMBADIL3703
3704	group_6068	/Users/sanchezh/Desktop/tombombadil/TOMBOMBADIL3704
3705	group_5988	/Users/sanchezh/Desktop/tombombadil/TOMBOMBADIL3705
3706	group_5882	/Users/sanchezh/Desktop/tombombadil/TOMBOMBADIL3706
3707	group_5881	/Users/sanchezh/Desktop/tombombadil/TOMBOMBADIL3707
3708	group_5863	/Users/sanchezh/Desktop/tombombadil/TOMBOMBADIL3708
3709	group_5799	/Users/sanchezh/Desktop/tombombadil/TOMBOMBADIL3709
3710	group_5425	/Users/sanchezh/Desktop/tombombadil/TOMBOMBADIL3710
3711	group_5392	/Users/sanchezh/Desktop/tombombadil/TOMBOMBADIL3711
3712	group_5352	/Users/sanchezh/Desktop/tombombadil/TOMBOMBADIL3712
3713	group_5071	/Users/sanchezh/Desktop/tombombadil/TOMBOMBADIL3713
3714	group_5065	/Users/sanchezh/Desktop/tombombadil/TOMBOMBADIL3714
3715	group_4829	/Users/sanchezh/Desktop/tombombadil/TOMBOMBADIL3715
3716	group_4763	/Users/sanchezh/Desktop/tombombadil/TOMBOMBADIL3716
3717	group_4431	/Users/sanchezh/Desktop/tombombadil/TOMBOMBADIL3717
3718	group_4408	/Users/sanchezh/Desktop/tombombadil/TOMBOMBADIL3718
3719	group_4292	/Users/sanchezh/Desktop/tombombadil/TOMBOMBADIL3719
3720	group_4103	/Users/sanchezh/Desktop/tombombadil/TOMBOMBADIL3720
3721	group_4060	/Users/sanchezh/Desktop/tombombadil/TOMBOMBADIL3721
3722	group_4031	/Users/sanchezh/Desktop/tombombadil/TOMBOMBADIL3722
3723	group_4024	/Users/sanchezh/Desktop/tombombadil/TOMBOMBADIL3723
3724	group_4023	/Users/sanchezh/Desktop/tombombadil/TOMBOMBADIL3724
3725	group_3990	/Users/sanchezh/Desktop/tombombadil/TOMBOMBADIL3725
3726	group_3970	/Users/sanchezh/Desktop/tombombadil/TOMBOMBADIL3726
3727	group_3959	/Users/sanchezh/Desktop/tombombadil/TOMBOMBADIL3727
3728	group_3917	/Users/sanchezh/Desktop/tombombadil/TOMBOMBADIL3728
3729	group_3873	/Users/sanchezh/Desktop/tombombadil/TOMBOMBADIL3729
3730	group_3872	/Users/sanchezh/Desktop/tombombadil/TOMBOMBADIL3730
3731	group_3865	/Users/sanchezh/Desktop/tombombadil/TOMBOMBADIL3731
3732	group_3796	/Users/sanchezh/Desktop/tombombadil/TOMBOMBADIL3732
3733	group_3639	/Users/sanchezh/Desktop/tombombadil/TOMBOMBADIL3733
3734	group_3556	/Users/sanchezh/Desktop/tombombadil/TOMBOMBADIL3734
3735	group_3484	/Users/sanchezh/Desktop/tombombadil/TOMBOMBADIL3735
3736	group_3424	/Users/sanchezh/Desktop/tombombadil/TOMBOMBADIL3736
3737	group_3363	/Users/sanchezh/Desktop/tombombadil/TOMBOMBADIL3737
3738	group_3241	/Users/sanchezh/Desktop/tombombadil/TOMBOMBADIL3738
3739	group_3227	/Users/sanchezh/Desktop/tombombadil/TOMBOMBADIL3739
3740	group_2396	/Users/sanchezh/Desktop/tombombadil/TOMBOMBADIL3740
3741	group_2394	/Users/sanchezh/Desktop/tombombadil/TOMBOMBADIL3741
3742	group_2222	/Users/sanchezh/Desktop/tombombadil/TOMBOMBADIL3742
3743	group_2059	/Users/sanchezh/Desktop/tombombadil/TOMBOMBADIL3743
3744	group_2057	/Users/sanchezh/Desktop/tombombadil/TOMBOMBADIL3744
3745	group_1611	/Users/sanchezh/Desktop/tombombadil/TOMBOMBADIL3745
3746	group_1351	/Users/sanchezh/Desktop/tombombadil/TOMBOMBADIL3746
3747	group_1335	/Users/sanchezh/Desktop/tombombadil/TOMBOMBADIL3747
3748	group_1308	/Users/sanchezh/Desktop/tombombadil/TOMBOMBADIL3748
3749	group_1144	/Users/sanchezh/Desktop/tombombadil/TOMBOMBADIL3749
3750	group_1033	/Users/sanchezh/Desktop/tombombadil/TOMBOMBADIL3750
3751	group_810	/Users/sanchezh/Desktop/tombombadil/TOMBOMBADIL3751
3752	group_668	/Users/sanchezh/Desktop/tombombadil/TOMBOMBADIL3752
3753	group_666	/Users/sanchezh/Desktop/tombombadil/TOMBOMBADIL3753
3754	group_442	/Users/sanchezh/Desktop/tombombadil/TOMBOMBADIL3754
3755	group_426	/Users/sanchezh/Desktop/tombombadil/TOMBOMBADIL3755
3756	group_344	/Users/sanchezh/Desktop/tombombadil/TOMBOMBADIL3756
3757	group_209	/Users/sanchezh/Desktop/tombombadil/TOMBOMBADIL3757
3758	group_69	/Users/sanchezh/Desktop/tombombadil/TOMBOMBADIL3758
3759	group_15109	/Users/sanchezh/Desktop/tombombadil/TOMBOMBADIL3759
3760	group_14925	/Users/sanchezh/Desktop/tombombadil/TOMBOMBADIL3760
3761	group_13752	/Users/sanchezh/Desktop/tombombadil/TOMBOMBADIL3761
3762	group_10916	/Users/sanchezh/Desktop/tombombadil/TOMBOMBADIL3762
3763	group_10811	/Users/sanchezh/Desktop/tombombadil/TOMBOMBADIL3763
3764	group_10810	/Users/sanchezh/Desktop/tombombadil/TOMBOMBADIL3764
3765	group_10718	/Users/sanchezh/Desktop/tombombadil/TOMBOMBADIL3765
3766	group_10636	/Users/sanchezh/Desktop/tombombadil/TOMBOMBADIL3766
3767	group_10563	/Users/sanchezh/Desktop/tombombadil/TOMBOMBADIL3767
3768	group_10425	/Users/sanchezh/Desktop/tombombadil/TOMBOMBADIL3768
3769	group_10407	/Users/sanchezh/Desktop/tombombadil/TOMBOMBADIL3769
3770	group_10375	/Users/sanchezh/Desktop/tombombadil/TOMBOMBADIL3770
3771	group_10332	/Users/sanchezh/Desktop/tombombadil/TOMBOMBADIL3771
3772	group_10291	/Users/sanchezh/Desktop/tombombadil/TOMBOMBADIL3772
3773	group_10236	/Users/sanchezh/Desktop/tombombadil/TOMBOMBADIL3773
3774	group_10080	/Users/sanchezh/Desktop/tombombadil/TOMBOMBADIL3774
3775	group_9713	/Users/sanchezh/Desktop/tombombadil/TOMBOMBADIL3775
3776	group_9094	/Users/sanchezh/Desktop/tombombadil/TOMBOMBADIL3776
3777	group_8885	/Users/sanchezh/Desktop/tombombadil/TOMBOMBADIL3777
3778	group_8364	/Users/sanchezh/Desktop/tombombadil/TOMBOMBADIL3778
3779	group_8274	/Users/sanchezh/Desktop/tombombadil/TOMBOMBADIL3779
3780	group_8044	/Users/sanchezh/Desktop/tombombadil/TOMBOMBADIL3780
3781	group_7991	/Users/sanchezh/Desktop/tombombadil/TOMBOMBADIL3781
3782	group_7938	/Users/sanchezh/Desktop/tombombadil/TOMBOMBADIL3782
3783	group_7761	/Users/sanchezh/Desktop/tombombadil/TOMBOMBADIL3783
3784	group_7579	/Users/sanchezh/Desktop/tombombadil/TOMBOMBADIL3784
3785	group_7242	/Users/sanchezh/Desktop/tombombadil/TOMBOMBADIL3785
3786	group_6908	/Users/sanchezh/Desktop/tombombadil/TOMBOMBADIL3786
3787	group_6651	/Users/sanchezh/Desktop/tombombadil/TOMBOMBADIL3787
3788	group_6048	/Users/sanchezh/Desktop/tombombadil/TOMBOMBADIL3788
3789	group_6047	/Users/sanchezh/Desktop/tombombadil/TOMBOMBADIL3789
3790	group_5823	/Users/sanchezh/Desktop/tombombadil/TOMBOMBADIL3790
3791	group_5794	/Users/sanchezh/Desktop/tombombadil/TOMBOMBADIL3791
3792	group_5793	/Users/sanchezh/Desktop/tombombadil/TOMBOMBADIL3792
3793	group_5601	/Users/sanchezh/Desktop/tombombadil/TOMBOMBADIL3793
3794	group_5377	/Users/sanchezh/Desktop/tombombadil/TOMBOMBADIL3794
3795	group_5370	/Users/sanchezh/Desktop/tombombadil/TOMBOMBADIL3795
3796	group_5265	/Users/sanchezh/Desktop/tombombadil/TOMBOMBADIL3796
3797	group_5040	/Users/sanchezh/Desktop/tombombadil/TOMBOMBADIL3797
3798	group_4922	/Users/sanchezh/Desktop/tombombadil/TOMBOMBADIL3798
3799	group_4374	/Users/sanchezh/Desktop/tombombadil/TOMBOMBADIL3799
3800	group_4179	/Users/sanchezh/Desktop/tombombadil/TOMBOMBADIL3800
3801	group_4099	/Users/sanchezh/Desktop/tombombadil/TOMBOMBADIL3801
3802	group_4006	/Users/sanchezh/Desktop/tombombadil/TOMBOMBADIL3802
3803	group_3783	/Users/sanchezh/Desktop/tombombadil/TOMBOMBADIL3803
3804	group_3716	/Users/sanchezh/Desktop/tombombadil/TOMBOMBADIL3804
3805	group_3709	/Users/sanchezh/Desktop/tombombadil/TOMBOMBADIL3805
3806	group_3691	/Users/sanchezh/Desktop/tombombadil/TOMBOMBADIL3806
3807	group_3344	/Users/sanchezh/Desktop/tombombadil/TOMBOMBADIL3807
3808	group_3200	/Users/sanchezh/Desktop/tombombadil/TOMBOMBADIL3808
3809	group_2824	/Users/sanchezh/Desktop/tombombadil/TOMBOMBADIL3809
3810	group_2512	/Users/sanchezh/Desktop/tombombadil/TOMBOMBADIL3810
3811	group_2246	/Users/sanchezh/Desktop/tombombadil/TOMBOMBADIL3811
3812	group_2245	/Users/sanchezh/Desktop/tombombadil/TOMBOMBADIL3812
3813	group_1436	/Users/sanchezh/Desktop/tombombadil/TOMBOMBADIL3813
3814	group_1311	/Users/sanchezh/Desktop/tombombadil/TOMBOMBADIL3814
3815	group_968	/Users/sanchezh/Desktop/tombombadil/TOMBOMBADIL3815
3816	group_933	/Users/sanchezh/Desktop/tombombadil/TOMBOMBADIL3816
3817	group_404	/Users/sanchezh/Desktop/tombombadil/TOMBOMBADIL3817
3818	group_205	/Users/sanchezh/Desktop/tombombadil/TOMBOMBADIL3818
3819	group_145	/Users/sanchezh/Desktop/tombombadil/TOMBOMBADIL3819
3820	group_67	/Users/sanchezh/Desktop/tombombadil/TOMBOMBADIL3820
3821	group_15969	/Users/sanchezh/Desktop/tombombadil/TOMBOMBADIL3821
3822	group_15776	/Users/sanchezh/Desktop/tombombadil/TOMBOMBADIL3822
3823	group_15494	/Users/sanchezh/Desktop/tombombadil/TOMBOMBADIL3823
3824	group_15139	/Users/sanchezh/Desktop/tombombadil/TOMBOMBADIL3824
3825	group_15051	/Users/sanchezh/Desktop/tombombadil/TOMBOMBADIL3825
3826	group_13621	/Users/sanchezh/Desktop/tombombadil/TOMBOMBADIL3826
3827	group_13098	/Users/sanchezh/Desktop/tombombadil/TOMBOMBADIL3827
3828	group_12964	/Users/sanchezh/Desktop/tombombadil/TOMBOMBADIL3828
3829	group_12908	/Users/sanchezh/Desktop/tombombadil/TOMBOMBADIL3829
3830	group_12905	/Users/sanchezh/Desktop/tombombadil/TOMBOMBADIL3830
3831	group_12694	/Users/sanchezh/Desktop/tombombadil/TOMBOMBADIL3831
3832	tssB	/Users/sanchezh/Desktop/tombombadil/TOMBOMBADIL3832
3833	hydC	/Users/sanchezh/Desktop/tombombadil/TOMBOMBADIL3833
3834	group_12064	/Users/sanchezh/Desktop/tombombadil/TOMBOMBADIL3834
3835	group_11846	/Users/sanchezh/Desktop/tombombadil/TOMBOMBADIL3835
3836	group_11596	/Users/sanchezh/Desktop/tombombadil/TOMBOMBADIL3836
3837	group_11568	/Users/sanchezh/Desktop/tombombadil/TOMBOMBADIL3837
3838	group_11480	/Users/sanchezh/Desktop/tombombadil/TOMBOMBADIL3838
3839	group_11119	/Users/sanchezh/Desktop/tombombadil/TOMBOMBADIL3839
3840	group_10883	/Users/sanchezh/Desktop/tombombadil/TOMBOMBADIL3840
3841	group_10828	/Users/sanchezh/Desktop/tombombadil/TOMBOMBADIL3841
3842	group_10823	/Users/sanchezh/Desktop/tombombadil/TOMBOMBADIL3842
3843	group_10817	/Users/sanchezh/Desktop/tombombadil/TOMBOMBADIL3843
3844	group_10792	/Users/sanchezh/Desktop/tombombadil/TOMBOMBADIL3844
3845	group_10733	/Users/sanchezh/Desktop/tombombadil/TOMBOMBADIL3845
3846	group_10666	/Users/sanchezh/Desktop/tombombadil/TOMBOMBADIL3846
3847	group_10660	/Users/sanchezh/Desktop/tombombadil/TOMBOMBADIL3847
3848	group_10429	/Users/sanchezh/Desktop/tombombadil/TOMBOMBADIL3848
3849	group_10325	/Users/sanchezh/Desktop/tombombadil/TOMBOMBADIL3849
3850	group_10290	/Users/sanchezh/Desktop/tombombadil/TOMBOMBADIL3850
3851	group_10284	/Users/sanchezh/Desktop/tombombadil/TOMBOMBADIL3851
3852	group_10247	/Users/sanchezh/Desktop/tombombadil/TOMBOMBADIL3852
3853	pinR	/Users/sanchezh/Desktop/tombombadil/TOMBOMBADIL3853
3854	group_9875	/Users/sanchezh/Desktop/tombombadil/TOMBOMBADIL3854
3855	group_9869	/Users/sanchezh/Desktop/tombombadil/TOMBOMBADIL3855
3856	group_9845	/Users/sanchezh/Desktop/tombombadil/TOMBOMBADIL3856
3857	group_9844	/Users/sanchezh/Desktop/tombombadil/TOMBOMBADIL3857
3858	group_9793	/Users/sanchezh/Desktop/tombombadil/TOMBOMBADIL3858
3859	group_9786	/Users/sanchezh/Desktop/tombombadil/TOMBOMBADIL3859
3860	group_9701	/Users/sanchezh/Desktop/tombombadil/TOMBOMBADIL3860
3861	group_9700	/Users/sanchezh/Desktop/tombombadil/TOMBOMBADIL3861
3862	group_9590	/Users/sanchezh/Desktop/tombombadil/TOMBOMBADIL3862
3863	group_9569	/Users/sanchezh/Desktop/tombombadil/TOMBOMBADIL3863
3864	group_9548	/Users/sanchezh/Desktop/tombombadil/TOMBOMBADIL3864
3865	group_9547	/Users/sanchezh/Desktop/tombombadil/TOMBOMBADIL3865
3866	group_9482	/Users/sanchezh/Desktop/tombombadil/TOMBOMBADIL3866
3867	group_9359	/Users/sanchezh/Desktop/tombombadil/TOMBOMBADIL3867
3868	group_9302	/Users/sanchezh/Desktop/tombombadil/TOMBOMBADIL3868
3869	group_9258	/Users/sanchezh/Desktop/tombombadil/TOMBOMBADIL3869
3870	group_9228	/Users/sanchezh/Desktop/tombombadil/TOMBOMBADIL3870
3871	group_9176	/Users/sanchezh/Desktop/tombombadil/TOMBOMBADIL3871
3872	group_9175	/Users/sanchezh/Desktop/tombombadil/TOMBOMBADIL3872
3873	group_9141	/Users/sanchezh/Desktop/tombombadil/TOMBOMBADIL3873
3874	group_9113	/Users/sanchezh/Desktop/tombombadil/TOMBOMBADIL3874
3875	group_9090	/Users/sanchezh/Desktop/tombombadil/TOMBOMBADIL3875
3876	group_9048	/Users/sanchezh/Desktop/tombombadil/TOMBOMBADIL3876
3877	group_9018	/Users/sanchezh/Desktop/tombombadil/TOMBOMBADIL3877
3878	group_8999	/Users/sanchezh/Desktop/tombombadil/TOMBOMBADIL3878
3879	group_8904	/Users/sanchezh/Desktop/tombombadil/TOMBOMBADIL3879
3880	group_8886	/Users/sanchezh/Desktop/tombombadil/TOMBOMBADIL3880
3881	group_8697	/Users/sanchezh/Desktop/tombombadil/TOMBOMBADIL3881
3882	group_8677	/Users/sanchezh/Desktop/tombombadil/TOMBOMBADIL3882
3883	group_8661	/Users/sanchezh/Desktop/tombombadil/TOMBOMBADIL3883
3884	group_8640	/Users/sanchezh/Desktop/tombombadil/TOMBOMBADIL3884
3885	group_8458	/Users/sanchezh/Desktop/tombombadil/TOMBOMBADIL3885
3886	group_8400	/Users/sanchezh/Desktop/tombombadil/TOMBOMBADIL3886
3887	group_8262	/Users/sanchezh/Desktop/tombombadil/TOMBOMBADIL3887
3888	group_8150	/Users/sanchezh/Desktop/tombombadil/TOMBOMBADIL3888
3889	group_8089	/Users/sanchezh/Desktop/tombombadil/TOMBOMBADIL3889
3890	group_8022	/Users/sanchezh/Desktop/tombombadil/TOMBOMBADIL3890
3891	group_7855	/Users/sanchezh/Desktop/tombombadil/TOMBOMBADIL3891
3892	group_7831	/Users/sanchezh/Desktop/tombombadil/TOMBOMBADIL3892
3893	group_7829	/Users/sanchezh/Desktop/tombombadil/TOMBOMBADIL3893
3894	group_7811	/Users/sanchezh/Desktop/tombombadil/TOMBOMBADIL3894
3895	group_7683	/Users/sanchezh/Desktop/tombombadil/TOMBOMBADIL3895
3896	group_7422	/Users/sanchezh/Desktop/tombombadil/TOMBOMBADIL3896
3897	group_7373	/Users/sanchezh/Desktop/tombombadil/TOMBOMBADIL3897
3898	group_7333	/Users/sanchezh/Desktop/tombombadil/TOMBOMBADIL3898
3899	group_7331	/Users/sanchezh/Desktop/tombombadil/TOMBOMBADIL3899
3900	group_7325	/Users/sanchezh/Desktop/tombombadil/TOMBOMBADIL3900
3901	group_7175	/Users/sanchezh/Desktop/tombombadil/TOMBOMBADIL3901
3902	group_7081	/Users/sanchezh/Desktop/tombombadil/TOMBOMBADIL3902
3903	group_7013	/Users/sanchezh/Desktop/tombombadil/TOMBOMBADIL3903
3904	group_6971	/Users/sanchezh/Desktop/tombombadil/TOMBOMBADIL3904
3905	group_6897	/Users/sanchezh/Desktop/tombombadil/TOMBOMBADIL3905
3906	group_6834	/Users/sanchezh/Desktop/tombombadil/TOMBOMBADIL3906
3907	group_6831	/Users/sanchezh/Desktop/tombombadil/TOMBOMBADIL3907
3908	tssR	/Users/sanchezh/Desktop/tombombadil/TOMBOMBADIL3908
3909	group_6799	/Users/sanchezh/Desktop/tombombadil/TOMBOMBADIL3909
3910	group_6790	/Users/sanchezh/Desktop/tombombadil/TOMBOMBADIL3910
3911	group_6757	/Users/sanchezh/Desktop/tombombadil/TOMBOMBADIL3911
3912	group_6689	/Users/sanchezh/Desktop/tombombadil/TOMBOMBADIL3912
3913	tssO	/Users/sanchezh/Desktop/tombombadil/TOMBOMBADIL3913
3914	group_6419	/Users/sanchezh/Desktop/tombombadil/TOMBOMBADIL3914
3915	group_6387	/Users/sanchezh/Desktop/tombombadil/TOMBOMBADIL3915
3916	group_6376	/Users/sanchezh/Desktop/tombombadil/TOMBOMBADIL3916
3917	group_5991	/Users/sanchezh/Desktop/tombombadil/TOMBOMBADIL3917
3918	group_5938	/Users/sanchezh/Desktop/tombombadil/TOMBOMBADIL3918
3919	group_5862	/Users/sanchezh/Desktop/tombombadil/TOMBOMBADIL3919
3920	group_5796	/Users/sanchezh/Desktop/tombombadil/TOMBOMBADIL3920
3921	group_5743	/Users/sanchezh/Desktop/tombombadil/TOMBOMBADIL3921
3922	group_5726	/Users/sanchezh/Desktop/tombombadil/TOMBOMBADIL3922
3923	group_5527	/Users/sanchezh/Desktop/tombombadil/TOMBOMBADIL3923
3924	group_5190	/Users/sanchezh/Desktop/tombombadil/TOMBOMBADIL3924
3925	group_5112	/Users/sanchezh/Desktop/tombombadil/TOMBOMBADIL3925
3926	group_5036	/Users/sanchezh/Desktop/tombombadil/TOMBOMBADIL3926
3927	group_4628	/Users/sanchezh/Desktop/tombombadil/TOMBOMBADIL3927
3928	group_4590	/Users/sanchezh/Desktop/tombombadil/TOMBOMBADIL3928
3929	group_4462	/Users/sanchezh/Desktop/tombombadil/TOMBOMBADIL3929
3930	group_4301	/Users/sanchezh/Desktop/tombombadil/TOMBOMBADIL3930
3931	group_4288	/Users/sanchezh/Desktop/tombombadil/TOMBOMBADIL3931
3932	group_4108	/Users/sanchezh/Desktop/tombombadil/TOMBOMBADIL3932
3933	group_3773	/Users/sanchezh/Desktop/tombombadil/TOMBOMBADIL3933
3934	group_3687	/Users/sanchezh/Desktop/tombombadil/TOMBOMBADIL3934
3935	group_3454	/Users/sanchezh/Desktop/tombombadil/TOMBOMBADIL3935
3936	group_3430	/Users/sanchezh/Desktop/tombombadil/TOMBOMBADIL3936
3937	group_2511	/Users/sanchezh/Desktop/tombombadil/TOMBOMBADIL3937
3938	group_2454	/Users/sanchezh/Desktop/tombombadil/TOMBOMBADIL3938
3939	group_2398	/Users/sanchezh/Desktop/tombombadil/TOMBOMBADIL3939
3940	dnaC	/Users/sanchezh/Desktop/tombombadil/TOMBOMBADIL3940
3941	group_2157	/Users/sanchezh/Desktop/tombombadil/TOMBOMBADIL3941
3942	group_2132	/Users/sanchezh/Desktop/tombombadil/TOMBOMBADIL3942
3943	group_2073	/Users/sanchezh/Desktop/tombombadil/TOMBOMBADIL3943
3944	group_1981	/Users/sanchezh/Desktop/tombombadil/TOMBOMBADIL3944
3945	group_1828	/Users/sanchezh/Desktop/tombombadil/TOMBOMBADIL3945
3946	group_1816	/Users/sanchezh/Desktop/tombombadil/TOMBOMBADIL3946
3947	group_1764	/Users/sanchezh/Desktop/tombombadil/TOMBOMBADIL3947
3948	group_1610	/Users/sanchezh/Desktop/tombombadil/TOMBOMBADIL3948
3949	group_1213	/Users/sanchezh/Desktop/tombombadil/TOMBOMBADIL3949
3950	group_1205	/Users/sanchezh/Desktop/tombombadil/TOMBOMBADIL3950
3951	hndC	/Users/sanchezh/Desktop/tombombadil/TOMBOMBADIL3951
3952	group_342	/Users/sanchezh/Desktop/tombombadil/TOMBOMBADIL3952
3953	group_288	/Users/sanchezh/Desktop/tombombadil/TOMBOMBADIL3953
3954	group_251	/Users/sanchezh/Desktop/tombombadil/TOMBOMBADIL3954
3955	group_175	/Users/sanchezh/Desktop/tombombadil/TOMBOMBADIL3955
3956	group_16117	/Users/sanchezh/Desktop/tombombadil/TOMBOMBADIL3956
3957	group_15208	/Users/sanchezh/Desktop/tombombadil/TOMBOMBADIL3957
3958	group_15172	/Users/sanchezh/Desktop/tombombadil/TOMBOMBADIL3958
3959	group_14454	/Users/sanchezh/Desktop/tombombadil/TOMBOMBADIL3959
3960	group_14140	/Users/sanchezh/Desktop/tombombadil/TOMBOMBADIL3960
3961	group_14022	/Users/sanchezh/Desktop/tombombadil/TOMBOMBADIL3961
3962	group_13782	/Users/sanchezh/Desktop/tombombadil/TOMBOMBADIL3962
3963	group_13096	/Users/sanchezh/Desktop/tombombadil/TOMBOMBADIL3963
3964	group_13073	/Users/sanchezh/Desktop/tombombadil/TOMBOMBADIL3964
3965	group_12557	/Users/sanchezh/Desktop/tombombadil/TOMBOMBADIL3965
3966	group_12087	/Users/sanchezh/Desktop/tombombadil/TOMBOMBADIL3966
3967	group_10961	/Users/sanchezh/Desktop/tombombadil/TOMBOMBADIL3967
3968	group_10833	/Users/sanchezh/Desktop/tombombadil/TOMBOMBADIL3968
3969	group_10799	/Users/sanchezh/Desktop/tombombadil/TOMBOMBADIL3969
3970	group_10796	/Users/sanchezh/Desktop/tombombadil/TOMBOMBADIL3970
3971	group_10710	/Users/sanchezh/Desktop/tombombadil/TOMBOMBADIL3971
3972	group_10708	/Users/sanchezh/Desktop/tombombadil/TOMBOMBADIL3972
3973	group_10686	/Users/sanchezh/Desktop/tombombadil/TOMBOMBADIL3973
3974	group_10684	/Users/sanchezh/Desktop/tombombadil/TOMBOMBADIL3974
3975	group_10679	/Users/sanchezh/Desktop/tombombadil/TOMBOMBADIL3975
3976	group_10641	/Users/sanchezh/Desktop/tombombadil/TOMBOMBADIL3976
3977	group_10595	/Users/sanchezh/Desktop/tombombadil/TOMBOMBADIL3977
3978	group_10512	/Users/sanchezh/Desktop/tombombadil/TOMBOMBADIL3978
3979	group_10511	/Users/sanchezh/Desktop/tombombadil/TOMBOMBADIL3979
3980	group_10468	/Users/sanchezh/Desktop/tombombadil/TOMBOMBADIL3980
3981	group_10457	/Users/sanchezh/Desktop/tombombadil/TOMBOMBADIL3981
3982	group_10410	/Users/sanchezh/Desktop/tombombadil/TOMBOMBADIL3982
3983	group_10374	/Users/sanchezh/Desktop/tombombadil/TOMBOMBADIL3983
3984	group_10360	/Users/sanchezh/Desktop/tombombadil/TOMBOMBADIL3984
3985	group_10342	/Users/sanchezh/Desktop/tombombadil/TOMBOMBADIL3985
3986	group_10278	/Users/sanchezh/Desktop/tombombadil/TOMBOMBADIL3986
3987	group_10196	/Users/sanchezh/Desktop/tombombadil/TOMBOMBADIL3987
3988	group_10128	/Users/sanchezh/Desktop/tombombadil/TOMBOMBADIL3988
3989	group_10126	/Users/sanchezh/Desktop/tombombadil/TOMBOMBADIL3989
3990	group_9683	/Users/sanchezh/Desktop/tombombadil/TOMBOMBADIL3990
3991	group_9480	/Users/sanchezh/Desktop/tombombadil/TOMBOMBADIL3991
3992	group_9374	/Users/sanchezh/Desktop/tombombadil/TOMBOMBADIL3992
3993	group_9214	/Users/sanchezh/Desktop/tombombadil/TOMBOMBADIL3993
3994	group_9184	/Users/sanchezh/Desktop/tombombadil/TOMBOMBADIL3994
3995	group_9012	/Users/sanchezh/Desktop/tombombadil/TOMBOMBADIL3995
3996	bioC	/Users/sanchezh/Desktop/tombombadil/TOMBOMBADIL3996
3997	group_8759	/Users/sanchezh/Desktop/tombombadil/TOMBOMBADIL3997
3998	group_8723	/Users/sanchezh/Desktop/tombombadil/TOMBOMBADIL3998
3999	group_8687	/Users/sanchezh/Desktop/tombombadil/TOMBOMBADIL3999
4000	group_8657	/Users/sanchezh/Desktop/tombombadil/TOMBOMBADIL4000
4001	group_8478	/Users/sanchezh/Desktop/tombombadil/TOMBOMBADIL4001
4002	group_8253	/Users/sanchezh/Desktop/tombombadil/TOMBOMBADIL4002
4003	group_8249	/Users/sanchezh/Desktop/tombombadil/TOMBOMBADIL4003
4004	group_7906	/Users/sanchezh/Desktop/tombombadil/TOMBOMBADIL4004
4005	group_7885	/Users/sanchezh/Desktop/tombombadil/TOMBOMBADIL4005
4006	group_7838	/Users/sanchezh/Desktop/tombombadil/TOMBOMBADIL4006
4007	group_7830	/Users/sanchezh/Desktop/tombombadil/TOMBOMBADIL4007
4008	group_7746	/Users/sanchezh/Desktop/tombombadil/TOMBOMBADIL4008
4009	group_7675	/Users/sanchezh/Desktop/tombombadil/TOMBOMBADIL4009
4010	group_7616	/Users/sanchezh/Desktop/tombombadil/TOMBOMBADIL4010
4011	group_7606	/Users/sanchezh/Desktop/tombombadil/TOMBOMBADIL4011
4012	group_7442	/Users/sanchezh/Desktop/tombombadil/TOMBOMBADIL4012
4013	group_7309	/Users/sanchezh/Desktop/tombombadil/TOMBOMBADIL4013
4014	group_6548	/Users/sanchezh/Desktop/tombombadil/TOMBOMBADIL4014
4015	group_6501	/Users/sanchezh/Desktop/tombombadil/TOMBOMBADIL4015
4016	group_6060	/Users/sanchezh/Desktop/tombombadil/TOMBOMBADIL4016
4017	group_5803	/Users/sanchezh/Desktop/tombombadil/TOMBOMBADIL4017
4018	group_5766	/Users/sanchezh/Desktop/tombombadil/TOMBOMBADIL4018
4019	group_5583	/Users/sanchezh/Desktop/tombombadil/TOMBOMBADIL4019
4020	group_5500	/Users/sanchezh/Desktop/tombombadil/TOMBOMBADIL4020
4021	group_5367	/Users/sanchezh/Desktop/tombombadil/TOMBOMBADIL4021
4022	group_5249	/Users/sanchezh/Desktop/tombombadil/TOMBOMBADIL4022
4023	group_5057	/Users/sanchezh/Desktop/tombombadil/TOMBOMBADIL4023
4024	group_5019	/Users/sanchezh/Desktop/tombombadil/TOMBOMBADIL4024
4025	group_4901	/Users/sanchezh/Desktop/tombombadil/TOMBOMBADIL4025
4026	group_4626	/Users/sanchezh/Desktop/tombombadil/TOMBOMBADIL4026
4027	group_4559	/Users/sanchezh/Desktop/tombombadil/TOMBOMBADIL4027
4028	group_4498	/Users/sanchezh/Desktop/tombombadil/TOMBOMBADIL4028
4029	group_4486	/Users/sanchezh/Desktop/tombombadil/TOMBOMBADIL4029
4030	group_4282	/Users/sanchezh/Desktop/tombombadil/TOMBOMBADIL4030
4031	group_3957	/Users/sanchezh/Desktop/tombombadil/TOMBOMBADIL4031
4032	group_3941	/Users/sanchezh/Desktop/tombombadil/TOMBOMBADIL4032
4033	group_3561	/Users/sanchezh/Desktop/tombombadil/TOMBOMBADIL4033
4034	group_3547	/Users/sanchezh/Desktop/tombombadil/TOMBOMBADIL4034
4035	group_3505	/Users/sanchezh/Desktop/tombombadil/TOMBOMBADIL4035
4036	group_3090	/Users/sanchezh/Desktop/tombombadil/TOMBOMBADIL4036
4037	group_2852	/Users/sanchezh/Desktop/tombombadil/TOMBOMBADIL4037
4038	group_2647	/Users/sanchezh/Desktop/tombombadil/TOMBOMBADIL4038
4039	group_2528	/Users/sanchezh/Desktop/tombombadil/TOMBOMBADIL4039
4040	group_2418	/Users/sanchezh/Desktop/tombombadil/TOMBOMBADIL4040
4041	group_2405	/Users/sanchezh/Desktop/tombombadil/TOMBOMBADIL4041
4042	group_2404	/Users/sanchezh/Desktop/tombombadil/TOMBOMBADIL4042
4043	group_2403	/Users/sanchezh/Desktop/tombombadil/TOMBOMBADIL4043
4044	group_2366	/Users/sanchezh/Desktop/tombombadil/TOMBOMBADIL4044
4045	group_2289	/Users/sanchezh/Desktop/tombombadil/TOMBOMBADIL4045
4046	group_2286	/Users/sanchezh/Desktop/tombombadil/TOMBOMBADIL4046
4047	group_2193	/Users/sanchezh/Desktop/tombombadil/TOMBOMBADIL4047
4048	group_2080	/Users/sanchezh/Desktop/tombombadil/TOMBOMBADIL4048
4049	group_2066	/Users/sanchezh/Desktop/tombombadil/TOMBOMBADIL4049
4050	group_2058	/Users/sanchezh/Desktop/tombombadil/TOMBOMBADIL4050
4051	group_1843	/Users/sanchezh/Desktop/tombombadil/TOMBOMBADIL4051
4052	group_1660	/Users/sanchezh/Desktop/tombombadil/TOMBOMBADIL4052
4053	group_1560	/Users/sanchezh/Desktop/tombombadil/TOMBOMBADIL4053
4054	group_1558	/Users/sanchezh/Desktop/tombombadil/TOMBOMBADIL4054
4055	group_1467	/Users/sanchezh/Desktop/tombombadil/TOMBOMBADIL4055
4056	group_1462	/Users/sanchezh/Desktop/tombombadil/TOMBOMBADIL4056
4057	group_1381	/Users/sanchezh/Desktop/tombombadil/TOMBOMBADIL4057
4058	group_1367	/Users/sanchezh/Desktop/tombombadil/TOMBOMBADIL4058
4059	group_1347	/Users/sanchezh/Desktop/tombombadil/TOMBOMBADIL4059
4060	group_1336	/Users/sanchezh/Desktop/tombombadil/TOMBOMBADIL4060
4061	group_1166	/Users/sanchezh/Desktop/tombombadil/TOMBOMBADIL4061
4062	group_943	/Users/sanchezh/Desktop/tombombadil/TOMBOMBADIL4062
4063	group_724	/Users/sanchezh/Desktop/tombombadil/TOMBOMBADIL4063
4064	group_667	/Users/sanchezh/Desktop/tombombadil/TOMBOMBADIL4064
4065	group_472	/Users/sanchezh/Desktop/tombombadil/TOMBOMBADIL4065
4066	group_206	/Users/sanchezh/Desktop/tombombadil/TOMBOMBADIL4066
4067	group_106	/Users/sanchezh/Desktop/tombombadil/TOMBOMBADIL4067
4068	group_16447	/Users/sanchezh/Desktop/tombombadil/TOMBOMBADIL4068
4069	group_16357	/Users/sanchezh/Desktop/tombombadil/TOMBOMBADIL4069
4070	group_16268	/Users/sanchezh/Desktop/tombombadil/TOMBOMBADIL4070
4071	group_16139	/Users/sanchezh/Desktop/tombombadil/TOMBOMBADIL4071
4072	group_16129	/Users/sanchezh/Desktop/tombombadil/TOMBOMBADIL4072
4073	group_16124	/Users/sanchezh/Desktop/tombombadil/TOMBOMBADIL4073
4074	group_16122	/Users/sanchezh/Desktop/tombombadil/TOMBOMBADIL4074
4075	group_16121	/Users/sanchezh/Desktop/tombombadil/TOMBOMBADIL4075
4076	group_16120	/Users/sanchezh/Desktop/tombombadil/TOMBOMBADIL4076
4077	group_16118	/Users/sanchezh/Desktop/tombombadil/TOMBOMBADIL4077
4078	group_15890	/Users/sanchezh/Desktop/tombombadil/TOMBOMBADIL4078
4079	group_15780	/Users/sanchezh/Desktop/tombombadil/TOMBOMBADIL4079
4080	group_15663	/Users/sanchezh/Desktop/tombombadil/TOMBOMBADIL4080
4081	group_15660	/Users/sanchezh/Desktop/tombombadil/TOMBOMBADIL4081
4082	group_15543	/Users/sanchezh/Desktop/tombombadil/TOMBOMBADIL4082
4083	group_15542	/Users/sanchezh/Desktop/tombombadil/TOMBOMBADIL4083
4084	group_15422	/Users/sanchezh/Desktop/tombombadil/TOMBOMBADIL4084
4085	group_15364	/Users/sanchezh/Desktop/tombombadil/TOMBOMBADIL4085
4086	group_15325	/Users/sanchezh/Desktop/tombombadil/TOMBOMBADIL4086
4087	group_15311	/Users/sanchezh/Desktop/tombombadil/TOMBOMBADIL4087
4088	group_15134	/Users/sanchezh/Desktop/tombombadil/TOMBOMBADIL4088
4089	group_15085	/Users/sanchezh/Desktop/tombombadil/TOMBOMBADIL4089
4090	group_14772	/Users/sanchezh/Desktop/tombombadil/TOMBOMBADIL4090
4091	group_14733	/Users/sanchezh/Desktop/tombombadil/TOMBOMBADIL4091
4092	group_14694	/Users/sanchezh/Desktop/tombombadil/TOMBOMBADIL4092
4093	group_14476	/Users/sanchezh/Desktop/tombombadil/TOMBOMBADIL4093
4094	group_14398	/Users/sanchezh/Desktop/tombombadil/TOMBOMBADIL4094
4095	group_14327	/Users/sanchezh/Desktop/tombombadil/TOMBOMBADIL4095
4096	group_14304	/Users/sanchezh/Desktop/tombombadil/TOMBOMBADIL4096
4097	group_14277	/Users/sanchezh/Desktop/tombombadil/TOMBOMBADIL4097
4098	group_14163	/Users/sanchezh/Desktop/tombombadil/TOMBOMBADIL4098
4099	group_13973	/Users/sanchezh/Desktop/tombombadil/TOMBOMBADIL4099
4100	group_13898	/Users/sanchezh/Desktop/tombombadil/TOMBOMBADIL4100
4101	group_13797	/Users/sanchezh/Desktop/tombombadil/TOMBOMBADIL4101
4102	group_13786	/Users/sanchezh/Desktop/tombombadil/TOMBOMBADIL4102
4103	group_13454	/Users/sanchezh/Desktop/tombombadil/TOMBOMBADIL4103
4104	group_13406	/Users/sanchezh/Desktop/tombombadil/TOMBOMBADIL4104
4105	group_13097	/Users/sanchezh/Desktop/tombombadil/TOMBOMBADIL4105
4106	group_13095	/Users/sanchezh/Desktop/tombombadil/TOMBOMBADIL4106
4107	group_13040	/Users/sanchezh/Desktop/tombombadil/TOMBOMBADIL4107
4108	group_12863	/Users/sanchezh/Desktop/tombombadil/TOMBOMBADIL4108
4109	group_12795	/Users/sanchezh/Desktop/tombombadil/TOMBOMBADIL4109
4110	group_12735	/Users/sanchezh/Desktop/tombombadil/TOMBOMBADIL4110
4111	group_12608	/Users/sanchezh/Desktop/tombombadil/TOMBOMBADIL4111
4112	group_12525	/Users/sanchezh/Desktop/tombombadil/TOMBOMBADIL4112
4113	group_12505	/Users/sanchezh/Desktop/tombombadil/TOMBOMBADIL4113
4114	group_12480	/Users/sanchezh/Desktop/tombombadil/TOMBOMBADIL4114
4115	group_12272	/Users/sanchezh/Desktop/tombombadil/TOMBOMBADIL4115
4116	group_12250	/Users/sanchezh/Desktop/tombombadil/TOMBOMBADIL4116
4117	group_12205	/Users/sanchezh/Desktop/tombombadil/TOMBOMBADIL4117
4118	group_12084	/Users/sanchezh/Desktop/tombombadil/TOMBOMBADIL4118
4119	group_11977	/Users/sanchezh/Desktop/tombombadil/TOMBOMBADIL4119
4120	group_11726	/Users/sanchezh/Desktop/tombombadil/TOMBOMBADIL4120
4121	group_11677	/Users/sanchezh/Desktop/tombombadil/TOMBOMBADIL4121
4122	group_11387	/Users/sanchezh/Desktop/tombombadil/TOMBOMBADIL4122
4123	group_11340	/Users/sanchezh/Desktop/tombombadil/TOMBOMBADIL4123
4124	group_10955	/Users/sanchezh/Desktop/tombombadil/TOMBOMBADIL4124
4125	group_10897	/Users/sanchezh/Desktop/tombombadil/TOMBOMBADIL4125
4126	group_10867	/Users/sanchezh/Desktop/tombombadil/TOMBOMBADIL4126
4127	group_10862	/Users/sanchezh/Desktop/tombombadil/TOMBOMBADIL4127
4128	group_10842	/Users/sanchezh/Desktop/tombombadil/TOMBOMBADIL4128
4129	group_10838	/Users/sanchezh/Desktop/tombombadil/TOMBOMBADIL4129
4130	group_10837	/Users/sanchezh/Desktop/tombombadil/TOMBOMBADIL4130
4131	group_10790	/Users/sanchezh/Desktop/tombombadil/TOMBOMBADIL4131
4132	group_10781	/Users/sanchezh/Desktop/tombombadil/TOMBOMBADIL4132
4133	group_10762	/Users/sanchezh/Desktop/tombombadil/TOMBOMBADIL4133
4134	group_10758	/Users/sanchezh/Desktop/tombombadil/TOMBOMBADIL4134
4135	group_10743	/Users/sanchezh/Desktop/tombombadil/TOMBOMBADIL4135
4136	group_10654	/Users/sanchezh/Desktop/tombombadil/TOMBOMBADIL4136
4137	group_10571	/Users/sanchezh/Desktop/tombombadil/TOMBOMBADIL4137
4138	group_10483	/Users/sanchezh/Desktop/tombombadil/TOMBOMBADIL4138
4139	group_10449	/Users/sanchezh/Desktop/tombombadil/TOMBOMBADIL4139
4140	group_10397	/Users/sanchezh/Desktop/tombombadil/TOMBOMBADIL4140
4141	group_10381	/Users/sanchezh/Desktop/tombombadil/TOMBOMBADIL4141
4142	group_10377	/Users/sanchezh/Desktop/tombombadil/TOMBOMBADIL4142
4143	group_10356	/Users/sanchezh/Desktop/tombombadil/TOMBOMBADIL4143
4144	group_10352	/Users/sanchezh/Desktop/tombombadil/TOMBOMBADIL4144
4145	group_10288	/Users/sanchezh/Desktop/tombombadil/TOMBOMBADIL4145
4146	group_10287	/Users/sanchezh/Desktop/tombombadil/TOMBOMBADIL4146
4147	group_10166	/Users/sanchezh/Desktop/tombombadil/TOMBOMBADIL4147
4148	group_10160	/Users/sanchezh/Desktop/tombombadil/TOMBOMBADIL4148
4149	group_10104	/Users/sanchezh/Desktop/tombombadil/TOMBOMBADIL4149
4150	group_10094	/Users/sanchezh/Desktop/tombombadil/TOMBOMBADIL4150
4151	group_10065	/Users/sanchezh/Desktop/tombombadil/TOMBOMBADIL4151
4152	group_10055	/Users/sanchezh/Desktop/tombombadil/TOMBOMBADIL4152
4153	group_10017	/Users/sanchezh/Desktop/tombombadil/TOMBOMBADIL4153
4154	group_9957	/Users/sanchezh/Desktop/tombombadil/TOMBOMBADIL4154
4155	group_9952	/Users/sanchezh/Desktop/tombombadil/TOMBOMBADIL4155
4156	group_9788	/Users/sanchezh/Desktop/tombombadil/TOMBOMBADIL4156
4157	group_9703	/Users/sanchezh/Desktop/tombombadil/TOMBOMBADIL4157
4158	group_9699	/Users/sanchezh/Desktop/tombombadil/TOMBOMBADIL4158
4159	group_9698	/Users/sanchezh/Desktop/tombombadil/TOMBOMBADIL4159
4160	group_9680	/Users/sanchezh/Desktop/tombombadil/TOMBOMBADIL4160
4161	group_9555	/Users/sanchezh/Desktop/tombombadil/TOMBOMBADIL4161
4162	group_9544	/Users/sanchezh/Desktop/tombombadil/TOMBOMBADIL4162
4163	group_9435	/Users/sanchezh/Desktop/tombombadil/TOMBOMBADIL4163
4164	group_9327	/Users/sanchezh/Desktop/tombombadil/TOMBOMBADIL4164
4165	group_9312	/Users/sanchezh/Desktop/tombombadil/TOMBOMBADIL4165
4166	group_9201	/Users/sanchezh/Desktop/tombombadil/TOMBOMBADIL4166
4167	group_9118	/Users/sanchezh/Desktop/tombombadil/TOMBOMBADIL4167
4168	group_9111	/Users/sanchezh/Desktop/tombombadil/TOMBOMBADIL4168
4169	group_9030	/Users/sanchezh/Desktop/tombombadil/TOMBOMBADIL4169
4170	group_8949	/Users/sanchezh/Desktop/tombombadil/TOMBOMBADIL4170
4171	group_8931	/Users/sanchezh/Desktop/tombombadil/TOMBOMBADIL4171
4172	group_8915	/Users/sanchezh/Desktop/tombombadil/TOMBOMBADIL4172
4173	group_8898	/Users/sanchezh/Desktop/tombombadil/TOMBOMBADIL4173
4174	group_8827	/Users/sanchezh/Desktop/tombombadil/TOMBOMBADIL4174
4175	group_8778	/Users/sanchezh/Desktop/tombombadil/TOMBOMBADIL4175
4176	group_8735	/Users/sanchezh/Desktop/tombombadil/TOMBOMBADIL4176
4177	group_8558	/Users/sanchezh/Desktop/tombombadil/TOMBOMBADIL4177
4178	group_8496	/Users/sanchezh/Desktop/tombombadil/TOMBOMBADIL4178
4179	group_8480	/Users/sanchezh/Desktop/tombombadil/TOMBOMBADIL4179
4180	group_8426	/Users/sanchezh/Desktop/tombombadil/TOMBOMBADIL4180
4181	group_8425	/Users/sanchezh/Desktop/tombombadil/TOMBOMBADIL4181
4182	group_8417	/Users/sanchezh/Desktop/tombombadil/TOMBOMBADIL4182
4183	group_8372	/Users/sanchezh/Desktop/tombombadil/TOMBOMBADIL4183
4184	group_8371	/Users/sanchezh/Desktop/tombombadil/TOMBOMBADIL4184
4185	group_8354	/Users/sanchezh/Desktop/tombombadil/TOMBOMBADIL4185
4186	group_8327	/Users/sanchezh/Desktop/tombombadil/TOMBOMBADIL4186
4187	group_8133	/Users/sanchezh/Desktop/tombombadil/TOMBOMBADIL4187
4188	group_8092	/Users/sanchezh/Desktop/tombombadil/TOMBOMBADIL4188
4189	group_8081	/Users/sanchezh/Desktop/tombombadil/TOMBOMBADIL4189
4190	group_8072	/Users/sanchezh/Desktop/tombombadil/TOMBOMBADIL4190
4191	group_7912	/Users/sanchezh/Desktop/tombombadil/TOMBOMBADIL4191
4192	group_7910	/Users/sanchezh/Desktop/tombombadil/TOMBOMBADIL4192
4193	group_7909	/Users/sanchezh/Desktop/tombombadil/TOMBOMBADIL4193
4194	group_7878	/Users/sanchezh/Desktop/tombombadil/TOMBOMBADIL4194
4195	group_7857	/Users/sanchezh/Desktop/tombombadil/TOMBOMBADIL4195
4196	group_7792	/Users/sanchezh/Desktop/tombombadil/TOMBOMBADIL4196
4197	group_7756	/Users/sanchezh/Desktop/tombombadil/TOMBOMBADIL4197
4198	group_7703	/Users/sanchezh/Desktop/tombombadil/TOMBOMBADIL4198
4199	group_7651	/Users/sanchezh/Desktop/tombombadil/TOMBOMBADIL4199
4200	group_7646	/Users/sanchezh/Desktop/tombombadil/TOMBOMBADIL4200
4201	group_7639	/Users/sanchezh/Desktop/tombombadil/TOMBOMBADIL4201
4202	group_7554	/Users/sanchezh/Desktop/tombombadil/TOMBOMBADIL4202
4203	group_7472	/Users/sanchezh/Desktop/tombombadil/TOMBOMBADIL4203
4204	group_7427	/Users/sanchezh/Desktop/tombombadil/TOMBOMBADIL4204
4205	group_7393	/Users/sanchezh/Desktop/tombombadil/TOMBOMBADIL4205
4206	group_7348	/Users/sanchezh/Desktop/tombombadil/TOMBOMBADIL4206
4207	group_7304	/Users/sanchezh/Desktop/tombombadil/TOMBOMBADIL4207
4208	group_7240	/Users/sanchezh/Desktop/tombombadil/TOMBOMBADIL4208
4209	group_7198	/Users/sanchezh/Desktop/tombombadil/TOMBOMBADIL4209
4210	group_7130	/Users/sanchezh/Desktop/tombombadil/TOMBOMBADIL4210
4211	group_7101	/Users/sanchezh/Desktop/tombombadil/TOMBOMBADIL4211
4212	group_7073	/Users/sanchezh/Desktop/tombombadil/TOMBOMBADIL4212
4213	group_7069	/Users/sanchezh/Desktop/tombombadil/TOMBOMBADIL4213
4214	group_7037	/Users/sanchezh/Desktop/tombombadil/TOMBOMBADIL4214
4215	group_7025	/Users/sanchezh/Desktop/tombombadil/TOMBOMBADIL4215
4216	group_6923	/Users/sanchezh/Desktop/tombombadil/TOMBOMBADIL4216
4217	group_6888	/Users/sanchezh/Desktop/tombombadil/TOMBOMBADIL4217
4218	group_6770	/Users/sanchezh/Desktop/tombombadil/TOMBOMBADIL4218
4219	group_6631	/Users/sanchezh/Desktop/tombombadil/TOMBOMBADIL4219
4220	group_6526	/Users/sanchezh/Desktop/tombombadil/TOMBOMBADIL4220
4221	group_6400	/Users/sanchezh/Desktop/tombombadil/TOMBOMBADIL4221
4222	group_6317	/Users/sanchezh/Desktop/tombombadil/TOMBOMBADIL4222
4223	group_6164	/Users/sanchezh/Desktop/tombombadil/TOMBOMBADIL4223
4224	recT	/Users/sanchezh/Desktop/tombombadil/TOMBOMBADIL4224
4225	group_5911	/Users/sanchezh/Desktop/tombombadil/TOMBOMBADIL4225
4226	rlmN	/Users/sanchezh/Desktop/tombombadil/TOMBOMBADIL4226
4227	group_5891	/Users/sanchezh/Desktop/tombombadil/TOMBOMBADIL4227
4228	group_5859	/Users/sanchezh/Desktop/tombombadil/TOMBOMBADIL4228
4229	group_5832	/Users/sanchezh/Desktop/tombombadil/TOMBOMBADIL4229
4230	group_5805	/Users/sanchezh/Desktop/tombombadil/TOMBOMBADIL4230
4231	group_5800	/Users/sanchezh/Desktop/tombombadil/TOMBOMBADIL4231
4232	group_5798	/Users/sanchezh/Desktop/tombombadil/TOMBOMBADIL4232
4233	group_5782	/Users/sanchezh/Desktop/tombombadil/TOMBOMBADIL4233
4234	group_5781	/Users/sanchezh/Desktop/tombombadil/TOMBOMBADIL4234
4235	group_5768	/Users/sanchezh/Desktop/tombombadil/TOMBOMBADIL4235
4236	group_5720	/Users/sanchezh/Desktop/tombombadil/TOMBOMBADIL4236
4237	group_5719	/Users/sanchezh/Desktop/tombombadil/TOMBOMBADIL4237
4238	group_5677	/Users/sanchezh/Desktop/tombombadil/TOMBOMBADIL4238
4239	group_5667	/Users/sanchezh/Desktop/tombombadil/TOMBOMBADIL4239
4240	group_5598	/Users/sanchezh/Desktop/tombombadil/TOMBOMBADIL4240
4241	group_5569	/Users/sanchezh/Desktop/tombombadil/TOMBOMBADIL4241
4242	group_5547	/Users/sanchezh/Desktop/tombombadil/TOMBOMBADIL4242
4243	group_5464	/Users/sanchezh/Desktop/tombombadil/TOMBOMBADIL4243
4244	group_5447	/Users/sanchezh/Desktop/tombombadil/TOMBOMBADIL4244
4245	group_5362	/Users/sanchezh/Desktop/tombombadil/TOMBOMBADIL4245
4246	group_5320	/Users/sanchezh/Desktop/tombombadil/TOMBOMBADIL4246
4247	group_5305	/Users/sanchezh/Desktop/tombombadil/TOMBOMBADIL4247
4248	group_5300	/Users/sanchezh/Desktop/tombombadil/TOMBOMBADIL4248
4249	group_5276	/Users/sanchezh/Desktop/tombombadil/TOMBOMBADIL4249
4250	group_5242	/Users/sanchezh/Desktop/tombombadil/TOMBOMBADIL4250
4251	group_5233	/Users/sanchezh/Desktop/tombombadil/TOMBOMBADIL4251
4252	group_5222	/Users/sanchezh/Desktop/tombombadil/TOMBOMBADIL4252
4253	group_5188	/Users/sanchezh/Desktop/tombombadil/TOMBOMBADIL4253
4254	group_5183	/Users/sanchezh/Desktop/tombombadil/TOMBOMBADIL4254
4255	group_5139	/Users/sanchezh/Desktop/tombombadil/TOMBOMBADIL4255
4256	group_5059	/Users/sanchezh/Desktop/tombombadil/TOMBOMBADIL4256
4257	group_5055	/Users/sanchezh/Desktop/tombombadil/TOMBOMBADIL4257
4258	group_5049	/Users/sanchezh/Desktop/tombombadil/TOMBOMBADIL4258
4259	group_5005	/Users/sanchezh/Desktop/tombombadil/TOMBOMBADIL4259
4260	group_4986	/Users/sanchezh/Desktop/tombombadil/TOMBOMBADIL4260
4261	group_4982	/Users/sanchezh/Desktop/tombombadil/TOMBOMBADIL4261
4262	group_4872	/Users/sanchezh/Desktop/tombombadil/TOMBOMBADIL4262
4263	group_4831	/Users/sanchezh/Desktop/tombombadil/TOMBOMBADIL4263
4264	group_4790	/Users/sanchezh/Desktop/tombombadil/TOMBOMBADIL4264
4265	group_4781	/Users/sanchezh/Desktop/tombombadil/TOMBOMBADIL4265
4266	group_4731	/Users/sanchezh/Desktop/tombombadil/TOMBOMBADIL4266
4267	group_4722	/Users/sanchezh/Desktop/tombombadil/TOMBOMBADIL4267
4268	group_4682	/Users/sanchezh/Desktop/tombombadil/TOMBOMBADIL4268
4269	group_4657	/Users/sanchezh/Desktop/tombombadil/TOMBOMBADIL4269
4270	group_4652	/Users/sanchezh/Desktop/tombombadil/TOMBOMBADIL4270
4271	group_4449	/Users/sanchezh/Desktop/tombombadil/TOMBOMBADIL4271
4272	group_4255	/Users/sanchezh/Desktop/tombombadil/TOMBOMBADIL4272
4273	group_4162	/Users/sanchezh/Desktop/tombombadil/TOMBOMBADIL4273
4274	group_4073	/Users/sanchezh/Desktop/tombombadil/TOMBOMBADIL4274
4275	group_4055	/Users/sanchezh/Desktop/tombombadil/TOMBOMBADIL4275
4276	group_4026	/Users/sanchezh/Desktop/tombombadil/TOMBOMBADIL4276
4277	group_4007	/Users/sanchezh/Desktop/tombombadil/TOMBOMBADIL4277
4278	group_3954	/Users/sanchezh/Desktop/tombombadil/TOMBOMBADIL4278
4279	group_3944	/Users/sanchezh/Desktop/tombombadil/TOMBOMBADIL4279
4280	group_3900	/Users/sanchezh/Desktop/tombombadil/TOMBOMBADIL4280
4281	group_3885	/Users/sanchezh/Desktop/tombombadil/TOMBOMBADIL4281
4282	group_3864	/Users/sanchezh/Desktop/tombombadil/TOMBOMBADIL4282
4283	group_3862	/Users/sanchezh/Desktop/tombombadil/TOMBOMBADIL4283
4284	group_3784	/Users/sanchezh/Desktop/tombombadil/TOMBOMBADIL4284
4285	group_3778	/Users/sanchezh/Desktop/tombombadil/TOMBOMBADIL4285
4286	group_3647	/Users/sanchezh/Desktop/tombombadil/TOMBOMBADIL4286
4287	group_3605	/Users/sanchezh/Desktop/tombombadil/TOMBOMBADIL4287
4288	group_3500	/Users/sanchezh/Desktop/tombombadil/TOMBOMBADIL4288
4289	group_3481	/Users/sanchezh/Desktop/tombombadil/TOMBOMBADIL4289
4290	group_3426	/Users/sanchezh/Desktop/tombombadil/TOMBOMBADIL4290
4291	group_3383	/Users/sanchezh/Desktop/tombombadil/TOMBOMBADIL4291
4292	group_3348	/Users/sanchezh/Desktop/tombombadil/TOMBOMBADIL4292
4293	group_3302	/Users/sanchezh/Desktop/tombombadil/TOMBOMBADIL4293
4294	group_3228	/Users/sanchezh/Desktop/tombombadil/TOMBOMBADIL4294
4295	group_3213	/Users/sanchezh/Desktop/tombombadil/TOMBOMBADIL4295
4296	group_3148	/Users/sanchezh/Desktop/tombombadil/TOMBOMBADIL4296
4297	group_2705	/Users/sanchezh/Desktop/tombombadil/TOMBOMBADIL4297
4298	group_2704	/Users/sanchezh/Desktop/tombombadil/TOMBOMBADIL4298
4299	group_2703	/Users/sanchezh/Desktop/tombombadil/TOMBOMBADIL4299
4300	group_2702	/Users/sanchezh/Desktop/tombombadil/TOMBOMBADIL4300
4301	group_2701	/Users/sanchezh/Desktop/tombombadil/TOMBOMBADIL4301
4302	group_2699	/Users/sanchezh/Desktop/tombombadil/TOMBOMBADIL4302
4303	group_2698	/Users/sanchezh/Desktop/tombombadil/TOMBOMBADIL4303
4304	group_2697	/Users/sanchezh/Desktop/tombombadil/TOMBOMBADIL4304
4305	group_2696	/Users/sanchezh/Desktop/tombombadil/TOMBOMBADIL4305
4306	group_2695	/Users/sanchezh/Desktop/tombombadil/TOMBOMBADIL4306
4307	group_2693	/Users/sanchezh/Desktop/tombombadil/TOMBOMBADIL4307
4308	group_2692	/Users/sanchezh/Desktop/tombombadil/TOMBOMBADIL4308
4309	group_2691	/Users/sanchezh/Desktop/tombombadil/TOMBOMBADIL4309
4310	group_2690	/Users/sanchezh/Desktop/tombombadil/TOMBOMBADIL4310
4311	group_2687	/Users/sanchezh/Desktop/tombombadil/TOMBOMBADIL4311
4312	group_2678	/Users/sanchezh/Desktop/tombombadil/TOMBOMBADIL4312
4313	group_2677	/Users/sanchezh/Desktop/tombombadil/TOMBOMBADIL4313
4314	group_2563	/Users/sanchezh/Desktop/tombombadil/TOMBOMBADIL4314
4315	group_2461	/Users/sanchezh/Desktop/tombombadil/TOMBOMBADIL4315
4316	group_2429	/Users/sanchezh/Desktop/tombombadil/TOMBOMBADIL4316
4317	group_2414	/Users/sanchezh/Desktop/tombombadil/TOMBOMBADIL4317
4318	group_2411	/Users/sanchezh/Desktop/tombombadil/TOMBOMBADIL4318
4319	group_2272	/Users/sanchezh/Desktop/tombombadil/TOMBOMBADIL4319
4320	group_2271	/Users/sanchezh/Desktop/tombombadil/TOMBOMBADIL4320
4321	group_2270	/Users/sanchezh/Desktop/tombombadil/TOMBOMBADIL4321
4322	group_2267	/Users/sanchezh/Desktop/tombombadil/TOMBOMBADIL4322
4323	group_2266	/Users/sanchezh/Desktop/tombombadil/TOMBOMBADIL4323
4324	group_2264	/Users/sanchezh/Desktop/tombombadil/TOMBOMBADIL4324
4325	group_2262	/Users/sanchezh/Desktop/tombombadil/TOMBOMBADIL4325
4326	group_2238	/Users/sanchezh/Desktop/tombombadil/TOMBOMBADIL4326
4327	group_2231	/Users/sanchezh/Desktop/tombombadil/TOMBOMBADIL4327
4328	group_2173	/Users/sanchezh/Desktop/tombombadil/TOMBOMBADIL4328
4329	group_2170	/Users/sanchezh/Desktop/tombombadil/TOMBOMBADIL4329
4330	group_2165	/Users/sanchezh/Desktop/tombombadil/TOMBOMBADIL4330
4331	group_2163	/Users/sanchezh/Desktop/tombombadil/TOMBOMBADIL4331
4332	group_2155	/Users/sanchezh/Desktop/tombombadil/TOMBOMBADIL4332
4333	group_2154	/Users/sanchezh/Desktop/tombombadil/TOMBOMBADIL4333
4334	group_2151	/Users/sanchezh/Desktop/tombombadil/TOMBOMBADIL4334
4335	group_2135	/Users/sanchezh/Desktop/tombombadil/TOMBOMBADIL4335
4336	group_2092	/Users/sanchezh/Desktop/tombombadil/TOMBOMBADIL4336
4337	group_2060	/Users/sanchezh/Desktop/tombombadil/TOMBOMBADIL4337
4338	group_2036	/Users/sanchezh/Desktop/tombombadil/TOMBOMBADIL4338
4339	group_2017	/Users/sanchezh/Desktop/tombombadil/TOMBOMBADIL4339
4340	group_2010	/Users/sanchezh/Desktop/tombombadil/TOMBOMBADIL4340
4341	group_1973	/Users/sanchezh/Desktop/tombombadil/TOMBOMBADIL4341
4342	group_1945	/Users/sanchezh/Desktop/tombombadil/TOMBOMBADIL4342
4343	group_1942	/Users/sanchezh/Desktop/tombombadil/TOMBOMBADIL4343
4344	group_1930	/Users/sanchezh/Desktop/tombombadil/TOMBOMBADIL4344
4345	group_1812	/Users/sanchezh/Desktop/tombombadil/TOMBOMBADIL4345
4346	group_1693	/Users/sanchezh/Desktop/tombombadil/TOMBOMBADIL4346
4347	group_1637	/Users/sanchezh/Desktop/tombombadil/TOMBOMBADIL4347
4348	group_1561	/Users/sanchezh/Desktop/tombombadil/TOMBOMBADIL4348
4349	group_1507	/Users/sanchezh/Desktop/tombombadil/TOMBOMBADIL4349
4350	group_1453	/Users/sanchezh/Desktop/tombombadil/TOMBOMBADIL4350
4351	group_1447	/Users/sanchezh/Desktop/tombombadil/TOMBOMBADIL4351
4352	group_1446	/Users/sanchezh/Desktop/tombombadil/TOMBOMBADIL4352
4353	group_1438	/Users/sanchezh/Desktop/tombombadil/TOMBOMBADIL4353
4354	group_1433	/Users/sanchezh/Desktop/tombombadil/TOMBOMBADIL4354
4355	group_1368	/Users/sanchezh/Desktop/tombombadil/TOMBOMBADIL4355
4356	group_1206	/Users/sanchezh/Desktop/tombombadil/TOMBOMBADIL4356
4357	group_1168	/Users/sanchezh/Desktop/tombombadil/TOMBOMBADIL4357
4358	group_1077	/Users/sanchezh/Desktop/tombombadil/TOMBOMBADIL4358
4359	group_1015	/Users/sanchezh/Desktop/tombombadil/TOMBOMBADIL4359
4360	group_1011	/Users/sanchezh/Desktop/tombombadil/TOMBOMBADIL4360
4361	group_742	/Users/sanchezh/Desktop/tombombadil/TOMBOMBADIL4361
4362	group_403	/Users/sanchezh/Desktop/tombombadil/TOMBOMBADIL4362
4363	group_353	/Users/sanchezh/Desktop/tombombadil/TOMBOMBADIL4363
4364	group_349	/Users/sanchezh/Desktop/tombombadil/TOMBOMBADIL4364
4365	group_295	/Users/sanchezh/Desktop/tombombadil/TOMBOMBADIL4365
4366	group_250	/Users/sanchezh/Desktop/tombombadil/TOMBOMBADIL4366
4367	group_232	/Users/sanchezh/Desktop/tombombadil/TOMBOMBADIL4367
4368	group_226	/Users/sanchezh/Desktop/tombombadil/TOMBOMBADIL4368
4369	group_163	/Users/sanchezh/Desktop/tombombadil/TOMBOMBADIL4369
4370	group_93	/Users/sanchezh/Desktop/tombombadil/TOMBOMBADIL4370
4371	group_15903	/Users/sanchezh/Desktop/tombombadil/TOMBOMBADIL4371
4372	group_15556	/Users/sanchezh/Desktop/tombombadil/TOMBOMBADIL4372
4373	group_15523	/Users/sanchezh/Desktop/tombombadil/TOMBOMBADIL4373
4374	group_15309	/Users/sanchezh/Desktop/tombombadil/TOMBOMBADIL4374
4375	group_15307	/Users/sanchezh/Desktop/tombombadil/TOMBOMBADIL4375
4376	group_15211	/Users/sanchezh/Desktop/tombombadil/TOMBOMBADIL4376
4377	group_15057	/Users/sanchezh/Desktop/tombombadil/TOMBOMBADIL4377
4378	group_15012	/Users/sanchezh/Desktop/tombombadil/TOMBOMBADIL4378
4379	group_14932	/Users/sanchezh/Desktop/tombombadil/TOMBOMBADIL4379
4380	group_14779	/Users/sanchezh/Desktop/tombombadil/TOMBOMBADIL4380
4381	group_14730	/Users/sanchezh/Desktop/tombombadil/TOMBOMBADIL4381
4382	group_14729	/Users/sanchezh/Desktop/tombombadil/TOMBOMBADIL4382
4383	group_14655	/Users/sanchezh/Desktop/tombombadil/TOMBOMBADIL4383
4384	group_14650	/Users/sanchezh/Desktop/tombombadil/TOMBOMBADIL4384
4385	group_14612	/Users/sanchezh/Desktop/tombombadil/TOMBOMBADIL4385
4386	group_14359	/Users/sanchezh/Desktop/tombombadil/TOMBOMBADIL4386
4387	group_13981	/Users/sanchezh/Desktop/tombombadil/TOMBOMBADIL4387
4388	group_13487	/Users/sanchezh/Desktop/tombombadil/TOMBOMBADIL4388
4389	group_12970	/Users/sanchezh/Desktop/tombombadil/TOMBOMBADIL4389
4390	group_12941	/Users/sanchezh/Desktop/tombombadil/TOMBOMBADIL4390
4391	group_12909	/Users/sanchezh/Desktop/tombombadil/TOMBOMBADIL4391
4392	group_12823	/Users/sanchezh/Desktop/tombombadil/TOMBOMBADIL4392
4393	group_12717	/Users/sanchezh/Desktop/tombombadil/TOMBOMBADIL4393
4394	group_12688	/Users/sanchezh/Desktop/tombombadil/TOMBOMBADIL4394
4395	group_12657	/Users/sanchezh/Desktop/tombombadil/TOMBOMBADIL4395
4396	group_12509	/Users/sanchezh/Desktop/tombombadil/TOMBOMBADIL4396
4397	group_12330	/Users/sanchezh/Desktop/tombombadil/TOMBOMBADIL4397
4398	group_12306	/Users/sanchezh/Desktop/tombombadil/TOMBOMBADIL4398
4399	group_12112	/Users/sanchezh/Desktop/tombombadil/TOMBOMBADIL4399
4400	group_11567	/Users/sanchezh/Desktop/tombombadil/TOMBOMBADIL4400
4401	group_11094	/Users/sanchezh/Desktop/tombombadil/TOMBOMBADIL4401
4402	group_10957	/Users/sanchezh/Desktop/tombombadil/TOMBOMBADIL4402
4403	group_10910	/Users/sanchezh/Desktop/tombombadil/TOMBOMBADIL4403
4404	group_10884	/Users/sanchezh/Desktop/tombombadil/TOMBOMBADIL4404
4405	group_10864	/Users/sanchezh/Desktop/tombombadil/TOMBOMBADIL4405
4406	group_10831	/Users/sanchezh/Desktop/tombombadil/TOMBOMBADIL4406
4407	group_10788	/Users/sanchezh/Desktop/tombombadil/TOMBOMBADIL4407
4408	group_10738	/Users/sanchezh/Desktop/tombombadil/TOMBOMBADIL4408
4409	group_10705	/Users/sanchezh/Desktop/tombombadil/TOMBOMBADIL4409
4410	group_10676	/Users/sanchezh/Desktop/tombombadil/TOMBOMBADIL4410
4411	group_10669	/Users/sanchezh/Desktop/tombombadil/TOMBOMBADIL4411
4412	group_10628	/Users/sanchezh/Desktop/tombombadil/TOMBOMBADIL4412
4413	group_10616	/Users/sanchezh/Desktop/tombombadil/TOMBOMBADIL4413
4414	group_10613	/Users/sanchezh/Desktop/tombombadil/TOMBOMBADIL4414
4415	group_10603	/Users/sanchezh/Desktop/tombombadil/TOMBOMBADIL4415
4416	group_10588	/Users/sanchezh/Desktop/tombombadil/TOMBOMBADIL4416
4417	group_10582	/Users/sanchezh/Desktop/tombombadil/TOMBOMBADIL4417
4418	group_10471	/Users/sanchezh/Desktop/tombombadil/TOMBOMBADIL4418
4419	group_10337	/Users/sanchezh/Desktop/tombombadil/TOMBOMBADIL4419
4420	group_10255	/Users/sanchezh/Desktop/tombombadil/TOMBOMBADIL4420
4421	group_10241	/Users/sanchezh/Desktop/tombombadil/TOMBOMBADIL4421
4422	group_10227	/Users/sanchezh/Desktop/tombombadil/TOMBOMBADIL4422
4423	group_10209	/Users/sanchezh/Desktop/tombombadil/TOMBOMBADIL4423
4424	group_10195	/Users/sanchezh/Desktop/tombombadil/TOMBOMBADIL4424
4425	group_10179	/Users/sanchezh/Desktop/tombombadil/TOMBOMBADIL4425
4426	group_10176	/Users/sanchezh/Desktop/tombombadil/TOMBOMBADIL4426
4427	group_10163	/Users/sanchezh/Desktop/tombombadil/TOMBOMBADIL4427
4428	group_10102	/Users/sanchezh/Desktop/tombombadil/TOMBOMBADIL4428
4429	group_10076	/Users/sanchezh/Desktop/tombombadil/TOMBOMBADIL4429
4430	group_10070	/Users/sanchezh/Desktop/tombombadil/TOMBOMBADIL4430
4431	group_10043	/Users/sanchezh/Desktop/tombombadil/TOMBOMBADIL4431
4432	group_10029	/Users/sanchezh/Desktop/tombombadil/TOMBOMBADIL4432
4433	group_9987	/Users/sanchezh/Desktop/tombombadil/TOMBOMBADIL4433
4434	group_9971	/Users/sanchezh/Desktop/tombombadil/TOMBOMBADIL4434
4435	group_9953	/Users/sanchezh/Desktop/tombombadil/TOMBOMBADIL4435
4436	group_9948	/Users/sanchezh/Desktop/tombombadil/TOMBOMBADIL4436
4437	group_9934	/Users/sanchezh/Desktop/tombombadil/TOMBOMBADIL4437
4438	group_9915	/Users/sanchezh/Desktop/tombombadil/TOMBOMBADIL4438
4439	group_9894	/Users/sanchezh/Desktop/tombombadil/TOMBOMBADIL4439
4440	group_9806	/Users/sanchezh/Desktop/tombombadil/TOMBOMBADIL4440
4441	group_9747	/Users/sanchezh/Desktop/tombombadil/TOMBOMBADIL4441
4442	group_9733	/Users/sanchezh/Desktop/tombombadil/TOMBOMBADIL4442
4443	group_9710	/Users/sanchezh/Desktop/tombombadil/TOMBOMBADIL4443
4444	group_9686	/Users/sanchezh/Desktop/tombombadil/TOMBOMBADIL4444
4445	group_9675	/Users/sanchezh/Desktop/tombombadil/TOMBOMBADIL4445
4446	group_9639	/Users/sanchezh/Desktop/tombombadil/TOMBOMBADIL4446
4447	group_9637	/Users/sanchezh/Desktop/tombombadil/TOMBOMBADIL4447
4448	group_9608	/Users/sanchezh/Desktop/tombombadil/TOMBOMBADIL4448
4449	group_9588	/Users/sanchezh/Desktop/tombombadil/TOMBOMBADIL4449
4450	group_9508	/Users/sanchezh/Desktop/tombombadil/TOMBOMBADIL4450
4451	group_9471	/Users/sanchezh/Desktop/tombombadil/TOMBOMBADIL4451
4452	group_9458	/Users/sanchezh/Desktop/tombombadil/TOMBOMBADIL4452
4453	group_9442	/Users/sanchezh/Desktop/tombombadil/TOMBOMBADIL4453
4454	group_9395	/Users/sanchezh/Desktop/tombombadil/TOMBOMBADIL4454
4455	group_9316	/Users/sanchezh/Desktop/tombombadil/TOMBOMBADIL4455
4456	group_9315	/Users/sanchezh/Desktop/tombombadil/TOMBOMBADIL4456
4457	group_9304	/Users/sanchezh/Desktop/tombombadil/TOMBOMBADIL4457
4458	group_9284	/Users/sanchezh/Desktop/tombombadil/TOMBOMBADIL4458
4459	group_9106	/Users/sanchezh/Desktop/tombombadil/TOMBOMBADIL4459
4460	group_9087	/Users/sanchezh/Desktop/tombombadil/TOMBOMBADIL4460
4461	group_9086	/Users/sanchezh/Desktop/tombombadil/TOMBOMBADIL4461
4462	group_9085	/Users/sanchezh/Desktop/tombombadil/TOMBOMBADIL4462
4463	group_9020	/Users/sanchezh/Desktop/tombombadil/TOMBOMBADIL4463
4464	group_9000	/Users/sanchezh/Desktop/tombombadil/TOMBOMBADIL4464
4465	group_8897	/Users/sanchezh/Desktop/tombombadil/TOMBOMBADIL4465
4466	group_8877	/Users/sanchezh/Desktop/tombombadil/TOMBOMBADIL4466
4467	group_8813	/Users/sanchezh/Desktop/tombombadil/TOMBOMBADIL4467
4468	group_8804	/Users/sanchezh/Desktop/tombombadil/TOMBOMBADIL4468
4469	group_8641	/Users/sanchezh/Desktop/tombombadil/TOMBOMBADIL4469
4470	group_8448	/Users/sanchezh/Desktop/tombombadil/TOMBOMBADIL4470
4471	group_8438	/Users/sanchezh/Desktop/tombombadil/TOMBOMBADIL4471
4472	group_8435	/Users/sanchezh/Desktop/tombombadil/TOMBOMBADIL4472
4473	group_8402	/Users/sanchezh/Desktop/tombombadil/TOMBOMBADIL4473
4474	group_8363	/Users/sanchezh/Desktop/tombombadil/TOMBOMBADIL4474
4475	group_8260	/Users/sanchezh/Desktop/tombombadil/TOMBOMBADIL4475
4476	group_8242	/Users/sanchezh/Desktop/tombombadil/TOMBOMBADIL4476
4477	group_7905	/Users/sanchezh/Desktop/tombombadil/TOMBOMBADIL4477
4478	group_7825	/Users/sanchezh/Desktop/tombombadil/TOMBOMBADIL4478
4479	group_7822	/Users/sanchezh/Desktop/tombombadil/TOMBOMBADIL4479
4480	group_7803	/Users/sanchezh/Desktop/tombombadil/TOMBOMBADIL4480
4481	group_7755	/Users/sanchezh/Desktop/tombombadil/TOMBOMBADIL4481
4482	group_7752	/Users/sanchezh/Desktop/tombombadil/TOMBOMBADIL4482
4483	group_7715	/Users/sanchezh/Desktop/tombombadil/TOMBOMBADIL4483
4484	group_7709	/Users/sanchezh/Desktop/tombombadil/TOMBOMBADIL4484
4485	group_7699	/Users/sanchezh/Desktop/tombombadil/TOMBOMBADIL4485
4486	group_7688	/Users/sanchezh/Desktop/tombombadil/TOMBOMBADIL4486
4487	group_7638	/Users/sanchezh/Desktop/tombombadil/TOMBOMBADIL4487
4488	group_7567	/Users/sanchezh/Desktop/tombombadil/TOMBOMBADIL4488
4489	group_7564	/Users/sanchezh/Desktop/tombombadil/TOMBOMBADIL4489
4490	btgA	/Users/sanchezh/Desktop/tombombadil/TOMBOMBADIL4490
4491	group_7496	/Users/sanchezh/Desktop/tombombadil/TOMBOMBADIL4491
4492	group_7477	/Users/sanchezh/Desktop/tombombadil/TOMBOMBADIL4492
4493	group_7466	/Users/sanchezh/Desktop/tombombadil/TOMBOMBADIL4493
4494	group_7413	/Users/sanchezh/Desktop/tombombadil/TOMBOMBADIL4494
4495	group_7412	/Users/sanchezh/Desktop/tombombadil/TOMBOMBADIL4495
4496	group_7133	/Users/sanchezh/Desktop/tombombadil/TOMBOMBADIL4496
4497	group_6964	/Users/sanchezh/Desktop/tombombadil/TOMBOMBADIL4497
4498	group_6948	/Users/sanchezh/Desktop/tombombadil/TOMBOMBADIL4498
4499	group_6891	/Users/sanchezh/Desktop/tombombadil/TOMBOMBADIL4499
4500	group_6877	/Users/sanchezh/Desktop/tombombadil/TOMBOMBADIL4500
4501	group_6756	/Users/sanchezh/Desktop/tombombadil/TOMBOMBADIL4501
4502	group_6723	/Users/sanchezh/Desktop/tombombadil/TOMBOMBADIL4502
4503	group_6334	/Users/sanchezh/Desktop/tombombadil/TOMBOMBADIL4503
4504	group_6231	/Users/sanchezh/Desktop/tombombadil/TOMBOMBADIL4504
4505	group_6180	/Users/sanchezh/Desktop/tombombadil/TOMBOMBADIL4505
4506	group_6069	/Users/sanchezh/Desktop/tombombadil/TOMBOMBADIL4506
4507	group_5885	/Users/sanchezh/Desktop/tombombadil/TOMBOMBADIL4507
4508	group_5827	/Users/sanchezh/Desktop/tombombadil/TOMBOMBADIL4508
4509	group_5690	/Users/sanchezh/Desktop/tombombadil/TOMBOMBADIL4509
4510	group_5652	/Users/sanchezh/Desktop/tombombadil/TOMBOMBADIL4510
4511	group_5599	/Users/sanchezh/Desktop/tombombadil/TOMBOMBADIL4511
4512	group_5549	/Users/sanchezh/Desktop/tombombadil/TOMBOMBADIL4512
4513	group_5504	/Users/sanchezh/Desktop/tombombadil/TOMBOMBADIL4513
4514	group_5488	/Users/sanchezh/Desktop/tombombadil/TOMBOMBADIL4514
4515	group_5481	/Users/sanchezh/Desktop/tombombadil/TOMBOMBADIL4515
4516	group_5461	/Users/sanchezh/Desktop/tombombadil/TOMBOMBADIL4516
4517	group_5426	/Users/sanchezh/Desktop/tombombadil/TOMBOMBADIL4517
4518	group_4912	/Users/sanchezh/Desktop/tombombadil/TOMBOMBADIL4518
4519	group_4859	/Users/sanchezh/Desktop/tombombadil/TOMBOMBADIL4519
4520	group_4736	/Users/sanchezh/Desktop/tombombadil/TOMBOMBADIL4520
4521	group_4429	/Users/sanchezh/Desktop/tombombadil/TOMBOMBADIL4521
4522	group_4341	/Users/sanchezh/Desktop/tombombadil/TOMBOMBADIL4522
4523	group_4333	/Users/sanchezh/Desktop/tombombadil/TOMBOMBADIL4523
4524	group_4278	/Users/sanchezh/Desktop/tombombadil/TOMBOMBADIL4524
4525	group_4132	/Users/sanchezh/Desktop/tombombadil/TOMBOMBADIL4525
4526	group_4048	/Users/sanchezh/Desktop/tombombadil/TOMBOMBADIL4526
4527	group_4043	/Users/sanchezh/Desktop/tombombadil/TOMBOMBADIL4527
4528	group_3938	/Users/sanchezh/Desktop/tombombadil/TOMBOMBADIL4528
4529	group_3855	/Users/sanchezh/Desktop/tombombadil/TOMBOMBADIL4529
4530	group_3748	/Users/sanchezh/Desktop/tombombadil/TOMBOMBADIL4530
4531	group_3667	/Users/sanchezh/Desktop/tombombadil/TOMBOMBADIL4531
4532	group_3637	/Users/sanchezh/Desktop/tombombadil/TOMBOMBADIL4532
4533	group_3573	/Users/sanchezh/Desktop/tombombadil/TOMBOMBADIL4533
4534	group_3308	/Users/sanchezh/Desktop/tombombadil/TOMBOMBADIL4534
4535	group_3188	/Users/sanchezh/Desktop/tombombadil/TOMBOMBADIL4535
4536	group_2685	/Users/sanchezh/Desktop/tombombadil/TOMBOMBADIL4536
4537	group_2682	/Users/sanchezh/Desktop/tombombadil/TOMBOMBADIL4537
4538	group_2681	/Users/sanchezh/Desktop/tombombadil/TOMBOMBADIL4538
4539	group_2680	/Users/sanchezh/Desktop/tombombadil/TOMBOMBADIL4539
4540	group_2676	/Users/sanchezh/Desktop/tombombadil/TOMBOMBADIL4540
4541	group_2673	/Users/sanchezh/Desktop/tombombadil/TOMBOMBADIL4541
4542	group_2415	/Users/sanchezh/Desktop/tombombadil/TOMBOMBADIL4542
4543	group_2274	/Users/sanchezh/Desktop/tombombadil/TOMBOMBADIL4543
4544	group_2253	/Users/sanchezh/Desktop/tombombadil/TOMBOMBADIL4544
4545	group_1795	/Users/sanchezh/Desktop/tombombadil/TOMBOMBADIL4545
4546	group_1720	/Users/sanchezh/Desktop/tombombadil/TOMBOMBADIL4546
4547	group_1648	/Users/sanchezh/Desktop/tombombadil/TOMBOMBADIL4547
4548	group_1644	/Users/sanchezh/Desktop/tombombadil/TOMBOMBADIL4548
4549	group_1424	/Users/sanchezh/Desktop/tombombadil/TOMBOMBADIL4549
4550	group_1394	/Users/sanchezh/Desktop/tombombadil/TOMBOMBADIL4550
4551	group_681	/Users/sanchezh/Desktop/tombombadil/TOMBOMBADIL4551
4552	group_210	/Users/sanchezh/Desktop/tombombadil/TOMBOMBADIL4552
4553	group_166	/Users/sanchezh/Desktop/tombombadil/TOMBOMBADIL4553
4554	group_80	/Users/sanchezh/Desktop/tombombadil/TOMBOMBADIL4554
4555	group_15854	/Users/sanchezh/Desktop/tombombadil/TOMBOMBADIL4555
4556	group_15616	/Users/sanchezh/Desktop/tombombadil/TOMBOMBADIL4556
4557	group_15508	/Users/sanchezh/Desktop/tombombadil/TOMBOMBADIL4557
4558	group_15442	/Users/sanchezh/Desktop/tombombadil/TOMBOMBADIL4558
4559	group_15404	/Users/sanchezh/Desktop/tombombadil/TOMBOMBADIL4559
4560	group_15317	/Users/sanchezh/Desktop/tombombadil/TOMBOMBADIL4560
4561	group_15165	/Users/sanchezh/Desktop/tombombadil/TOMBOMBADIL4561
4562	group_15164	/Users/sanchezh/Desktop/tombombadil/TOMBOMBADIL4562
4563	group_15149	/Users/sanchezh/Desktop/tombombadil/TOMBOMBADIL4563
4564	group_15014	/Users/sanchezh/Desktop/tombombadil/TOMBOMBADIL4564
4565	group_14846	/Users/sanchezh/Desktop/tombombadil/TOMBOMBADIL4565
4566	group_14770	/Users/sanchezh/Desktop/tombombadil/TOMBOMBADIL4566
4567	group_14540	/Users/sanchezh/Desktop/tombombadil/TOMBOMBADIL4567
4568	group_14272	/Users/sanchezh/Desktop/tombombadil/TOMBOMBADIL4568
4569	group_14074	/Users/sanchezh/Desktop/tombombadil/TOMBOMBADIL4569
4570	group_13751	/Users/sanchezh/Desktop/tombombadil/TOMBOMBADIL4570
4571	group_13710	/Users/sanchezh/Desktop/tombombadil/TOMBOMBADIL4571
4572	group_13649	/Users/sanchezh/Desktop/tombombadil/TOMBOMBADIL4572
4573	group_13364	/Users/sanchezh/Desktop/tombombadil/TOMBOMBADIL4573
4574	group_13090	/Users/sanchezh/Desktop/tombombadil/TOMBOMBADIL4574
4575	group_12990	/Users/sanchezh/Desktop/tombombadil/TOMBOMBADIL4575
4576	group_12850	/Users/sanchezh/Desktop/tombombadil/TOMBOMBADIL4576
4577	group_12822	/Users/sanchezh/Desktop/tombombadil/TOMBOMBADIL4577
4578	group_12273	/Users/sanchezh/Desktop/tombombadil/TOMBOMBADIL4578
4579	group_11981	/Users/sanchezh/Desktop/tombombadil/TOMBOMBADIL4579
4580	group_11867	/Users/sanchezh/Desktop/tombombadil/TOMBOMBADIL4580
4581	group_11569	/Users/sanchezh/Desktop/tombombadil/TOMBOMBADIL4581
4582	group_11347	/Users/sanchezh/Desktop/tombombadil/TOMBOMBADIL4582
4583	group_11245	/Users/sanchezh/Desktop/tombombadil/TOMBOMBADIL4583
4584	group_11233	/Users/sanchezh/Desktop/tombombadil/TOMBOMBADIL4584
4585	group_11174	/Users/sanchezh/Desktop/tombombadil/TOMBOMBADIL4585
4586	group_11173	/Users/sanchezh/Desktop/tombombadil/TOMBOMBADIL4586
4587	group_11099	/Users/sanchezh/Desktop/tombombadil/TOMBOMBADIL4587
4588	group_10875	/Users/sanchezh/Desktop/tombombadil/TOMBOMBADIL4588
4589	group_10866	/Users/sanchezh/Desktop/tombombadil/TOMBOMBADIL4589
4590	group_10656	/Users/sanchezh/Desktop/tombombadil/TOMBOMBADIL4590
4591	group_10583	/Users/sanchezh/Desktop/tombombadil/TOMBOMBADIL4591
4592	group_10524	/Users/sanchezh/Desktop/tombombadil/TOMBOMBADIL4592
4593	group_10523	/Users/sanchezh/Desktop/tombombadil/TOMBOMBADIL4593
4594	group_10519	/Users/sanchezh/Desktop/tombombadil/TOMBOMBADIL4594
4595	group_10497	/Users/sanchezh/Desktop/tombombadil/TOMBOMBADIL4595
4596	group_10496	/Users/sanchezh/Desktop/tombombadil/TOMBOMBADIL4596
4597	group_10495	/Users/sanchezh/Desktop/tombombadil/TOMBOMBADIL4597
4598	group_10453	/Users/sanchezh/Desktop/tombombadil/TOMBOMBADIL4598
4599	group_10447	/Users/sanchezh/Desktop/tombombadil/TOMBOMBADIL4599
4600	group_10391	/Users/sanchezh/Desktop/tombombadil/TOMBOMBADIL4600
4601	group_10371	/Users/sanchezh/Desktop/tombombadil/TOMBOMBADIL4601
4602	group_10358	/Users/sanchezh/Desktop/tombombadil/TOMBOMBADIL4602
4603	group_10357	/Users/sanchezh/Desktop/tombombadil/TOMBOMBADIL4603
4604	group_10345	/Users/sanchezh/Desktop/tombombadil/TOMBOMBADIL4604
4605	group_10233	/Users/sanchezh/Desktop/tombombadil/TOMBOMBADIL4605
4606	group_10205	/Users/sanchezh/Desktop/tombombadil/TOMBOMBADIL4606
4607	group_10159	/Users/sanchezh/Desktop/tombombadil/TOMBOMBADIL4607
4608	group_10118	/Users/sanchezh/Desktop/tombombadil/TOMBOMBADIL4608
4609	group_10092	/Users/sanchezh/Desktop/tombombadil/TOMBOMBADIL4609
4610	group_10079	/Users/sanchezh/Desktop/tombombadil/TOMBOMBADIL4610
4611	group_10030	/Users/sanchezh/Desktop/tombombadil/TOMBOMBADIL4611
4612	group_9990	/Users/sanchezh/Desktop/tombombadil/TOMBOMBADIL4612
4613	group_9946	/Users/sanchezh/Desktop/tombombadil/TOMBOMBADIL4613
4614	group_9939	/Users/sanchezh/Desktop/tombombadil/TOMBOMBADIL4614
4615	group_9919	/Users/sanchezh/Desktop/tombombadil/TOMBOMBADIL4615
4616	group_9904	/Users/sanchezh/Desktop/tombombadil/TOMBOMBADIL4616
4617	group_9868	/Users/sanchezh/Desktop/tombombadil/TOMBOMBADIL4617
4618	group_9853	/Users/sanchezh/Desktop/tombombadil/TOMBOMBADIL4618
4619	group_9715	/Users/sanchezh/Desktop/tombombadil/TOMBOMBADIL4619
4620	group_9705	/Users/sanchezh/Desktop/tombombadil/TOMBOMBADIL4620
4621	group_9621	/Users/sanchezh/Desktop/tombombadil/TOMBOMBADIL4621
4622	group_9550	/Users/sanchezh/Desktop/tombombadil/TOMBOMBADIL4622
4623	group_9443	/Users/sanchezh/Desktop/tombombadil/TOMBOMBADIL4623
4624	group_9350	/Users/sanchezh/Desktop/tombombadil/TOMBOMBADIL4624
4625	group_9260	/Users/sanchezh/Desktop/tombombadil/TOMBOMBADIL4625
4626	group_9158	/Users/sanchezh/Desktop/tombombadil/TOMBOMBADIL4626
4627	group_9125	/Users/sanchezh/Desktop/tombombadil/TOMBOMBADIL4627
4628	group_8926	/Users/sanchezh/Desktop/tombombadil/TOMBOMBADIL4628
4629	group_8882	/Users/sanchezh/Desktop/tombombadil/TOMBOMBADIL4629
4630	group_8867	/Users/sanchezh/Desktop/tombombadil/TOMBOMBADIL4630
4631	group_8797	/Users/sanchezh/Desktop/tombombadil/TOMBOMBADIL4631
4632	group_8722	/Users/sanchezh/Desktop/tombombadil/TOMBOMBADIL4632
4633	group_8637	/Users/sanchezh/Desktop/tombombadil/TOMBOMBADIL4633
4634	group_8627	/Users/sanchezh/Desktop/tombombadil/TOMBOMBADIL4634
4635	group_8626	/Users/sanchezh/Desktop/tombombadil/TOMBOMBADIL4635
4636	group_8554	/Users/sanchezh/Desktop/tombombadil/TOMBOMBADIL4636
4637	group_8541	/Users/sanchezh/Desktop/tombombadil/TOMBOMBADIL4637
4638	group_8384	/Users/sanchezh/Desktop/tombombadil/TOMBOMBADIL4638
4639	group_8317	/Users/sanchezh/Desktop/tombombadil/TOMBOMBADIL4639
4640	group_8258	/Users/sanchezh/Desktop/tombombadil/TOMBOMBADIL4640
4641	group_8240	/Users/sanchezh/Desktop/tombombadil/TOMBOMBADIL4641
4642	group_8189	/Users/sanchezh/Desktop/tombombadil/TOMBOMBADIL4642
4643	group_8158	/Users/sanchezh/Desktop/tombombadil/TOMBOMBADIL4643
4644	group_8073	/Users/sanchezh/Desktop/tombombadil/TOMBOMBADIL4644
4645	group_8037	/Users/sanchezh/Desktop/tombombadil/TOMBOMBADIL4645
4646	group_7896	/Users/sanchezh/Desktop/tombombadil/TOMBOMBADIL4646
4647	group_7882	/Users/sanchezh/Desktop/tombombadil/TOMBOMBADIL4647
4648	group_7849	/Users/sanchezh/Desktop/tombombadil/TOMBOMBADIL4648
4649	group_7833	/Users/sanchezh/Desktop/tombombadil/TOMBOMBADIL4649
4650	group_7826	/Users/sanchezh/Desktop/tombombadil/TOMBOMBADIL4650
4651	group_7684	/Users/sanchezh/Desktop/tombombadil/TOMBOMBADIL4651
4652	group_7672	/Users/sanchezh/Desktop/tombombadil/TOMBOMBADIL4652
4653	group_7566	/Users/sanchezh/Desktop/tombombadil/TOMBOMBADIL4653
4654	group_7551	/Users/sanchezh/Desktop/tombombadil/TOMBOMBADIL4654
4655	group_7465	/Users/sanchezh/Desktop/tombombadil/TOMBOMBADIL4655
4656	group_7291	/Users/sanchezh/Desktop/tombombadil/TOMBOMBADIL4656
4657	group_7280	/Users/sanchezh/Desktop/tombombadil/TOMBOMBADIL4657
4658	group_7243	/Users/sanchezh/Desktop/tombombadil/TOMBOMBADIL4658
4659	group_7091	/Users/sanchezh/Desktop/tombombadil/TOMBOMBADIL4659
4660	group_7026	/Users/sanchezh/Desktop/tombombadil/TOMBOMBADIL4660
4661	group_6864	/Users/sanchezh/Desktop/tombombadil/TOMBOMBADIL4661
4662	group_6858	/Users/sanchezh/Desktop/tombombadil/TOMBOMBADIL4662
4663	group_6833	/Users/sanchezh/Desktop/tombombadil/TOMBOMBADIL4663
4664	group_6826	/Users/sanchezh/Desktop/tombombadil/TOMBOMBADIL4664
4665	group_6748	/Users/sanchezh/Desktop/tombombadil/TOMBOMBADIL4665
4666	group_6728	/Users/sanchezh/Desktop/tombombadil/TOMBOMBADIL4666
4667	group_6712	/Users/sanchezh/Desktop/tombombadil/TOMBOMBADIL4667
4668	group_6704	/Users/sanchezh/Desktop/tombombadil/TOMBOMBADIL4668
4669	group_6615	/Users/sanchezh/Desktop/tombombadil/TOMBOMBADIL4669
4670	group_6464	/Users/sanchezh/Desktop/tombombadil/TOMBOMBADIL4670
4671	group_6460	/Users/sanchezh/Desktop/tombombadil/TOMBOMBADIL4671
4672	group_6230	/Users/sanchezh/Desktop/tombombadil/TOMBOMBADIL4672
4673	group_6176	/Users/sanchezh/Desktop/tombombadil/TOMBOMBADIL4673
4674	group_6102	/Users/sanchezh/Desktop/tombombadil/TOMBOMBADIL4674
4675	group_6040	/Users/sanchezh/Desktop/tombombadil/TOMBOMBADIL4675
4676	group_6010	/Users/sanchezh/Desktop/tombombadil/TOMBOMBADIL4676
4677	group_5937	/Users/sanchezh/Desktop/tombombadil/TOMBOMBADIL4677
4678	group_5857	/Users/sanchezh/Desktop/tombombadil/TOMBOMBADIL4678
4679	group_5777	/Users/sanchezh/Desktop/tombombadil/TOMBOMBADIL4679
4680	group_5725	/Users/sanchezh/Desktop/tombombadil/TOMBOMBADIL4680
4681	group_5709	/Users/sanchezh/Desktop/tombombadil/TOMBOMBADIL4681
4682	insH~~~tnp	/Users/sanchezh/Desktop/tombombadil/TOMBOMBADIL4682
4683	group_5680	/Users/sanchezh/Desktop/tombombadil/TOMBOMBADIL4683
4684	group_5675	/Users/sanchezh/Desktop/tombombadil/TOMBOMBADIL4684
4685	group_5610	/Users/sanchezh/Desktop/tombombadil/TOMBOMBADIL4685
4686	group_5388	/Users/sanchezh/Desktop/tombombadil/TOMBOMBADIL4686
4687	group_5361	/Users/sanchezh/Desktop/tombombadil/TOMBOMBADIL4687
4688	group_5244	/Users/sanchezh/Desktop/tombombadil/TOMBOMBADIL4688
4689	group_5093	/Users/sanchezh/Desktop/tombombadil/TOMBOMBADIL4689
4690	group_5028	/Users/sanchezh/Desktop/tombombadil/TOMBOMBADIL4690
4691	group_4963	/Users/sanchezh/Desktop/tombombadil/TOMBOMBADIL4691
4692	group_4935	/Users/sanchezh/Desktop/tombombadil/TOMBOMBADIL4692
4693	group_4920	/Users/sanchezh/Desktop/tombombadil/TOMBOMBADIL4693
4694	group_4893	/Users/sanchezh/Desktop/tombombadil/TOMBOMBADIL4694
4695	group_4882	/Users/sanchezh/Desktop/tombombadil/TOMBOMBADIL4695
4696	group_4834	/Users/sanchezh/Desktop/tombombadil/TOMBOMBADIL4696
4697	group_4828	/Users/sanchezh/Desktop/tombombadil/TOMBOMBADIL4697
4698	group_4754	/Users/sanchezh/Desktop/tombombadil/TOMBOMBADIL4698
4699	group_4752	/Users/sanchezh/Desktop/tombombadil/TOMBOMBADIL4699
4700	group_4746	/Users/sanchezh/Desktop/tombombadil/TOMBOMBADIL4700
4701	group_4598	/Users/sanchezh/Desktop/tombombadil/TOMBOMBADIL4701
4702	group_4497	/Users/sanchezh/Desktop/tombombadil/TOMBOMBADIL4702
4703	group_4447	/Users/sanchezh/Desktop/tombombadil/TOMBOMBADIL4703
4704	group_4422	/Users/sanchezh/Desktop/tombombadil/TOMBOMBADIL4704
4705	group_4311	/Users/sanchezh/Desktop/tombombadil/TOMBOMBADIL4705
4706	group_4195	/Users/sanchezh/Desktop/tombombadil/TOMBOMBADIL4706
4707	group_4184	/Users/sanchezh/Desktop/tombombadil/TOMBOMBADIL4707
4708	group_4094	/Users/sanchezh/Desktop/tombombadil/TOMBOMBADIL4708
4709	group_4090	/Users/sanchezh/Desktop/tombombadil/TOMBOMBADIL4709
4710	group_4075	/Users/sanchezh/Desktop/tombombadil/TOMBOMBADIL4710
4711	group_4003	/Users/sanchezh/Desktop/tombombadil/TOMBOMBADIL4711
4712	group_3977	/Users/sanchezh/Desktop/tombombadil/TOMBOMBADIL4712
4713	group_3830	/Users/sanchezh/Desktop/tombombadil/TOMBOMBADIL4713
4714	group_3828	/Users/sanchezh/Desktop/tombombadil/TOMBOMBADIL4714
4715	group_3774	/Users/sanchezh/Desktop/tombombadil/TOMBOMBADIL4715
4716	group_3744	/Users/sanchezh/Desktop/tombombadil/TOMBOMBADIL4716
4717	group_3706	/Users/sanchezh/Desktop/tombombadil/TOMBOMBADIL4717
4718	group_3690	/Users/sanchezh/Desktop/tombombadil/TOMBOMBADIL4718
4719	group_3689	/Users/sanchezh/Desktop/tombombadil/TOMBOMBADIL4719
4720	group_3603	/Users/sanchezh/Desktop/tombombadil/TOMBOMBADIL4720
4721	group_3587	/Users/sanchezh/Desktop/tombombadil/TOMBOMBADIL4721
4722	group_3493	/Users/sanchezh/Desktop/tombombadil/TOMBOMBADIL4722
4723	group_3201	/Users/sanchezh/Desktop/tombombadil/TOMBOMBADIL4723
4724	group_3174	/Users/sanchezh/Desktop/tombombadil/TOMBOMBADIL4724
4725	group_3170	/Users/sanchezh/Desktop/tombombadil/TOMBOMBADIL4725
4726	group_2983	/Users/sanchezh/Desktop/tombombadil/TOMBOMBADIL4726
4727	group_2829	/Users/sanchezh/Desktop/tombombadil/TOMBOMBADIL4727
4728	group_2477	/Users/sanchezh/Desktop/tombombadil/TOMBOMBADIL4728
4729	group_2413	/Users/sanchezh/Desktop/tombombadil/TOMBOMBADIL4729
4730	group_2249	/Users/sanchezh/Desktop/tombombadil/TOMBOMBADIL4730
4731	group_2237	/Users/sanchezh/Desktop/tombombadil/TOMBOMBADIL4731
4732	group_2183	/Users/sanchezh/Desktop/tombombadil/TOMBOMBADIL4732
4733	group_2150	/Users/sanchezh/Desktop/tombombadil/TOMBOMBADIL4733
4734	group_2137	/Users/sanchezh/Desktop/tombombadil/TOMBOMBADIL4734
4735	group_2122	/Users/sanchezh/Desktop/tombombadil/TOMBOMBADIL4735
4736	group_1804	/Users/sanchezh/Desktop/tombombadil/TOMBOMBADIL4736
4737	group_1681	/Users/sanchezh/Desktop/tombombadil/TOMBOMBADIL4737
4738	group_1528	/Users/sanchezh/Desktop/tombombadil/TOMBOMBADIL4738
4739	group_1527	/Users/sanchezh/Desktop/tombombadil/TOMBOMBADIL4739
4740	group_1463	/Users/sanchezh/Desktop/tombombadil/TOMBOMBADIL4740
4741	araC	/Users/sanchezh/Desktop/tombombadil/TOMBOMBADIL4741
4742	group_1013	/Users/sanchezh/Desktop/tombombadil/TOMBOMBADIL4742
4743	group_860	/Users/sanchezh/Desktop/tombombadil/TOMBOMBADIL4743
4744	group_818	/Users/sanchezh/Desktop/tombombadil/TOMBOMBADIL4744
4745	group_806	/Users/sanchezh/Desktop/tombombadil/TOMBOMBADIL4745
4746	group_171	/Users/sanchezh/Desktop/tombombadil/TOMBOMBADIL4746
4747	group_16131	/Users/sanchezh/Desktop/tombombadil/TOMBOMBADIL4747
4748	group_15821	/Users/sanchezh/Desktop/tombombadil/TOMBOMBADIL4748
4749	group_15725	/Users/sanchezh/Desktop/tombombadil/TOMBOMBADIL4749
4750	group_15674	/Users/sanchezh/Desktop/tombombadil/TOMBOMBADIL4750
4751	group_15619	/Users/sanchezh/Desktop/tombombadil/TOMBOMBADIL4751
4752	group_15305	/Users/sanchezh/Desktop/tombombadil/TOMBOMBADIL4752
4753	group_15044	/Users/sanchezh/Desktop/tombombadil/TOMBOMBADIL4753
4754	group_14969	/Users/sanchezh/Desktop/tombombadil/TOMBOMBADIL4754
4755	group_14883	/Users/sanchezh/Desktop/tombombadil/TOMBOMBADIL4755
4756	hicA	/Users/sanchezh/Desktop/tombombadil/TOMBOMBADIL4756
4757	group_14771	/Users/sanchezh/Desktop/tombombadil/TOMBOMBADIL4757
4758	group_14725	/Users/sanchezh/Desktop/tombombadil/TOMBOMBADIL4758
4759	group_14281	/Users/sanchezh/Desktop/tombombadil/TOMBOMBADIL4759
4760	group_14242	/Users/sanchezh/Desktop/tombombadil/TOMBOMBADIL4760
4761	group_13934	/Users/sanchezh/Desktop/tombombadil/TOMBOMBADIL4761
4762	group_13826	/Users/sanchezh/Desktop/tombombadil/TOMBOMBADIL4762
4763	group_13821	/Users/sanchezh/Desktop/tombombadil/TOMBOMBADIL4763
4764	group_13713	/Users/sanchezh/Desktop/tombombadil/TOMBOMBADIL4764
4765	group_13712	/Users/sanchezh/Desktop/tombombadil/TOMBOMBADIL4765
4766	group_13658	/Users/sanchezh/Desktop/tombombadil/TOMBOMBADIL4766
4767	group_13654	/Users/sanchezh/Desktop/tombombadil/TOMBOMBADIL4767
4768	group_13516	/Users/sanchezh/Desktop/tombombadil/TOMBOMBADIL4768
4769	group_13514	/Users/sanchezh/Desktop/tombombadil/TOMBOMBADIL4769
4770	group_13488	/Users/sanchezh/Desktop/tombombadil/TOMBOMBADIL4770
4771	group_13268	/Users/sanchezh/Desktop/tombombadil/TOMBOMBADIL4771
4772	group_13015	/Users/sanchezh/Desktop/tombombadil/TOMBOMBADIL4772
4773	group_12966	/Users/sanchezh/Desktop/tombombadil/TOMBOMBADIL4773
4774	group_12912	/Users/sanchezh/Desktop/tombombadil/TOMBOMBADIL4774
4775	group_12847	/Users/sanchezh/Desktop/tombombadil/TOMBOMBADIL4775
4776	group_12840	/Users/sanchezh/Desktop/tombombadil/TOMBOMBADIL4776
4777	group_12720	/Users/sanchezh/Desktop/tombombadil/TOMBOMBADIL4777
4778	group_12206	/Users/sanchezh/Desktop/tombombadil/TOMBOMBADIL4778
4779	group_11929	/Users/sanchezh/Desktop/tombombadil/TOMBOMBADIL4779
4780	group_11658	/Users/sanchezh/Desktop/tombombadil/TOMBOMBADIL4780
4781	group_11386	/Users/sanchezh/Desktop/tombombadil/TOMBOMBADIL4781
4782	group_11304	/Users/sanchezh/Desktop/tombombadil/TOMBOMBADIL4782
4783	group_11175	/Users/sanchezh/Desktop/tombombadil/TOMBOMBADIL4783
4784	epsM	/Users/sanchezh/Desktop/tombombadil/TOMBOMBADIL4784
4785	group_10895	/Users/sanchezh/Desktop/tombombadil/TOMBOMBADIL4785
4786	group_10894	/Users/sanchezh/Desktop/tombombadil/TOMBOMBADIL4786
4787	group_10873	/Users/sanchezh/Desktop/tombombadil/TOMBOMBADIL4787
4788	group_10784	/Users/sanchezh/Desktop/tombombadil/TOMBOMBADIL4788
4789	group_10767	/Users/sanchezh/Desktop/tombombadil/TOMBOMBADIL4789
4790	group_10751	/Users/sanchezh/Desktop/tombombadil/TOMBOMBADIL4790
4791	group_10740	/Users/sanchezh/Desktop/tombombadil/TOMBOMBADIL4791
4792	group_10729	/Users/sanchezh/Desktop/tombombadil/TOMBOMBADIL4792
4793	group_10688	/Users/sanchezh/Desktop/tombombadil/TOMBOMBADIL4793
4794	group_10644	/Users/sanchezh/Desktop/tombombadil/TOMBOMBADIL4794
4795	group_10510	/Users/sanchezh/Desktop/tombombadil/TOMBOMBADIL4795
4796	group_10500	/Users/sanchezh/Desktop/tombombadil/TOMBOMBADIL4796
4797	group_10440	/Users/sanchezh/Desktop/tombombadil/TOMBOMBADIL4797
4798	group_10415	/Users/sanchezh/Desktop/tombombadil/TOMBOMBADIL4798
4799	group_10395	/Users/sanchezh/Desktop/tombombadil/TOMBOMBADIL4799
4800	group_10394	/Users/sanchezh/Desktop/tombombadil/TOMBOMBADIL4800
4801	group_10386	/Users/sanchezh/Desktop/tombombadil/TOMBOMBADIL4801
4802	group_10317	/Users/sanchezh/Desktop/tombombadil/TOMBOMBADIL4802
4803	group_10299	/Users/sanchezh/Desktop/tombombadil/TOMBOMBADIL4803
4804	group_10298	/Users/sanchezh/Desktop/tombombadil/TOMBOMBADIL4804
4805	group_10254	/Users/sanchezh/Desktop/tombombadil/TOMBOMBADIL4805
4806	group_10253	/Users/sanchezh/Desktop/tombombadil/TOMBOMBADIL4806
4807	group_10252	/Users/sanchezh/Desktop/tombombadil/TOMBOMBADIL4807
4808	group_10218	/Users/sanchezh/Desktop/tombombadil/TOMBOMBADIL4808
4809	group_10142	/Users/sanchezh/Desktop/tombombadil/TOMBOMBADIL4809
4810	group_10106	/Users/sanchezh/Desktop/tombombadil/TOMBOMBADIL4810
4811	group_10087	/Users/sanchezh/Desktop/tombombadil/TOMBOMBADIL4811
4812	group_10000	/Users/sanchezh/Desktop/tombombadil/TOMBOMBADIL4812
4813	group_9945	/Users/sanchezh/Desktop/tombombadil/TOMBOMBADIL4813
4814	group_9918	/Users/sanchezh/Desktop/tombombadil/TOMBOMBADIL4814
4815	group_9903	/Users/sanchezh/Desktop/tombombadil/TOMBOMBADIL4815
4816	group_9890	/Users/sanchezh/Desktop/tombombadil/TOMBOMBADIL4816
4817	group_9882	/Users/sanchezh/Desktop/tombombadil/TOMBOMBADIL4817
4818	group_9842	/Users/sanchezh/Desktop/tombombadil/TOMBOMBADIL4818
4819	group_9841	/Users/sanchezh/Desktop/tombombadil/TOMBOMBADIL4819
4820	group_9790	/Users/sanchezh/Desktop/tombombadil/TOMBOMBADIL4820
4821	group_9783	/Users/sanchezh/Desktop/tombombadil/TOMBOMBADIL4821
4822	group_9695	/Users/sanchezh/Desktop/tombombadil/TOMBOMBADIL4822
4823	group_9616	/Users/sanchezh/Desktop/tombombadil/TOMBOMBADIL4823
4824	group_9597	/Users/sanchezh/Desktop/tombombadil/TOMBOMBADIL4824
4825	group_9556	/Users/sanchezh/Desktop/tombombadil/TOMBOMBADIL4825
4826	group_9530	/Users/sanchezh/Desktop/tombombadil/TOMBOMBADIL4826
4827	group_9512	/Users/sanchezh/Desktop/tombombadil/TOMBOMBADIL4827
4828	group_9493	/Users/sanchezh/Desktop/tombombadil/TOMBOMBADIL4828
4829	group_9488	/Users/sanchezh/Desktop/tombombadil/TOMBOMBADIL4829
4830	group_9401	/Users/sanchezh/Desktop/tombombadil/TOMBOMBADIL4830
4831	group_9387	/Users/sanchezh/Desktop/tombombadil/TOMBOMBADIL4831
4832	group_9385	/Users/sanchezh/Desktop/tombombadil/TOMBOMBADIL4832
4833	istB	/Users/sanchezh/Desktop/tombombadil/TOMBOMBADIL4833
4834	group_9353	/Users/sanchezh/Desktop/tombombadil/TOMBOMBADIL4834
4835	group_9346	/Users/sanchezh/Desktop/tombombadil/TOMBOMBADIL4835
4836	group_9303	/Users/sanchezh/Desktop/tombombadil/TOMBOMBADIL4836
4837	group_9208	/Users/sanchezh/Desktop/tombombadil/TOMBOMBADIL4837
4838	group_9133	/Users/sanchezh/Desktop/tombombadil/TOMBOMBADIL4838
4839	group_9099	/Users/sanchezh/Desktop/tombombadil/TOMBOMBADIL4839
4840	group_9070	/Users/sanchezh/Desktop/tombombadil/TOMBOMBADIL4840
4841	group_8911	/Users/sanchezh/Desktop/tombombadil/TOMBOMBADIL4841
4842	group_8843	/Users/sanchezh/Desktop/tombombadil/TOMBOMBADIL4842
4843	group_8795	/Users/sanchezh/Desktop/tombombadil/TOMBOMBADIL4843
4844	group_8750	/Users/sanchezh/Desktop/tombombadil/TOMBOMBADIL4844
4845	group_8718	/Users/sanchezh/Desktop/tombombadil/TOMBOMBADIL4845
4846	group_8555	/Users/sanchezh/Desktop/tombombadil/TOMBOMBADIL4846
4847	group_8531	/Users/sanchezh/Desktop/tombombadil/TOMBOMBADIL4847
4848	group_8412	/Users/sanchezh/Desktop/tombombadil/TOMBOMBADIL4848
4849	group_8388	/Users/sanchezh/Desktop/tombombadil/TOMBOMBADIL4849
4850	group_8269	/Users/sanchezh/Desktop/tombombadil/TOMBOMBADIL4850
4851	group_8241	/Users/sanchezh/Desktop/tombombadil/TOMBOMBADIL4851
4852	group_8221	/Users/sanchezh/Desktop/tombombadil/TOMBOMBADIL4852
4853	group_8090	/Users/sanchezh/Desktop/tombombadil/TOMBOMBADIL4853
4854	group_7957	/Users/sanchezh/Desktop/tombombadil/TOMBOMBADIL4854
4855	group_7941	/Users/sanchezh/Desktop/tombombadil/TOMBOMBADIL4855
4856	group_7922	/Users/sanchezh/Desktop/tombombadil/TOMBOMBADIL4856
4857	group_7860	/Users/sanchezh/Desktop/tombombadil/TOMBOMBADIL4857
4858	group_7858	/Users/sanchezh/Desktop/tombombadil/TOMBOMBADIL4858
4859	group_7852	/Users/sanchezh/Desktop/tombombadil/TOMBOMBADIL4859
4860	group_7697	/Users/sanchezh/Desktop/tombombadil/TOMBOMBADIL4860
4861	group_7652	/Users/sanchezh/Desktop/tombombadil/TOMBOMBADIL4861
4862	group_7648	/Users/sanchezh/Desktop/tombombadil/TOMBOMBADIL4862
4863	group_7605	/Users/sanchezh/Desktop/tombombadil/TOMBOMBADIL4863
4864	group_7593	/Users/sanchezh/Desktop/tombombadil/TOMBOMBADIL4864
4865	group_7528	/Users/sanchezh/Desktop/tombombadil/TOMBOMBADIL4865
4866	group_7527	/Users/sanchezh/Desktop/tombombadil/TOMBOMBADIL4866
4867	group_7456	/Users/sanchezh/Desktop/tombombadil/TOMBOMBADIL4867
4868	group_7424	/Users/sanchezh/Desktop/tombombadil/TOMBOMBADIL4868
4869	group_7062	/Users/sanchezh/Desktop/tombombadil/TOMBOMBADIL4869
4870	group_7041	/Users/sanchezh/Desktop/tombombadil/TOMBOMBADIL4870
4871	group_6993	/Users/sanchezh/Desktop/tombombadil/TOMBOMBADIL4871
4872	group_6992	/Users/sanchezh/Desktop/tombombadil/TOMBOMBADIL4872
4873	group_6990	/Users/sanchezh/Desktop/tombombadil/TOMBOMBADIL4873
4874	group_6847	/Users/sanchezh/Desktop/tombombadil/TOMBOMBADIL4874
4875	group_6827	/Users/sanchezh/Desktop/tombombadil/TOMBOMBADIL4875
4876	group_6808	/Users/sanchezh/Desktop/tombombadil/TOMBOMBADIL4876
4877	group_6754	/Users/sanchezh/Desktop/tombombadil/TOMBOMBADIL4877
4878	group_6698	/Users/sanchezh/Desktop/tombombadil/TOMBOMBADIL4878
4879	group_6643	/Users/sanchezh/Desktop/tombombadil/TOMBOMBADIL4879
4880	group_6587	/Users/sanchezh/Desktop/tombombadil/TOMBOMBADIL4880
4881	group_6525	/Users/sanchezh/Desktop/tombombadil/TOMBOMBADIL4881
4882	group_6427	/Users/sanchezh/Desktop/tombombadil/TOMBOMBADIL4882
4883	group_6083	/Users/sanchezh/Desktop/tombombadil/TOMBOMBADIL4883
4884	group_5983	/Users/sanchezh/Desktop/tombombadil/TOMBOMBADIL4884
4885	group_5702	/Users/sanchezh/Desktop/tombombadil/TOMBOMBADIL4885
4886	group_5678	/Users/sanchezh/Desktop/tombombadil/TOMBOMBADIL4886
4887	group_5605	/Users/sanchezh/Desktop/tombombadil/TOMBOMBADIL4887
4888	group_5511	/Users/sanchezh/Desktop/tombombadil/TOMBOMBADIL4888
4889	group_5510	/Users/sanchezh/Desktop/tombombadil/TOMBOMBADIL4889
4890	group_5509	/Users/sanchezh/Desktop/tombombadil/TOMBOMBADIL4890
4891	group_5508	/Users/sanchezh/Desktop/tombombadil/TOMBOMBADIL4891
4892	group_5438	/Users/sanchezh/Desktop/tombombadil/TOMBOMBADIL4892
4893	group_5338	/Users/sanchezh/Desktop/tombombadil/TOMBOMBADIL4893
4894	group_5330	/Users/sanchezh/Desktop/tombombadil/TOMBOMBADIL4894
4895	group_5203	/Users/sanchezh/Desktop/tombombadil/TOMBOMBADIL4895
4896	group_5135	/Users/sanchezh/Desktop/tombombadil/TOMBOMBADIL4896
4897	group_5122	/Users/sanchezh/Desktop/tombombadil/TOMBOMBADIL4897
4898	group_5110	/Users/sanchezh/Desktop/tombombadil/TOMBOMBADIL4898
4899	group_5067	/Users/sanchezh/Desktop/tombombadil/TOMBOMBADIL4899
4900	group_5061	/Users/sanchezh/Desktop/tombombadil/TOMBOMBADIL4900
4901	group_5026	/Users/sanchezh/Desktop/tombombadil/TOMBOMBADIL4901
4902	group_4826	/Users/sanchezh/Desktop/tombombadil/TOMBOMBADIL4902
4903	group_4819	/Users/sanchezh/Desktop/tombombadil/TOMBOMBADIL4903
4904	group_4747	/Users/sanchezh/Desktop/tombombadil/TOMBOMBADIL4904
4905	group_4720	/Users/sanchezh/Desktop/tombombadil/TOMBOMBADIL4905
4906	group_4677	/Users/sanchezh/Desktop/tombombadil/TOMBOMBADIL4906
4907	group_4531	/Users/sanchezh/Desktop/tombombadil/TOMBOMBADIL4907
4908	group_4513	/Users/sanchezh/Desktop/tombombadil/TOMBOMBADIL4908
4909	group_4499	/Users/sanchezh/Desktop/tombombadil/TOMBOMBADIL4909
4910	group_4238	/Users/sanchezh/Desktop/tombombadil/TOMBOMBADIL4910
4911	susE	/Users/sanchezh/Desktop/tombombadil/TOMBOMBADIL4911
4912	group_3813	/Users/sanchezh/Desktop/tombombadil/TOMBOMBADIL4912
4913	group_3685	/Users/sanchezh/Desktop/tombombadil/TOMBOMBADIL4913
4914	group_3584	/Users/sanchezh/Desktop/tombombadil/TOMBOMBADIL4914
4915	group_3535	/Users/sanchezh/Desktop/tombombadil/TOMBOMBADIL4915
4916	group_3482	/Users/sanchezh/Desktop/tombombadil/TOMBOMBADIL4916
4917	group_3410	/Users/sanchezh/Desktop/tombombadil/TOMBOMBADIL4917
4918	darT	/Users/sanchezh/Desktop/tombombadil/TOMBOMBADIL4918
4919	group_3144	/Users/sanchezh/Desktop/tombombadil/TOMBOMBADIL4919
4920	group_3137	/Users/sanchezh/Desktop/tombombadil/TOMBOMBADIL4920
4921	group_3092	/Users/sanchezh/Desktop/tombombadil/TOMBOMBADIL4921
4922	group_2768	/Users/sanchezh/Desktop/tombombadil/TOMBOMBADIL4922
4923	group_2752	/Users/sanchezh/Desktop/tombombadil/TOMBOMBADIL4923
4924	group_2726	/Users/sanchezh/Desktop/tombombadil/TOMBOMBADIL4924
4925	group_2723	/Users/sanchezh/Desktop/tombombadil/TOMBOMBADIL4925
4926	group_2684	/Users/sanchezh/Desktop/tombombadil/TOMBOMBADIL4926
4927	group_2649	/Users/sanchezh/Desktop/tombombadil/TOMBOMBADIL4927
4928	group_2401	/Users/sanchezh/Desktop/tombombadil/TOMBOMBADIL4928
4929	group_2374	/Users/sanchezh/Desktop/tombombadil/TOMBOMBADIL4929
4930	group_2362	/Users/sanchezh/Desktop/tombombadil/TOMBOMBADIL4930
4931	group_2305	/Users/sanchezh/Desktop/tombombadil/TOMBOMBADIL4931
4932	group_2304	/Users/sanchezh/Desktop/tombombadil/TOMBOMBADIL4932
4933	group_2303	/Users/sanchezh/Desktop/tombombadil/TOMBOMBADIL4933
4934	group_2298	/Users/sanchezh/Desktop/tombombadil/TOMBOMBADIL4934
4935	group_2297	/Users/sanchezh/Desktop/tombombadil/TOMBOMBADIL4935
4936	group_2295	/Users/sanchezh/Desktop/tombombadil/TOMBOMBADIL4936
4937	group_2293	/Users/sanchezh/Desktop/tombombadil/TOMBOMBADIL4937
4938	group_2291	/Users/sanchezh/Desktop/tombombadil/TOMBOMBADIL4938
4939	group_2257	/Users/sanchezh/Desktop/tombombadil/TOMBOMBADIL4939
4940	group_2242	/Users/sanchezh/Desktop/tombombadil/TOMBOMBADIL4940
4941	group_2236	/Users/sanchezh/Desktop/tombombadil/TOMBOMBADIL4941
4942	group_2182	/Users/sanchezh/Desktop/tombombadil/TOMBOMBADIL4942
4943	group_2177	/Users/sanchezh/Desktop/tombombadil/TOMBOMBADIL4943
4944	group_2119	/Users/sanchezh/Desktop/tombombadil/TOMBOMBADIL4944
4945	group_2106	/Users/sanchezh/Desktop/tombombadil/TOMBOMBADIL4945
4946	group_2034	/Users/sanchezh/Desktop/tombombadil/TOMBOMBADIL4946
4947	group_2028	/Users/sanchezh/Desktop/tombombadil/TOMBOMBADIL4947
4948	group_2025	/Users/sanchezh/Desktop/tombombadil/TOMBOMBADIL4948
4949	group_2021	/Users/sanchezh/Desktop/tombombadil/TOMBOMBADIL4949
4950	group_1990	/Users/sanchezh/Desktop/tombombadil/TOMBOMBADIL4950
4951	group_1841	/Users/sanchezh/Desktop/tombombadil/TOMBOMBADIL4951
4952	group_1725	/Users/sanchezh/Desktop/tombombadil/TOMBOMBADIL4952
4953	group_1521	/Users/sanchezh/Desktop/tombombadil/TOMBOMBADIL4953
4954	group_1341	/Users/sanchezh/Desktop/tombombadil/TOMBOMBADIL4954
4955	group_1040	/Users/sanchezh/Desktop/tombombadil/TOMBOMBADIL4955
4956	group_1028	/Users/sanchezh/Desktop/tombombadil/TOMBOMBADIL4956
4957	group_1012	/Users/sanchezh/Desktop/tombombadil/TOMBOMBADIL4957
4958	group_940	/Users/sanchezh/Desktop/tombombadil/TOMBOMBADIL4958
4959	group_652	/Users/sanchezh/Desktop/tombombadil/TOMBOMBADIL4959
4960	group_639	/Users/sanchezh/Desktop/tombombadil/TOMBOMBADIL4960
4961	group_630	/Users/sanchezh/Desktop/tombombadil/TOMBOMBADIL4961
4962	group_432	/Users/sanchezh/Desktop/tombombadil/TOMBOMBADIL4962
4963	group_272	/Users/sanchezh/Desktop/tombombadil/TOMBOMBADIL4963
4964	group_16484	/Users/sanchezh/Desktop/tombombadil/TOMBOMBADIL4964
4965	group_16426	/Users/sanchezh/Desktop/tombombadil/TOMBOMBADIL4965
4966	group_16205	/Users/sanchezh/Desktop/tombombadil/TOMBOMBADIL4966
4967	group_15954	/Users/sanchezh/Desktop/tombombadil/TOMBOMBADIL4967
4968	group_15896	/Users/sanchezh/Desktop/tombombadil/TOMBOMBADIL4968
4969	group_15857	/Users/sanchezh/Desktop/tombombadil/TOMBOMBADIL4969
4970	group_15814	/Users/sanchezh/Desktop/tombombadil/TOMBOMBADIL4970
4971	group_15808	/Users/sanchezh/Desktop/tombombadil/TOMBOMBADIL4971
4972	group_15806	/Users/sanchezh/Desktop/tombombadil/TOMBOMBADIL4972
4973	group_15704	/Users/sanchezh/Desktop/tombombadil/TOMBOMBADIL4973
4974	group_15686	/Users/sanchezh/Desktop/tombombadil/TOMBOMBADIL4974
4975	group_15644	/Users/sanchezh/Desktop/tombombadil/TOMBOMBADIL4975
4976	group_15468	/Users/sanchezh/Desktop/tombombadil/TOMBOMBADIL4976
4977	group_15406	/Users/sanchezh/Desktop/tombombadil/TOMBOMBADIL4977
4978	group_15395	/Users/sanchezh/Desktop/tombombadil/TOMBOMBADIL4978
4979	group_15369	/Users/sanchezh/Desktop/tombombadil/TOMBOMBADIL4979
4980	group_15365	/Users/sanchezh/Desktop/tombombadil/TOMBOMBADIL4980
4981	group_15310	/Users/sanchezh/Desktop/tombombadil/TOMBOMBADIL4981
4982	group_15283	/Users/sanchezh/Desktop/tombombadil/TOMBOMBADIL4982
4983	group_15262	/Users/sanchezh/Desktop/tombombadil/TOMBOMBADIL4983
4984	group_15253	/Users/sanchezh/Desktop/tombombadil/TOMBOMBADIL4984
4985	group_15245	/Users/sanchezh/Desktop/tombombadil/TOMBOMBADIL4985
4986	group_15167	/Users/sanchezh/Desktop/tombombadil/TOMBOMBADIL4986
4987	group_15118	/Users/sanchezh/Desktop/tombombadil/TOMBOMBADIL4987
4988	group_15104	/Users/sanchezh/Desktop/tombombadil/TOMBOMBADIL4988
4989	group_15004	/Users/sanchezh/Desktop/tombombadil/TOMBOMBADIL4989
4990	group_14980	/Users/sanchezh/Desktop/tombombadil/TOMBOMBADIL4990
4991	group_14923	/Users/sanchezh/Desktop/tombombadil/TOMBOMBADIL4991
4992	group_14921	/Users/sanchezh/Desktop/tombombadil/TOMBOMBADIL4992
4993	group_14848	/Users/sanchezh/Desktop/tombombadil/TOMBOMBADIL4993
4994	group_14799	/Users/sanchezh/Desktop/tombombadil/TOMBOMBADIL4994
4995	group_14653	/Users/sanchezh/Desktop/tombombadil/TOMBOMBADIL4995
4996	group_14565	/Users/sanchezh/Desktop/tombombadil/TOMBOMBADIL4996
4997	group_14526	/Users/sanchezh/Desktop/tombombadil/TOMBOMBADIL4997
4998	group_14422	/Users/sanchezh/Desktop/tombombadil/TOMBOMBADIL4998
4999	group_14421	/Users/sanchezh/Desktop/tombombadil/TOMBOMBADIL4999
5000	group_14331	/Users/sanchezh/Desktop/tombombadil/TOMBOMBADIL5000
5001	group_14326	/Users/sanchezh/Desktop/tombombadil/TOMBOMBADIL5001
5002	group_14279	/Users/sanchezh/Desktop/tombombadil/TOMBOMBADIL5002
5003	group_14278	/Users/sanchezh/Desktop/tombombadil/TOMBOMBADIL5003
5004	group_14248	/Users/sanchezh/Desktop/tombombadil/TOMBOMBADIL5004
5005	group_14241	/Users/sanchezh/Desktop/tombombadil/TOMBOMBADIL5005
5006	group_14238	/Users/sanchezh/Desktop/tombombadil/TOMBOMBADIL5006
5007	group_14221	/Users/sanchezh/Desktop/tombombadil/TOMBOMBADIL5007
5008	group_14129	/Users/sanchezh/Desktop/tombombadil/TOMBOMBADIL5008
5009	yoeB	/Users/sanchezh/Desktop/tombombadil/TOMBOMBADIL5009
5010	group_14084	/Users/sanchezh/Desktop/tombombadil/TOMBOMBADIL5010
5011	group_13864	/Users/sanchezh/Desktop/tombombadil/TOMBOMBADIL5011
5012	group_13818	/Users/sanchezh/Desktop/tombombadil/TOMBOMBADIL5012
5013	group_13781	/Users/sanchezh/Desktop/tombombadil/TOMBOMBADIL5013
5014	group_13716	/Users/sanchezh/Desktop/tombombadil/TOMBOMBADIL5014
5015	group_13667	/Users/sanchezh/Desktop/tombombadil/TOMBOMBADIL5015
5016	group_13665	/Users/sanchezh/Desktop/tombombadil/TOMBOMBADIL5016
5017	group_13660	/Users/sanchezh/Desktop/tombombadil/TOMBOMBADIL5017
5018	group_13655	/Users/sanchezh/Desktop/tombombadil/TOMBOMBADIL5018
5019	group_13588	/Users/sanchezh/Desktop/tombombadil/TOMBOMBADIL5019
5020	group_13540	/Users/sanchezh/Desktop/tombombadil/TOMBOMBADIL5020
5021	group_13533	/Users/sanchezh/Desktop/tombombadil/TOMBOMBADIL5021
5022	group_13439	/Users/sanchezh/Desktop/tombombadil/TOMBOMBADIL5022
5023	group_13434	/Users/sanchezh/Desktop/tombombadil/TOMBOMBADIL5023
5024	group_13422	/Users/sanchezh/Desktop/tombombadil/TOMBOMBADIL5024
5025	group_13412	/Users/sanchezh/Desktop/tombombadil/TOMBOMBADIL5025
5026	group_13400	/Users/sanchezh/Desktop/tombombadil/TOMBOMBADIL5026
5027	group_13397	/Users/sanchezh/Desktop/tombombadil/TOMBOMBADIL5027
5028	group_13387	/Users/sanchezh/Desktop/tombombadil/TOMBOMBADIL5028
5029	group_13382	/Users/sanchezh/Desktop/tombombadil/TOMBOMBADIL5029
5030	group_13369	/Users/sanchezh/Desktop/tombombadil/TOMBOMBADIL5030
5031	group_13332	/Users/sanchezh/Desktop/tombombadil/TOMBOMBADIL5031
5032	group_13238	/Users/sanchezh/Desktop/tombombadil/TOMBOMBADIL5032
5033	group_13226	/Users/sanchezh/Desktop/tombombadil/TOMBOMBADIL5033
5034	group_13211	/Users/sanchezh/Desktop/tombombadil/TOMBOMBADIL5034
5035	group_13206	/Users/sanchezh/Desktop/tombombadil/TOMBOMBADIL5035
5036	group_13186	/Users/sanchezh/Desktop/tombombadil/TOMBOMBADIL5036
5037	group_13107	/Users/sanchezh/Desktop/tombombadil/TOMBOMBADIL5037
5038	group_13099	/Users/sanchezh/Desktop/tombombadil/TOMBOMBADIL5038
5039	group_13059	/Users/sanchezh/Desktop/tombombadil/TOMBOMBADIL5039
5040	group_13035	/Users/sanchezh/Desktop/tombombadil/TOMBOMBADIL5040
5041	group_13026	/Users/sanchezh/Desktop/tombombadil/TOMBOMBADIL5041
5042	group_13018	/Users/sanchezh/Desktop/tombombadil/TOMBOMBADIL5042
5043	group_13011	/Users/sanchezh/Desktop/tombombadil/TOMBOMBADIL5043
5044	group_12967	/Users/sanchezh/Desktop/tombombadil/TOMBOMBADIL5044
5045	group_12965	/Users/sanchezh/Desktop/tombombadil/TOMBOMBADIL5045
5046	group_12952	/Users/sanchezh/Desktop/tombombadil/TOMBOMBADIL5046
5047	group_12906	/Users/sanchezh/Desktop/tombombadil/TOMBOMBADIL5047
5048	group_12865	/Users/sanchezh/Desktop/tombombadil/TOMBOMBADIL5048
5049	group_12846	/Users/sanchezh/Desktop/tombombadil/TOMBOMBADIL5049
5050	group_12660	/Users/sanchezh/Desktop/tombombadil/TOMBOMBADIL5050
5051	group_12635	/Users/sanchezh/Desktop/tombombadil/TOMBOMBADIL5051
5052	group_12619	/Users/sanchezh/Desktop/tombombadil/TOMBOMBADIL5052
5053	group_12529	/Users/sanchezh/Desktop/tombombadil/TOMBOMBADIL5053
5054	group_12516	/Users/sanchezh/Desktop/tombombadil/TOMBOMBADIL5054
5055	group_12487	/Users/sanchezh/Desktop/tombombadil/TOMBOMBADIL5055
5056	group_12479	/Users/sanchezh/Desktop/tombombadil/TOMBOMBADIL5056
5057	group_12447	/Users/sanchezh/Desktop/tombombadil/TOMBOMBADIL5057
5058	group_12399	/Users/sanchezh/Desktop/tombombadil/TOMBOMBADIL5058
5059	group_12384	/Users/sanchezh/Desktop/tombombadil/TOMBOMBADIL5059
5060	group_12304	/Users/sanchezh/Desktop/tombombadil/TOMBOMBADIL5060
5061	group_12146	/Users/sanchezh/Desktop/tombombadil/TOMBOMBADIL5061
5062	group_12101	/Users/sanchezh/Desktop/tombombadil/TOMBOMBADIL5062
5063	group_12081	/Users/sanchezh/Desktop/tombombadil/TOMBOMBADIL5063
5064	group_12047	/Users/sanchezh/Desktop/tombombadil/TOMBOMBADIL5064
5065	group_11971	/Users/sanchezh/Desktop/tombombadil/TOMBOMBADIL5065
5066	group_11927	/Users/sanchezh/Desktop/tombombadil/TOMBOMBADIL5066
5067	group_11866	/Users/sanchezh/Desktop/tombombadil/TOMBOMBADIL5067
5068	group_11861	/Users/sanchezh/Desktop/tombombadil/TOMBOMBADIL5068
5069	group_11850	/Users/sanchezh/Desktop/tombombadil/TOMBOMBADIL5069
5070	group_11839	/Users/sanchezh/Desktop/tombombadil/TOMBOMBADIL5070
5071	group_11837	/Users/sanchezh/Desktop/tombombadil/TOMBOMBADIL5071
5072	group_11794	/Users/sanchezh/Desktop/tombombadil/TOMBOMBADIL5072
5073	group_11791	/Users/sanchezh/Desktop/tombombadil/TOMBOMBADIL5073
5074	group_11769	/Users/sanchezh/Desktop/tombombadil/TOMBOMBADIL5074
5075	group_11752	/Users/sanchezh/Desktop/tombombadil/TOMBOMBADIL5075
5076	group_11704	/Users/sanchezh/Desktop/tombombadil/TOMBOMBADIL5076
5077	group_11678	/Users/sanchezh/Desktop/tombombadil/TOMBOMBADIL5077
5078	group_11662	/Users/sanchezh/Desktop/tombombadil/TOMBOMBADIL5078
5079	group_11635	/Users/sanchezh/Desktop/tombombadil/TOMBOMBADIL5079
5080	group_11634	/Users/sanchezh/Desktop/tombombadil/TOMBOMBADIL5080
5081	group_11573	/Users/sanchezh/Desktop/tombombadil/TOMBOMBADIL5081
5082	group_11535	/Users/sanchezh/Desktop/tombombadil/TOMBOMBADIL5082
5083	group_11513	/Users/sanchezh/Desktop/tombombadil/TOMBOMBADIL5083
5084	group_11496	/Users/sanchezh/Desktop/tombombadil/TOMBOMBADIL5084
5085	group_11486	/Users/sanchezh/Desktop/tombombadil/TOMBOMBADIL5085
5086	group_11463	/Users/sanchezh/Desktop/tombombadil/TOMBOMBADIL5086
5087	group_11415	/Users/sanchezh/Desktop/tombombadil/TOMBOMBADIL5087
5088	group_11384	/Users/sanchezh/Desktop/tombombadil/TOMBOMBADIL5088
5089	group_11344	/Users/sanchezh/Desktop/tombombadil/TOMBOMBADIL5089
5090	group_11321	/Users/sanchezh/Desktop/tombombadil/TOMBOMBADIL5090
5091	group_11185	/Users/sanchezh/Desktop/tombombadil/TOMBOMBADIL5091
5092	group_11177	/Users/sanchezh/Desktop/tombombadil/TOMBOMBADIL5092
5093	group_11055	/Users/sanchezh/Desktop/tombombadil/TOMBOMBADIL5093
5094	group_11029	/Users/sanchezh/Desktop/tombombadil/TOMBOMBADIL5094
5095	group_11024	/Users/sanchezh/Desktop/tombombadil/TOMBOMBADIL5095
5096	group_11006	/Users/sanchezh/Desktop/tombombadil/TOMBOMBADIL5096
5097	group_10998	/Users/sanchezh/Desktop/tombombadil/TOMBOMBADIL5097
5098	group_10997	/Users/sanchezh/Desktop/tombombadil/TOMBOMBADIL5098
5099	group_10986	/Users/sanchezh/Desktop/tombombadil/TOMBOMBADIL5099
5100	group_10984	/Users/sanchezh/Desktop/tombombadil/TOMBOMBADIL5100
5101	group_10983	/Users/sanchezh/Desktop/tombombadil/TOMBOMBADIL5101
5102	group_10981	/Users/sanchezh/Desktop/tombombadil/TOMBOMBADIL5102
5103	group_10978	/Users/sanchezh/Desktop/tombombadil/TOMBOMBADIL5103
5104	group_10971	/Users/sanchezh/Desktop/tombombadil/TOMBOMBADIL5104
5105	group_10970	/Users/sanchezh/Desktop/tombombadil/TOMBOMBADIL5105
5106	group_10969	/Users/sanchezh/Desktop/tombombadil/TOMBOMBADIL5106
5107	group_10968	/Users/sanchezh/Desktop/tombombadil/TOMBOMBADIL5107
5108	group_10960	/Users/sanchezh/Desktop/tombombadil/TOMBOMBADIL5108
5109	group_10940	/Users/sanchezh/Desktop/tombombadil/TOMBOMBADIL5109
5110	group_10936	/Users/sanchezh/Desktop/tombombadil/TOMBOMBADIL5110
5111	group_10918	/Users/sanchezh/Desktop/tombombadil/TOMBOMBADIL5111
5112	group_10917	/Users/sanchezh/Desktop/tombombadil/TOMBOMBADIL5112
5113	group_10909	/Users/sanchezh/Desktop/tombombadil/TOMBOMBADIL5113
5114	group_10880	/Users/sanchezh/Desktop/tombombadil/TOMBOMBADIL5114
5115	group_10879	/Users/sanchezh/Desktop/tombombadil/TOMBOMBADIL5115
5116	group_10878	/Users/sanchezh/Desktop/tombombadil/TOMBOMBADIL5116
5117	group_10857	/Users/sanchezh/Desktop/tombombadil/TOMBOMBADIL5117
5118	group_10856	/Users/sanchezh/Desktop/tombombadil/TOMBOMBADIL5118
5119	group_10826	/Users/sanchezh/Desktop/tombombadil/TOMBOMBADIL5119
5120	group_10825	/Users/sanchezh/Desktop/tombombadil/TOMBOMBADIL5120
5121	group_10822	/Users/sanchezh/Desktop/tombombadil/TOMBOMBADIL5121
5122	group_10816	/Users/sanchezh/Desktop/tombombadil/TOMBOMBADIL5122
5123	group_10804	/Users/sanchezh/Desktop/tombombadil/TOMBOMBADIL5123
5124	group_10771	/Users/sanchezh/Desktop/tombombadil/TOMBOMBADIL5124
5125	group_10763	/Users/sanchezh/Desktop/tombombadil/TOMBOMBADIL5125
5126	group_10747	/Users/sanchezh/Desktop/tombombadil/TOMBOMBADIL5126
5127	group_10695	/Users/sanchezh/Desktop/tombombadil/TOMBOMBADIL5127
5128	group_10694	/Users/sanchezh/Desktop/tombombadil/TOMBOMBADIL5128
5129	group_10680	/Users/sanchezh/Desktop/tombombadil/TOMBOMBADIL5129
5130	group_10661	/Users/sanchezh/Desktop/tombombadil/TOMBOMBADIL5130
5131	group_10642	/Users/sanchezh/Desktop/tombombadil/TOMBOMBADIL5131
5132	group_10639	/Users/sanchezh/Desktop/tombombadil/TOMBOMBADIL5132
5133	group_10632	/Users/sanchezh/Desktop/tombombadil/TOMBOMBADIL5133
5134	group_10627	/Users/sanchezh/Desktop/tombombadil/TOMBOMBADIL5134
5135	group_10610	/Users/sanchezh/Desktop/tombombadil/TOMBOMBADIL5135
5136	group_10579	/Users/sanchezh/Desktop/tombombadil/TOMBOMBADIL5136
5137	group_10578	/Users/sanchezh/Desktop/tombombadil/TOMBOMBADIL5137
5138	group_10577	/Users/sanchezh/Desktop/tombombadil/TOMBOMBADIL5138
5139	group_10573	/Users/sanchezh/Desktop/tombombadil/TOMBOMBADIL5139
5140	group_10535	/Users/sanchezh/Desktop/tombombadil/TOMBOMBADIL5140
5141	group_10516	/Users/sanchezh/Desktop/tombombadil/TOMBOMBADIL5141
5142	group_10515	/Users/sanchezh/Desktop/tombombadil/TOMBOMBADIL5142
5143	group_10494	/Users/sanchezh/Desktop/tombombadil/TOMBOMBADIL5143
5144	group_10493	/Users/sanchezh/Desktop/tombombadil/TOMBOMBADIL5144
5145	group_10490	/Users/sanchezh/Desktop/tombombadil/TOMBOMBADIL5145
5146	group_10486	/Users/sanchezh/Desktop/tombombadil/TOMBOMBADIL5146
5147	group_10474	/Users/sanchezh/Desktop/tombombadil/TOMBOMBADIL5147
5148	group_10472	/Users/sanchezh/Desktop/tombombadil/TOMBOMBADIL5148
5149	group_10446	/Users/sanchezh/Desktop/tombombadil/TOMBOMBADIL5149
5150	group_10445	/Users/sanchezh/Desktop/tombombadil/TOMBOMBADIL5150
5151	group_10444	/Users/sanchezh/Desktop/tombombadil/TOMBOMBADIL5151
5152	group_10439	/Users/sanchezh/Desktop/tombombadil/TOMBOMBADIL5152
5153	group_10432	/Users/sanchezh/Desktop/tombombadil/TOMBOMBADIL5153
5154	group_10431	/Users/sanchezh/Desktop/tombombadil/TOMBOMBADIL5154
5155	group_10402	/Users/sanchezh/Desktop/tombombadil/TOMBOMBADIL5155
5156	arsD	/Users/sanchezh/Desktop/tombombadil/TOMBOMBADIL5156
5157	group_10399	/Users/sanchezh/Desktop/tombombadil/TOMBOMBADIL5157
5158	group_10398	/Users/sanchezh/Desktop/tombombadil/TOMBOMBADIL5158
5159	group_10340	/Users/sanchezh/Desktop/tombombadil/TOMBOMBADIL5159
5160	group_10330	/Users/sanchezh/Desktop/tombombadil/TOMBOMBADIL5160
5161	group_10329	/Users/sanchezh/Desktop/tombombadil/TOMBOMBADIL5161
5162	group_10266	/Users/sanchezh/Desktop/tombombadil/TOMBOMBADIL5162
5163	group_10265	/Users/sanchezh/Desktop/tombombadil/TOMBOMBADIL5163
5164	group_10263	/Users/sanchezh/Desktop/tombombadil/TOMBOMBADIL5164
5165	group_10258	/Users/sanchezh/Desktop/tombombadil/TOMBOMBADIL5165
5166	group_10240	/Users/sanchezh/Desktop/tombombadil/TOMBOMBADIL5166
5167	group_10237	/Users/sanchezh/Desktop/tombombadil/TOMBOMBADIL5167
5168	group_10230	/Users/sanchezh/Desktop/tombombadil/TOMBOMBADIL5168
5169	group_10220	/Users/sanchezh/Desktop/tombombadil/TOMBOMBADIL5169
5170	group_10212	/Users/sanchezh/Desktop/tombombadil/TOMBOMBADIL5170
5171	group_10211	/Users/sanchezh/Desktop/tombombadil/TOMBOMBADIL5171
5172	group_10193	/Users/sanchezh/Desktop/tombombadil/TOMBOMBADIL5172
5173	group_10185	/Users/sanchezh/Desktop/tombombadil/TOMBOMBADIL5173
5174	group_10137	/Users/sanchezh/Desktop/tombombadil/TOMBOMBADIL5174
5175	group_10077	/Users/sanchezh/Desktop/tombombadil/TOMBOMBADIL5175
5176	group_10073	/Users/sanchezh/Desktop/tombombadil/TOMBOMBADIL5176
5177	group_10064	/Users/sanchezh/Desktop/tombombadil/TOMBOMBADIL5177
5178	group_10062	/Users/sanchezh/Desktop/tombombadil/TOMBOMBADIL5178
5179	group_10038	/Users/sanchezh/Desktop/tombombadil/TOMBOMBADIL5179
5180	group_10027	/Users/sanchezh/Desktop/tombombadil/TOMBOMBADIL5180
5181	group_10018	/Users/sanchezh/Desktop/tombombadil/TOMBOMBADIL5181
5182	group_10009	/Users/sanchezh/Desktop/tombombadil/TOMBOMBADIL5182
5183	group_9999	/Users/sanchezh/Desktop/tombombadil/TOMBOMBADIL5183
5184	group_9986	/Users/sanchezh/Desktop/tombombadil/TOMBOMBADIL5184
5185	group_9968	/Users/sanchezh/Desktop/tombombadil/TOMBOMBADIL5185
5186	group_9880	/Users/sanchezh/Desktop/tombombadil/TOMBOMBADIL5186
5187	group_9879	/Users/sanchezh/Desktop/tombombadil/TOMBOMBADIL5187
5188	group_9867	/Users/sanchezh/Desktop/tombombadil/TOMBOMBADIL5188
5189	group_9851	/Users/sanchezh/Desktop/tombombadil/TOMBOMBADIL5189
5190	group_9849	/Users/sanchezh/Desktop/tombombadil/TOMBOMBADIL5190
5191	group_9828	/Users/sanchezh/Desktop/tombombadil/TOMBOMBADIL5191
5192	group_9827	/Users/sanchezh/Desktop/tombombadil/TOMBOMBADIL5192
5193	group_9803	/Users/sanchezh/Desktop/tombombadil/TOMBOMBADIL5193
5194	group_9802	/Users/sanchezh/Desktop/tombombadil/TOMBOMBADIL5194
5195	group_9797	/Users/sanchezh/Desktop/tombombadil/TOMBOMBADIL5195
5196	group_9796	/Users/sanchezh/Desktop/tombombadil/TOMBOMBADIL5196
5197	group_9767	/Users/sanchezh/Desktop/tombombadil/TOMBOMBADIL5197
5198	group_9766	/Users/sanchezh/Desktop/tombombadil/TOMBOMBADIL5198
5199	group_9730	/Users/sanchezh/Desktop/tombombadil/TOMBOMBADIL5199
5200	group_9729	/Users/sanchezh/Desktop/tombombadil/TOMBOMBADIL5200
5201	group_9722	/Users/sanchezh/Desktop/tombombadil/TOMBOMBADIL5201
5202	group_9706	/Users/sanchezh/Desktop/tombombadil/TOMBOMBADIL5202
5203	group_9678	/Users/sanchezh/Desktop/tombombadil/TOMBOMBADIL5203
5204	group_9610	/Users/sanchezh/Desktop/tombombadil/TOMBOMBADIL5204
5205	group_9606	/Users/sanchezh/Desktop/tombombadil/TOMBOMBADIL5205
5206	group_9604	/Users/sanchezh/Desktop/tombombadil/TOMBOMBADIL5206
5207	group_9589	/Users/sanchezh/Desktop/tombombadil/TOMBOMBADIL5207
5208	group_9570	/Users/sanchezh/Desktop/tombombadil/TOMBOMBADIL5208
5209	group_9540	/Users/sanchezh/Desktop/tombombadil/TOMBOMBADIL5209
5210	group_9502	/Users/sanchezh/Desktop/tombombadil/TOMBOMBADIL5210
5211	group_9497	/Users/sanchezh/Desktop/tombombadil/TOMBOMBADIL5211
5212	group_9487	/Users/sanchezh/Desktop/tombombadil/TOMBOMBADIL5212
5213	group_9486	/Users/sanchezh/Desktop/tombombadil/TOMBOMBADIL5213
5214	group_9472	/Users/sanchezh/Desktop/tombombadil/TOMBOMBADIL5214
5215	group_9467	/Users/sanchezh/Desktop/tombombadil/TOMBOMBADIL5215
5216	group_9415	/Users/sanchezh/Desktop/tombombadil/TOMBOMBADIL5216
5217	group_9381	/Users/sanchezh/Desktop/tombombadil/TOMBOMBADIL5217
5218	group_9362	/Users/sanchezh/Desktop/tombombadil/TOMBOMBADIL5218
5219	group_9321	/Users/sanchezh/Desktop/tombombadil/TOMBOMBADIL5219
5220	group_9320	/Users/sanchezh/Desktop/tombombadil/TOMBOMBADIL5220
5221	group_9305	/Users/sanchezh/Desktop/tombombadil/TOMBOMBADIL5221
5222	group_9263	/Users/sanchezh/Desktop/tombombadil/TOMBOMBADIL5222
5223	group_9252	/Users/sanchezh/Desktop/tombombadil/TOMBOMBADIL5223
5224	group_9241	/Users/sanchezh/Desktop/tombombadil/TOMBOMBADIL5224
5225	group_9240	/Users/sanchezh/Desktop/tombombadil/TOMBOMBADIL5225
5226	group_9224	/Users/sanchezh/Desktop/tombombadil/TOMBOMBADIL5226
5227	group_9204	/Users/sanchezh/Desktop/tombombadil/TOMBOMBADIL5227
5228	group_9195	/Users/sanchezh/Desktop/tombombadil/TOMBOMBADIL5228
5229	group_9179	/Users/sanchezh/Desktop/tombombadil/TOMBOMBADIL5229
5230	group_9167	/Users/sanchezh/Desktop/tombombadil/TOMBOMBADIL5230
5231	group_9041	/Users/sanchezh/Desktop/tombombadil/TOMBOMBADIL5231
5232	group_9013	/Users/sanchezh/Desktop/tombombadil/TOMBOMBADIL5232
5233	group_9007	/Users/sanchezh/Desktop/tombombadil/TOMBOMBADIL5233
5234	group_8988	/Users/sanchezh/Desktop/tombombadil/TOMBOMBADIL5234
5235	group_8951	/Users/sanchezh/Desktop/tombombadil/TOMBOMBADIL5235
5236	group_8935	/Users/sanchezh/Desktop/tombombadil/TOMBOMBADIL5236
5237	group_8858	/Users/sanchezh/Desktop/tombombadil/TOMBOMBADIL5237
5238	group_8812	/Users/sanchezh/Desktop/tombombadil/TOMBOMBADIL5238
5239	group_8811	/Users/sanchezh/Desktop/tombombadil/TOMBOMBADIL5239
5240	group_8780	/Users/sanchezh/Desktop/tombombadil/TOMBOMBADIL5240
5241	group_8720	/Users/sanchezh/Desktop/tombombadil/TOMBOMBADIL5241
5242	group_8716	/Users/sanchezh/Desktop/tombombadil/TOMBOMBADIL5242
5243	group_8680	/Users/sanchezh/Desktop/tombombadil/TOMBOMBADIL5243
5244	group_8678	/Users/sanchezh/Desktop/tombombadil/TOMBOMBADIL5244
5245	group_8590	/Users/sanchezh/Desktop/tombombadil/TOMBOMBADIL5245
5246	group_8589	/Users/sanchezh/Desktop/tombombadil/TOMBOMBADIL5246
5247	group_8571	/Users/sanchezh/Desktop/tombombadil/TOMBOMBADIL5247
5248	group_8508	/Users/sanchezh/Desktop/tombombadil/TOMBOMBADIL5248
5249	group_8502	/Users/sanchezh/Desktop/tombombadil/TOMBOMBADIL5249
5250	group_8489	/Users/sanchezh/Desktop/tombombadil/TOMBOMBADIL5250
5251	group_8431	/Users/sanchezh/Desktop/tombombadil/TOMBOMBADIL5251
5252	group_8411	/Users/sanchezh/Desktop/tombombadil/TOMBOMBADIL5252
5253	group_8373	/Users/sanchezh/Desktop/tombombadil/TOMBOMBADIL5253
5254	group_8303	/Users/sanchezh/Desktop/tombombadil/TOMBOMBADIL5254
5255	group_8259	/Users/sanchezh/Desktop/tombombadil/TOMBOMBADIL5255
5256	group_8139	/Users/sanchezh/Desktop/tombombadil/TOMBOMBADIL5256
5257	group_8091	/Users/sanchezh/Desktop/tombombadil/TOMBOMBADIL5257
5258	group_8039	/Users/sanchezh/Desktop/tombombadil/TOMBOMBADIL5258
5259	group_7932	/Users/sanchezh/Desktop/tombombadil/TOMBOMBADIL5259
5260	group_7931	/Users/sanchezh/Desktop/tombombadil/TOMBOMBADIL5260
5261	group_7930	/Users/sanchezh/Desktop/tombombadil/TOMBOMBADIL5261
5262	group_7923	/Users/sanchezh/Desktop/tombombadil/TOMBOMBADIL5262
5263	group_7919	/Users/sanchezh/Desktop/tombombadil/TOMBOMBADIL5263
5264	group_7918	/Users/sanchezh/Desktop/tombombadil/TOMBOMBADIL5264
5265	group_7901	/Users/sanchezh/Desktop/tombombadil/TOMBOMBADIL5265
5266	group_7879	/Users/sanchezh/Desktop/tombombadil/TOMBOMBADIL5266
5267	group_7877	/Users/sanchezh/Desktop/tombombadil/TOMBOMBADIL5267
5268	group_7876	/Users/sanchezh/Desktop/tombombadil/TOMBOMBADIL5268
5269	group_7874	/Users/sanchezh/Desktop/tombombadil/TOMBOMBADIL5269
5270	group_7873	/Users/sanchezh/Desktop/tombombadil/TOMBOMBADIL5270
5271	group_7871	/Users/sanchezh/Desktop/tombombadil/TOMBOMBADIL5271
5272	group_7870	/Users/sanchezh/Desktop/tombombadil/TOMBOMBADIL5272
5273	group_7869	/Users/sanchezh/Desktop/tombombadil/TOMBOMBADIL5273
5274	group_7841	/Users/sanchezh/Desktop/tombombadil/TOMBOMBADIL5274
5275	group_7643	/Users/sanchezh/Desktop/tombombadil/TOMBOMBADIL5275
5276	group_7637	/Users/sanchezh/Desktop/tombombadil/TOMBOMBADIL5276
5277	group_7582	/Users/sanchezh/Desktop/tombombadil/TOMBOMBADIL5277
5278	group_7572	/Users/sanchezh/Desktop/tombombadil/TOMBOMBADIL5278
5279	group_7560	/Users/sanchezh/Desktop/tombombadil/TOMBOMBADIL5279
5280	group_7558	/Users/sanchezh/Desktop/tombombadil/TOMBOMBADIL5280
5281	group_7555	/Users/sanchezh/Desktop/tombombadil/TOMBOMBADIL5281
5282	group_7494	/Users/sanchezh/Desktop/tombombadil/TOMBOMBADIL5282
5283	group_7459	/Users/sanchezh/Desktop/tombombadil/TOMBOMBADIL5283
5284	group_7387	/Users/sanchezh/Desktop/tombombadil/TOMBOMBADIL5284
5285	group_7346	/Users/sanchezh/Desktop/tombombadil/TOMBOMBADIL5285
5286	group_7338	/Users/sanchezh/Desktop/tombombadil/TOMBOMBADIL5286
5287	group_7307	/Users/sanchezh/Desktop/tombombadil/TOMBOMBADIL5287
5288	group_7295	/Users/sanchezh/Desktop/tombombadil/TOMBOMBADIL5288
5289	group_7268	/Users/sanchezh/Desktop/tombombadil/TOMBOMBADIL5289
5290	group_7244	/Users/sanchezh/Desktop/tombombadil/TOMBOMBADIL5290
5291	group_7224	/Users/sanchezh/Desktop/tombombadil/TOMBOMBADIL5291
5292	group_7199	/Users/sanchezh/Desktop/tombombadil/TOMBOMBADIL5292
5293	group_7140	/Users/sanchezh/Desktop/tombombadil/TOMBOMBADIL5293
5294	adaA	/Users/sanchezh/Desktop/tombombadil/TOMBOMBADIL5294
5295	group_7090	/Users/sanchezh/Desktop/tombombadil/TOMBOMBADIL5295
5296	group_7028	/Users/sanchezh/Desktop/tombombadil/TOMBOMBADIL5296
5297	group_7009	/Users/sanchezh/Desktop/tombombadil/TOMBOMBADIL5297
5298	group_7005	/Users/sanchezh/Desktop/tombombadil/TOMBOMBADIL5298
5299	group_6924	/Users/sanchezh/Desktop/tombombadil/TOMBOMBADIL5299
5300	group_6883	/Users/sanchezh/Desktop/tombombadil/TOMBOMBADIL5300
5301	group_6730	/Users/sanchezh/Desktop/tombombadil/TOMBOMBADIL5301
5302	group_6716	/Users/sanchezh/Desktop/tombombadil/TOMBOMBADIL5302
5303	group_6711	/Users/sanchezh/Desktop/tombombadil/TOMBOMBADIL5303
5304	group_6676	/Users/sanchezh/Desktop/tombombadil/TOMBOMBADIL5304
5305	group_6650	/Users/sanchezh/Desktop/tombombadil/TOMBOMBADIL5305
5306	group_6619	/Users/sanchezh/Desktop/tombombadil/TOMBOMBADIL5306
5307	group_6606	/Users/sanchezh/Desktop/tombombadil/TOMBOMBADIL5307
5308	group_6590	/Users/sanchezh/Desktop/tombombadil/TOMBOMBADIL5308
5309	group_6589	/Users/sanchezh/Desktop/tombombadil/TOMBOMBADIL5309
5310	group_6566	/Users/sanchezh/Desktop/tombombadil/TOMBOMBADIL5310
5311	group_6510	/Users/sanchezh/Desktop/tombombadil/TOMBOMBADIL5311
5312	group_6456	/Users/sanchezh/Desktop/tombombadil/TOMBOMBADIL5312
5313	group_6384	/Users/sanchezh/Desktop/tombombadil/TOMBOMBADIL5313
5314	group_6365	/Users/sanchezh/Desktop/tombombadil/TOMBOMBADIL5314
5315	group_6360	/Users/sanchezh/Desktop/tombombadil/TOMBOMBADIL5315
5316	group_6285	/Users/sanchezh/Desktop/tombombadil/TOMBOMBADIL5316
5317	group_6265	/Users/sanchezh/Desktop/tombombadil/TOMBOMBADIL5317
5318	group_6252	/Users/sanchezh/Desktop/tombombadil/TOMBOMBADIL5318
5319	group_6183	/Users/sanchezh/Desktop/tombombadil/TOMBOMBADIL5319
5320	group_6122	/Users/sanchezh/Desktop/tombombadil/TOMBOMBADIL5320
5321	group_6109	/Users/sanchezh/Desktop/tombombadil/TOMBOMBADIL5321
5322	group_6106	/Users/sanchezh/Desktop/tombombadil/TOMBOMBADIL5322
5323	pchR	/Users/sanchezh/Desktop/tombombadil/TOMBOMBADIL5323
5324	group_5985	/Users/sanchezh/Desktop/tombombadil/TOMBOMBADIL5324
5325	group_5954	/Users/sanchezh/Desktop/tombombadil/TOMBOMBADIL5325
5326	group_5953	/Users/sanchezh/Desktop/tombombadil/TOMBOMBADIL5326
5327	group_5929	/Users/sanchezh/Desktop/tombombadil/TOMBOMBADIL5327
5328	group_5815	/Users/sanchezh/Desktop/tombombadil/TOMBOMBADIL5328
5329	group_5810	/Users/sanchezh/Desktop/tombombadil/TOMBOMBADIL5329
5330	group_5756	/Users/sanchezh/Desktop/tombombadil/TOMBOMBADIL5330
5331	group_5730	/Users/sanchezh/Desktop/tombombadil/TOMBOMBADIL5331
5332	group_5718	/Users/sanchezh/Desktop/tombombadil/TOMBOMBADIL5332
5333	group_5707	/Users/sanchezh/Desktop/tombombadil/TOMBOMBADIL5333
5334	group_5695	/Users/sanchezh/Desktop/tombombadil/TOMBOMBADIL5334
5335	group_5681	/Users/sanchezh/Desktop/tombombadil/TOMBOMBADIL5335
5336	group_5679	/Users/sanchezh/Desktop/tombombadil/TOMBOMBADIL5336
5337	group_5658	/Users/sanchezh/Desktop/tombombadil/TOMBOMBADIL5337
5338	group_5633	/Users/sanchezh/Desktop/tombombadil/TOMBOMBADIL5338
5339	group_5611	/Users/sanchezh/Desktop/tombombadil/TOMBOMBADIL5339
5340	group_5471	/Users/sanchezh/Desktop/tombombadil/TOMBOMBADIL5340
5341	group_5468	/Users/sanchezh/Desktop/tombombadil/TOMBOMBADIL5341
5342	group_5453	/Users/sanchezh/Desktop/tombombadil/TOMBOMBADIL5342
5343	group_5446	/Users/sanchezh/Desktop/tombombadil/TOMBOMBADIL5343
5344	group_5432	/Users/sanchezh/Desktop/tombombadil/TOMBOMBADIL5344
5345	group_5413	/Users/sanchezh/Desktop/tombombadil/TOMBOMBADIL5345
5346	group_5375	/Users/sanchezh/Desktop/tombombadil/TOMBOMBADIL5346
5347	group_5369	/Users/sanchezh/Desktop/tombombadil/TOMBOMBADIL5347
5348	group_5339	/Users/sanchezh/Desktop/tombombadil/TOMBOMBADIL5348
5349	group_5308	/Users/sanchezh/Desktop/tombombadil/TOMBOMBADIL5349
5350	group_5302	/Users/sanchezh/Desktop/tombombadil/TOMBOMBADIL5350
5351	group_5236	/Users/sanchezh/Desktop/tombombadil/TOMBOMBADIL5351
5352	group_5232	/Users/sanchezh/Desktop/tombombadil/TOMBOMBADIL5352
5353	group_5207	/Users/sanchezh/Desktop/tombombadil/TOMBOMBADIL5353
5354	group_5204	/Users/sanchezh/Desktop/tombombadil/TOMBOMBADIL5354
5355	group_5185	/Users/sanchezh/Desktop/tombombadil/TOMBOMBADIL5355
5356	group_5174	/Users/sanchezh/Desktop/tombombadil/TOMBOMBADIL5356
5357	group_5103	/Users/sanchezh/Desktop/tombombadil/TOMBOMBADIL5357
5358	group_5100	/Users/sanchezh/Desktop/tombombadil/TOMBOMBADIL5358
5359	group_5098	/Users/sanchezh/Desktop/tombombadil/TOMBOMBADIL5359
5360	group_5097	/Users/sanchezh/Desktop/tombombadil/TOMBOMBADIL5360
5361	group_5016	/Users/sanchezh/Desktop/tombombadil/TOMBOMBADIL5361
5362	group_4999	/Users/sanchezh/Desktop/tombombadil/TOMBOMBADIL5362
5363	group_4975	/Users/sanchezh/Desktop/tombombadil/TOMBOMBADIL5363
5364	group_4968	/Users/sanchezh/Desktop/tombombadil/TOMBOMBADIL5364
5365	group_4937	/Users/sanchezh/Desktop/tombombadil/TOMBOMBADIL5365
5366	group_4924	/Users/sanchezh/Desktop/tombombadil/TOMBOMBADIL5366
5367	group_4921	/Users/sanchezh/Desktop/tombombadil/TOMBOMBADIL5367
5368	group_4917	/Users/sanchezh/Desktop/tombombadil/TOMBOMBADIL5368
5369	group_4894	/Users/sanchezh/Desktop/tombombadil/TOMBOMBADIL5369
5370	group_4820	/Users/sanchezh/Desktop/tombombadil/TOMBOMBADIL5370
5371	group_4808	/Users/sanchezh/Desktop/tombombadil/TOMBOMBADIL5371
5372	group_4787	/Users/sanchezh/Desktop/tombombadil/TOMBOMBADIL5372
5373	group_4710	/Users/sanchezh/Desktop/tombombadil/TOMBOMBADIL5373
5374	group_4698	/Users/sanchezh/Desktop/tombombadil/TOMBOMBADIL5374
5375	group_4696	/Users/sanchezh/Desktop/tombombadil/TOMBOMBADIL5375
5376	group_4689	/Users/sanchezh/Desktop/tombombadil/TOMBOMBADIL5376
5377	group_4678	/Users/sanchezh/Desktop/tombombadil/TOMBOMBADIL5377
5378	group_4668	/Users/sanchezh/Desktop/tombombadil/TOMBOMBADIL5378
5379	group_4593	/Users/sanchezh/Desktop/tombombadil/TOMBOMBADIL5379
5380	group_4588	/Users/sanchezh/Desktop/tombombadil/TOMBOMBADIL5380
5381	group_4571	/Users/sanchezh/Desktop/tombombadil/TOMBOMBADIL5381
5382	group_4568	/Users/sanchezh/Desktop/tombombadil/TOMBOMBADIL5382
5383	group_4565	/Users/sanchezh/Desktop/tombombadil/TOMBOMBADIL5383
5384	group_4549	/Users/sanchezh/Desktop/tombombadil/TOMBOMBADIL5384
5385	group_4492	/Users/sanchezh/Desktop/tombombadil/TOMBOMBADIL5385
5386	group_4483	/Users/sanchezh/Desktop/tombombadil/TOMBOMBADIL5386
5387	group_4460	/Users/sanchezh/Desktop/tombombadil/TOMBOMBADIL5387
5388	group_4380	/Users/sanchezh/Desktop/tombombadil/TOMBOMBADIL5388
5389	group_4379	/Users/sanchezh/Desktop/tombombadil/TOMBOMBADIL5389
5390	group_4378	/Users/sanchezh/Desktop/tombombadil/TOMBOMBADIL5390
5391	group_4361	/Users/sanchezh/Desktop/tombombadil/TOMBOMBADIL5391
5392	group_4355	/Users/sanchezh/Desktop/tombombadil/TOMBOMBADIL5392
5393	group_4304	/Users/sanchezh/Desktop/tombombadil/TOMBOMBADIL5393
5394	group_4303	/Users/sanchezh/Desktop/tombombadil/TOMBOMBADIL5394
5395	group_4285	/Users/sanchezh/Desktop/tombombadil/TOMBOMBADIL5395
5396	group_4152	/Users/sanchezh/Desktop/tombombadil/TOMBOMBADIL5396
5397	group_4106	/Users/sanchezh/Desktop/tombombadil/TOMBOMBADIL5397
5398	group_4076	/Users/sanchezh/Desktop/tombombadil/TOMBOMBADIL5398
5399	susG	/Users/sanchezh/Desktop/tombombadil/TOMBOMBADIL5399
5400	group_4033	/Users/sanchezh/Desktop/tombombadil/TOMBOMBADIL5400
5401	group_4028	/Users/sanchezh/Desktop/tombombadil/TOMBOMBADIL5401
5402	group_4001	/Users/sanchezh/Desktop/tombombadil/TOMBOMBADIL5402
5403	group_3946	/Users/sanchezh/Desktop/tombombadil/TOMBOMBADIL5403
5404	group_3921	/Users/sanchezh/Desktop/tombombadil/TOMBOMBADIL5404
5405	group_3918	/Users/sanchezh/Desktop/tombombadil/TOMBOMBADIL5405
5406	group_3905	/Users/sanchezh/Desktop/tombombadil/TOMBOMBADIL5406
5407	group_3871	/Users/sanchezh/Desktop/tombombadil/TOMBOMBADIL5407
5408	group_3792	/Users/sanchezh/Desktop/tombombadil/TOMBOMBADIL5408
5409	group_3754	/Users/sanchezh/Desktop/tombombadil/TOMBOMBADIL5409
5410	group_3740	/Users/sanchezh/Desktop/tombombadil/TOMBOMBADIL5410
5411	group_3713	/Users/sanchezh/Desktop/tombombadil/TOMBOMBADIL5411
5412	group_3669	/Users/sanchezh/Desktop/tombombadil/TOMBOMBADIL5412
5413	group_3524	/Users/sanchezh/Desktop/tombombadil/TOMBOMBADIL5413
5414	group_3485	/Users/sanchezh/Desktop/tombombadil/TOMBOMBADIL5414
5415	group_3391	/Users/sanchezh/Desktop/tombombadil/TOMBOMBADIL5415
5416	group_3370	/Users/sanchezh/Desktop/tombombadil/TOMBOMBADIL5416
5417	group_3352	/Users/sanchezh/Desktop/tombombadil/TOMBOMBADIL5417
5418	group_3346	/Users/sanchezh/Desktop/tombombadil/TOMBOMBADIL5418
5419	group_3335	/Users/sanchezh/Desktop/tombombadil/TOMBOMBADIL5419
5420	group_3325	/Users/sanchezh/Desktop/tombombadil/TOMBOMBADIL5420
5421	group_3265	/Users/sanchezh/Desktop/tombombadil/TOMBOMBADIL5421
5422	group_3190	/Users/sanchezh/Desktop/tombombadil/TOMBOMBADIL5422
5423	group_3178	/Users/sanchezh/Desktop/tombombadil/TOMBOMBADIL5423
5424	group_3008	/Users/sanchezh/Desktop/tombombadil/TOMBOMBADIL5424
5425	group_2996	/Users/sanchezh/Desktop/tombombadil/TOMBOMBADIL5425
5426	group_2995	/Users/sanchezh/Desktop/tombombadil/TOMBOMBADIL5426
5427	group_2993	/Users/sanchezh/Desktop/tombombadil/TOMBOMBADIL5427
5428	group_2936	/Users/sanchezh/Desktop/tombombadil/TOMBOMBADIL5428
5429	group_2934	/Users/sanchezh/Desktop/tombombadil/TOMBOMBADIL5429
5430	group_2910	/Users/sanchezh/Desktop/tombombadil/TOMBOMBADIL5430
5431	group_2820	/Users/sanchezh/Desktop/tombombadil/TOMBOMBADIL5431
5432	group_2816	/Users/sanchezh/Desktop/tombombadil/TOMBOMBADIL5432
5433	group_2813	/Users/sanchezh/Desktop/tombombadil/TOMBOMBADIL5433
5434	group_2810	/Users/sanchezh/Desktop/tombombadil/TOMBOMBADIL5434
5435	group_2791	/Users/sanchezh/Desktop/tombombadil/TOMBOMBADIL5435
5436	group_2756	/Users/sanchezh/Desktop/tombombadil/TOMBOMBADIL5436
5437	group_2741	/Users/sanchezh/Desktop/tombombadil/TOMBOMBADIL5437
5438	group_2720	/Users/sanchezh/Desktop/tombombadil/TOMBOMBADIL5438
5439	group_2718	/Users/sanchezh/Desktop/tombombadil/TOMBOMBADIL5439
5440	group_2715	/Users/sanchezh/Desktop/tombombadil/TOMBOMBADIL5440
5441	group_2714	/Users/sanchezh/Desktop/tombombadil/TOMBOMBADIL5441
5442	group_2711	/Users/sanchezh/Desktop/tombombadil/TOMBOMBADIL5442
5443	group_2709	/Users/sanchezh/Desktop/tombombadil/TOMBOMBADIL5443
5444	group_2707	/Users/sanchezh/Desktop/tombombadil/TOMBOMBADIL5444
5445	group_2706	/Users/sanchezh/Desktop/tombombadil/TOMBOMBADIL5445
5446	group_2551	/Users/sanchezh/Desktop/tombombadil/TOMBOMBADIL5446
5447	group_2547	/Users/sanchezh/Desktop/tombombadil/TOMBOMBADIL5447
5448	group_2442	/Users/sanchezh/Desktop/tombombadil/TOMBOMBADIL5448
5449	group_2395	/Users/sanchezh/Desktop/tombombadil/TOMBOMBADIL5449
5450	group_2393	/Users/sanchezh/Desktop/tombombadil/TOMBOMBADIL5450
5451	group_2354	/Users/sanchezh/Desktop/tombombadil/TOMBOMBADIL5451
5452	group_2352	/Users/sanchezh/Desktop/tombombadil/TOMBOMBADIL5452
5453	group_2351	/Users/sanchezh/Desktop/tombombadil/TOMBOMBADIL5453
5454	group_2349	/Users/sanchezh/Desktop/tombombadil/TOMBOMBADIL5454
5455	group_2346	/Users/sanchezh/Desktop/tombombadil/TOMBOMBADIL5455
5456	group_2345	/Users/sanchezh/Desktop/tombombadil/TOMBOMBADIL5456
5457	group_2342	/Users/sanchezh/Desktop/tombombadil/TOMBOMBADIL5457
5458	group_2340	/Users/sanchezh/Desktop/tombombadil/TOMBOMBADIL5458
5459	group_2337	/Users/sanchezh/Desktop/tombombadil/TOMBOMBADIL5459
5460	group_2334	/Users/sanchezh/Desktop/tombombadil/TOMBOMBADIL5460
5461	group_2331	/Users/sanchezh/Desktop/tombombadil/TOMBOMBADIL5461
5462	group_2330	/Users/sanchezh/Desktop/tombombadil/TOMBOMBADIL5462
5463	group_2328	/Users/sanchezh/Desktop/tombombadil/TOMBOMBADIL5463
5464	group_2327	/Users/sanchezh/Desktop/tombombadil/TOMBOMBADIL5464
5465	group_2325	/Users/sanchezh/Desktop/tombombadil/TOMBOMBADIL5465
5466	group_2322	/Users/sanchezh/Desktop/tombombadil/TOMBOMBADIL5466
5467	group_2320	/Users/sanchezh/Desktop/tombombadil/TOMBOMBADIL5467
5468	group_2317	/Users/sanchezh/Desktop/tombombadil/TOMBOMBADIL5468
5469	group_2316	/Users/sanchezh/Desktop/tombombadil/TOMBOMBADIL5469
5470	group_2315	/Users/sanchezh/Desktop/tombombadil/TOMBOMBADIL5470
5471	group_2311	/Users/sanchezh/Desktop/tombombadil/TOMBOMBADIL5471
5472	group_2309	/Users/sanchezh/Desktop/tombombadil/TOMBOMBADIL5472
5473	group_2306	/Users/sanchezh/Desktop/tombombadil/TOMBOMBADIL5473
5474	group_2300	/Users/sanchezh/Desktop/tombombadil/TOMBOMBADIL5474
5475	group_2299	/Users/sanchezh/Desktop/tombombadil/TOMBOMBADIL5475
5476	group_2258	/Users/sanchezh/Desktop/tombombadil/TOMBOMBADIL5476
5477	group_2252	/Users/sanchezh/Desktop/tombombadil/TOMBOMBADIL5477
5478	group_2243	/Users/sanchezh/Desktop/tombombadil/TOMBOMBADIL5478
5479	group_2210	/Users/sanchezh/Desktop/tombombadil/TOMBOMBADIL5479
5480	group_2204	/Users/sanchezh/Desktop/tombombadil/TOMBOMBADIL5480
5481	group_2198	/Users/sanchezh/Desktop/tombombadil/TOMBOMBADIL5481
5482	group_2197	/Users/sanchezh/Desktop/tombombadil/TOMBOMBADIL5482
5483	group_2168	/Users/sanchezh/Desktop/tombombadil/TOMBOMBADIL5483
5484	group_2161	/Users/sanchezh/Desktop/tombombadil/TOMBOMBADIL5484
5485	group_2108	/Users/sanchezh/Desktop/tombombadil/TOMBOMBADIL5485
5486	group_2099	/Users/sanchezh/Desktop/tombombadil/TOMBOMBADIL5486
5487	group_2067	/Users/sanchezh/Desktop/tombombadil/TOMBOMBADIL5487
5488	group_2051	/Users/sanchezh/Desktop/tombombadil/TOMBOMBADIL5488
5489	group_2022	/Users/sanchezh/Desktop/tombombadil/TOMBOMBADIL5489
5490	group_2005	/Users/sanchezh/Desktop/tombombadil/TOMBOMBADIL5490
5491	group_2003	/Users/sanchezh/Desktop/tombombadil/TOMBOMBADIL5491
5492	group_1993	/Users/sanchezh/Desktop/tombombadil/TOMBOMBADIL5492
5493	group_1989	/Users/sanchezh/Desktop/tombombadil/TOMBOMBADIL5493
5494	group_1974	/Users/sanchezh/Desktop/tombombadil/TOMBOMBADIL5494
5495	group_1944	/Users/sanchezh/Desktop/tombombadil/TOMBOMBADIL5495
5496	group_1877	/Users/sanchezh/Desktop/tombombadil/TOMBOMBADIL5496
5497	group_1726	/Users/sanchezh/Desktop/tombombadil/TOMBOMBADIL5497
5498	group_1651	/Users/sanchezh/Desktop/tombombadil/TOMBOMBADIL5498
5499	group_1486	/Users/sanchezh/Desktop/tombombadil/TOMBOMBADIL5499
5500	group_1478	/Users/sanchezh/Desktop/tombombadil/TOMBOMBADIL5500
5501	group_1444	/Users/sanchezh/Desktop/tombombadil/TOMBOMBADIL5501
5502	group_1439	/Users/sanchezh/Desktop/tombombadil/TOMBOMBADIL5502
5503	group_1386	/Users/sanchezh/Desktop/tombombadil/TOMBOMBADIL5503
5504	group_1350	/Users/sanchezh/Desktop/tombombadil/TOMBOMBADIL5504
5505	group_1315	/Users/sanchezh/Desktop/tombombadil/TOMBOMBADIL5505
5506	group_1284	/Users/sanchezh/Desktop/tombombadil/TOMBOMBADIL5506
5507	group_1256	/Users/sanchezh/Desktop/tombombadil/TOMBOMBADIL5507
5508	group_1215	/Users/sanchezh/Desktop/tombombadil/TOMBOMBADIL5508
5509	group_1214	/Users/sanchezh/Desktop/tombombadil/TOMBOMBADIL5509
5510	group_1131	/Users/sanchezh/Desktop/tombombadil/TOMBOMBADIL5510
5511	group_1107	/Users/sanchezh/Desktop/tombombadil/TOMBOMBADIL5511
5512	group_1071	/Users/sanchezh/Desktop/tombombadil/TOMBOMBADIL5512
5513	group_1010	/Users/sanchezh/Desktop/tombombadil/TOMBOMBADIL5513
5514	group_987	/Users/sanchezh/Desktop/tombombadil/TOMBOMBADIL5514
5515	group_976	/Users/sanchezh/Desktop/tombombadil/TOMBOMBADIL5515
5516	group_960	/Users/sanchezh/Desktop/tombombadil/TOMBOMBADIL5516
5517	group_945	/Users/sanchezh/Desktop/tombombadil/TOMBOMBADIL5517
5518	group_834	/Users/sanchezh/Desktop/tombombadil/TOMBOMBADIL5518
5519	group_827	/Users/sanchezh/Desktop/tombombadil/TOMBOMBADIL5519
5520	group_765	/Users/sanchezh/Desktop/tombombadil/TOMBOMBADIL5520
5521	group_654	/Users/sanchezh/Desktop/tombombadil/TOMBOMBADIL5521
5522	group_593	/Users/sanchezh/Desktop/tombombadil/TOMBOMBADIL5522
5523	group_535	/Users/sanchezh/Desktop/tombombadil/TOMBOMBADIL5523
5524	group_523	/Users/sanchezh/Desktop/tombombadil/TOMBOMBADIL5524
5525	group_515	/Users/sanchezh/Desktop/tombombadil/TOMBOMBADIL5525
5526	dnaK	/Users/sanchezh/Desktop/tombombadil/TOMBOMBADIL5526
5527	group_414	/Users/sanchezh/Desktop/tombombadil/TOMBOMBADIL5527
5528	group_317	/Users/sanchezh/Desktop/tombombadil/TOMBOMBADIL5528
5529	group_289	/Users/sanchezh/Desktop/tombombadil/TOMBOMBADIL5529
5530	group_287	/Users/sanchezh/Desktop/tombombadil/TOMBOMBADIL5530
5531	group_165	/Users/sanchezh/Desktop/tombombadil/TOMBOMBADIL5531
5532	group_153	/Users/sanchezh/Desktop/tombombadil/TOMBOMBADIL5532
5533	group_140	/Users/sanchezh/Desktop/tombombadil/TOMBOMBADIL5533
5534	group_138	/Users/sanchezh/Desktop/tombombadil/TOMBOMBADIL5534
5535	group_108	/Users/sanchezh/Desktop/tombombadil/TOMBOMBADIL5535
5536	group_16532	/Users/sanchezh/Desktop/tombombadil/TOMBOMBADIL5536
5537	group_16531	/Users/sanchezh/Desktop/tombombadil/TOMBOMBADIL5537
5538	group_16527	/Users/sanchezh/Desktop/tombombadil/TOMBOMBADIL5538
5539	group_16505	/Users/sanchezh/Desktop/tombombadil/TOMBOMBADIL5539
5540	group_16359	/Users/sanchezh/Desktop/tombombadil/TOMBOMBADIL5540
5541	group_16358	/Users/sanchezh/Desktop/tombombadil/TOMBOMBADIL5541
5542	group_16356	/Users/sanchezh/Desktop/tombombadil/TOMBOMBADIL5542
5543	group_16355	/Users/sanchezh/Desktop/tombombadil/TOMBOMBADIL5543
5544	group_16354	/Users/sanchezh/Desktop/tombombadil/TOMBOMBADIL5544
5545	group_16353	/Users/sanchezh/Desktop/tombombadil/TOMBOMBADIL5545
5546	group_16352	/Users/sanchezh/Desktop/tombombadil/TOMBOMBADIL5546
5547	group_16351	/Users/sanchezh/Desktop/tombombadil/TOMBOMBADIL5547
5548	group_16350	/Users/sanchezh/Desktop/tombombadil/TOMBOMBADIL5548
5549	group_16348	/Users/sanchezh/Desktop/tombombadil/TOMBOMBADIL5549
5550	group_16347	/Users/sanchezh/Desktop/tombombadil/TOMBOMBADIL5550
5551	group_16346	/Users/sanchezh/Desktop/tombombadil/TOMBOMBADIL5551
5552	group_16345	/Users/sanchezh/Desktop/tombombadil/TOMBOMBADIL5552
5553	group_16344	/Users/sanchezh/Desktop/tombombadil/TOMBOMBADIL5553
5554	group_16343	/Users/sanchezh/Desktop/tombombadil/TOMBOMBADIL5554
5555	group_16210	/Users/sanchezh/Desktop/tombombadil/TOMBOMBADIL5555
5556	group_16200	/Users/sanchezh/Desktop/tombombadil/TOMBOMBADIL5556
5557	group_16173	/Users/sanchezh/Desktop/tombombadil/TOMBOMBADIL5557
5558	group_16160	/Users/sanchezh/Desktop/tombombadil/TOMBOMBADIL5558
5559	group_16101	/Users/sanchezh/Desktop/tombombadil/TOMBOMBADIL5559
5560	group_16040	/Users/sanchezh/Desktop/tombombadil/TOMBOMBADIL5560
5561	group_15985	/Users/sanchezh/Desktop/tombombadil/TOMBOMBADIL5561
5562	group_15931	/Users/sanchezh/Desktop/tombombadil/TOMBOMBADIL5562
5563	group_15929	/Users/sanchezh/Desktop/tombombadil/TOMBOMBADIL5563
5564	group_15926	/Users/sanchezh/Desktop/tombombadil/TOMBOMBADIL5564
5565	group_15913	/Users/sanchezh/Desktop/tombombadil/TOMBOMBADIL5565
5566	group_15912	/Users/sanchezh/Desktop/tombombadil/TOMBOMBADIL5566
5567	group_15911	/Users/sanchezh/Desktop/tombombadil/TOMBOMBADIL5567
5568	group_15869	/Users/sanchezh/Desktop/tombombadil/TOMBOMBADIL5568
5569	group_15866	/Users/sanchezh/Desktop/tombombadil/TOMBOMBADIL5569
5570	group_15787	/Users/sanchezh/Desktop/tombombadil/TOMBOMBADIL5570
5571	group_15714	/Users/sanchezh/Desktop/tombombadil/TOMBOMBADIL5571
5572	group_15707	/Users/sanchezh/Desktop/tombombadil/TOMBOMBADIL5572
5573	group_15696	/Users/sanchezh/Desktop/tombombadil/TOMBOMBADIL5573
5574	group_15694	/Users/sanchezh/Desktop/tombombadil/TOMBOMBADIL5574
5575	group_15670	/Users/sanchezh/Desktop/tombombadil/TOMBOMBADIL5575
5576	group_15669	/Users/sanchezh/Desktop/tombombadil/TOMBOMBADIL5576
5577	group_15667	/Users/sanchezh/Desktop/tombombadil/TOMBOMBADIL5577
5578	group_15646	/Users/sanchezh/Desktop/tombombadil/TOMBOMBADIL5578
5579	group_15645	/Users/sanchezh/Desktop/tombombadil/TOMBOMBADIL5579
5580	group_15625	/Users/sanchezh/Desktop/tombombadil/TOMBOMBADIL5580
5581	group_15624	/Users/sanchezh/Desktop/tombombadil/TOMBOMBADIL5581
5582	group_15583	/Users/sanchezh/Desktop/tombombadil/TOMBOMBADIL5582
5583	group_15581	/Users/sanchezh/Desktop/tombombadil/TOMBOMBADIL5583
5584	group_15580	/Users/sanchezh/Desktop/tombombadil/TOMBOMBADIL5584
5585	group_15562	/Users/sanchezh/Desktop/tombombadil/TOMBOMBADIL5585
5586	group_15540	/Users/sanchezh/Desktop/tombombadil/TOMBOMBADIL5586
5587	group_15534	/Users/sanchezh/Desktop/tombombadil/TOMBOMBADIL5587
5588	group_15492	/Users/sanchezh/Desktop/tombombadil/TOMBOMBADIL5588
5589	group_15477	/Users/sanchezh/Desktop/tombombadil/TOMBOMBADIL5589
5590	group_15427	/Users/sanchezh/Desktop/tombombadil/TOMBOMBADIL5590
5591	group_15426	/Users/sanchezh/Desktop/tombombadil/TOMBOMBADIL5591
5592	group_15425	/Users/sanchezh/Desktop/tombombadil/TOMBOMBADIL5592
5593	group_15420	/Users/sanchezh/Desktop/tombombadil/TOMBOMBADIL5593
5594	group_15402	/Users/sanchezh/Desktop/tombombadil/TOMBOMBADIL5594
5595	group_15401	/Users/sanchezh/Desktop/tombombadil/TOMBOMBADIL5595
5596	group_15399	/Users/sanchezh/Desktop/tombombadil/TOMBOMBADIL5596
5597	group_15373	/Users/sanchezh/Desktop/tombombadil/TOMBOMBADIL5597
5598	group_15343	/Users/sanchezh/Desktop/tombombadil/TOMBOMBADIL5598
5599	group_15323	/Users/sanchezh/Desktop/tombombadil/TOMBOMBADIL5599
5600	group_15321	/Users/sanchezh/Desktop/tombombadil/TOMBOMBADIL5600
5601	group_15288	/Users/sanchezh/Desktop/tombombadil/TOMBOMBADIL5601
5602	group_15261	/Users/sanchezh/Desktop/tombombadil/TOMBOMBADIL5602
5603	group_15212	/Users/sanchezh/Desktop/tombombadil/TOMBOMBADIL5603
5604	group_15174	/Users/sanchezh/Desktop/tombombadil/TOMBOMBADIL5604
5605	group_15148	/Users/sanchezh/Desktop/tombombadil/TOMBOMBADIL5605
5606	group_15112	/Users/sanchezh/Desktop/tombombadil/TOMBOMBADIL5606
5607	group_15107	/Users/sanchezh/Desktop/tombombadil/TOMBOMBADIL5607
5608	group_15089	/Users/sanchezh/Desktop/tombombadil/TOMBOMBADIL5608
5609	group_15060	/Users/sanchezh/Desktop/tombombadil/TOMBOMBADIL5609
5610	group_15058	/Users/sanchezh/Desktop/tombombadil/TOMBOMBADIL5610
5611	group_15056	/Users/sanchezh/Desktop/tombombadil/TOMBOMBADIL5611
5612	group_15052	/Users/sanchezh/Desktop/tombombadil/TOMBOMBADIL5612
5613	group_15018	/Users/sanchezh/Desktop/tombombadil/TOMBOMBADIL5613
5614	group_14985	/Users/sanchezh/Desktop/tombombadil/TOMBOMBADIL5614
5615	group_14976	/Users/sanchezh/Desktop/tombombadil/TOMBOMBADIL5615
5616	group_14970	/Users/sanchezh/Desktop/tombombadil/TOMBOMBADIL5616
5617	group_14951	/Users/sanchezh/Desktop/tombombadil/TOMBOMBADIL5617
5618	group_14937	/Users/sanchezh/Desktop/tombombadil/TOMBOMBADIL5618
5619	group_14927	/Users/sanchezh/Desktop/tombombadil/TOMBOMBADIL5619
5620	group_14884	/Users/sanchezh/Desktop/tombombadil/TOMBOMBADIL5620
5621	group_14814	/Users/sanchezh/Desktop/tombombadil/TOMBOMBADIL5621
5622	group_14769	/Users/sanchezh/Desktop/tombombadil/TOMBOMBADIL5622
5623	group_14726	/Users/sanchezh/Desktop/tombombadil/TOMBOMBADIL5623
5624	group_14703	/Users/sanchezh/Desktop/tombombadil/TOMBOMBADIL5624
5625	group_14699	/Users/sanchezh/Desktop/tombombadil/TOMBOMBADIL5625
5626	group_14656	/Users/sanchezh/Desktop/tombombadil/TOMBOMBADIL5626
5627	group_14651	/Users/sanchezh/Desktop/tombombadil/TOMBOMBADIL5627
5628	group_14617	/Users/sanchezh/Desktop/tombombadil/TOMBOMBADIL5628
5629	group_14578	/Users/sanchezh/Desktop/tombombadil/TOMBOMBADIL5629
5630	group_14541	/Users/sanchezh/Desktop/tombombadil/TOMBOMBADIL5630
5631	group_14531	/Users/sanchezh/Desktop/tombombadil/TOMBOMBADIL5631
5632	group_14519	/Users/sanchezh/Desktop/tombombadil/TOMBOMBADIL5632
5633	group_14494	/Users/sanchezh/Desktop/tombombadil/TOMBOMBADIL5633
5634	group_14493	/Users/sanchezh/Desktop/tombombadil/TOMBOMBADIL5634
5635	group_14491	/Users/sanchezh/Desktop/tombombadil/TOMBOMBADIL5635
5636	group_14484	/Users/sanchezh/Desktop/tombombadil/TOMBOMBADIL5636
5637	group_14436	/Users/sanchezh/Desktop/tombombadil/TOMBOMBADIL5637
5638	group_14411	/Users/sanchezh/Desktop/tombombadil/TOMBOMBADIL5638
5639	group_14392	/Users/sanchezh/Desktop/tombombadil/TOMBOMBADIL5639
5640	group_14373	/Users/sanchezh/Desktop/tombombadil/TOMBOMBADIL5640
5641	group_14366	/Users/sanchezh/Desktop/tombombadil/TOMBOMBADIL5641
5642	group_14356	/Users/sanchezh/Desktop/tombombadil/TOMBOMBADIL5642
5643	group_14334	/Users/sanchezh/Desktop/tombombadil/TOMBOMBADIL5643
5644	group_14312	/Users/sanchezh/Desktop/tombombadil/TOMBOMBADIL5644
5645	group_14307	/Users/sanchezh/Desktop/tombombadil/TOMBOMBADIL5645
5646	group_14289	/Users/sanchezh/Desktop/tombombadil/TOMBOMBADIL5646
5647	group_14285	/Users/sanchezh/Desktop/tombombadil/TOMBOMBADIL5647
5648	group_14240	/Users/sanchezh/Desktop/tombombadil/TOMBOMBADIL5648
5649	group_14232	/Users/sanchezh/Desktop/tombombadil/TOMBOMBADIL5649
5650	group_14192	/Users/sanchezh/Desktop/tombombadil/TOMBOMBADIL5650
5651	group_14168	/Users/sanchezh/Desktop/tombombadil/TOMBOMBADIL5651
5652	group_14146	/Users/sanchezh/Desktop/tombombadil/TOMBOMBADIL5652
5653	group_14078	/Users/sanchezh/Desktop/tombombadil/TOMBOMBADIL5653
5654	group_14054	/Users/sanchezh/Desktop/tombombadil/TOMBOMBADIL5654
5655	group_14052	/Users/sanchezh/Desktop/tombombadil/TOMBOMBADIL5655
5656	group_14050	/Users/sanchezh/Desktop/tombombadil/TOMBOMBADIL5656
5657	group_14027	/Users/sanchezh/Desktop/tombombadil/TOMBOMBADIL5657
5658	group_14024	/Users/sanchezh/Desktop/tombombadil/TOMBOMBADIL5658
5659	group_14017	/Users/sanchezh/Desktop/tombombadil/TOMBOMBADIL5659
5660	group_13963	/Users/sanchezh/Desktop/tombombadil/TOMBOMBADIL5660
5661	group_13953	/Users/sanchezh/Desktop/tombombadil/TOMBOMBADIL5661
5662	group_13904	/Users/sanchezh/Desktop/tombombadil/TOMBOMBADIL5662
5663	group_13892	/Users/sanchezh/Desktop/tombombadil/TOMBOMBADIL5663
5664	group_13870	/Users/sanchezh/Desktop/tombombadil/TOMBOMBADIL5664
5665	group_13788	/Users/sanchezh/Desktop/tombombadil/TOMBOMBADIL5665
5666	group_13760	/Users/sanchezh/Desktop/tombombadil/TOMBOMBADIL5666
5667	group_13694	/Users/sanchezh/Desktop/tombombadil/TOMBOMBADIL5667
5668	group_13683	/Users/sanchezh/Desktop/tombombadil/TOMBOMBADIL5668
5669	group_13670	/Users/sanchezh/Desktop/tombombadil/TOMBOMBADIL5669
5670	group_13653	/Users/sanchezh/Desktop/tombombadil/TOMBOMBADIL5670
5671	group_13633	/Users/sanchezh/Desktop/tombombadil/TOMBOMBADIL5671
5672	group_13554	/Users/sanchezh/Desktop/tombombadil/TOMBOMBADIL5672
5673	group_13534	/Users/sanchezh/Desktop/tombombadil/TOMBOMBADIL5673
5674	group_13513	/Users/sanchezh/Desktop/tombombadil/TOMBOMBADIL5674
5675	group_13512	/Users/sanchezh/Desktop/tombombadil/TOMBOMBADIL5675
5676	group_13504	/Users/sanchezh/Desktop/tombombadil/TOMBOMBADIL5676
5677	group_13493	/Users/sanchezh/Desktop/tombombadil/TOMBOMBADIL5677
5678	group_13478	/Users/sanchezh/Desktop/tombombadil/TOMBOMBADIL5678
5679	group_13468	/Users/sanchezh/Desktop/tombombadil/TOMBOMBADIL5679
5680	group_13435	/Users/sanchezh/Desktop/tombombadil/TOMBOMBADIL5680
5681	group_13413	/Users/sanchezh/Desktop/tombombadil/TOMBOMBADIL5681
5682	group_13409	/Users/sanchezh/Desktop/tombombadil/TOMBOMBADIL5682
5683	group_13404	/Users/sanchezh/Desktop/tombombadil/TOMBOMBADIL5683
5684	group_13309	/Users/sanchezh/Desktop/tombombadil/TOMBOMBADIL5684
5685	group_13290	/Users/sanchezh/Desktop/tombombadil/TOMBOMBADIL5685
5686	group_13271	/Users/sanchezh/Desktop/tombombadil/TOMBOMBADIL5686
5687	group_13262	/Users/sanchezh/Desktop/tombombadil/TOMBOMBADIL5687
5688	group_13216	/Users/sanchezh/Desktop/tombombadil/TOMBOMBADIL5688
5689	group_13199	/Users/sanchezh/Desktop/tombombadil/TOMBOMBADIL5689
5690	group_13181	/Users/sanchezh/Desktop/tombombadil/TOMBOMBADIL5690
5691	group_13128	/Users/sanchezh/Desktop/tombombadil/TOMBOMBADIL5691
5692	group_13076	/Users/sanchezh/Desktop/tombombadil/TOMBOMBADIL5692
5693	group_13063	/Users/sanchezh/Desktop/tombombadil/TOMBOMBADIL5693
5694	group_13045	/Users/sanchezh/Desktop/tombombadil/TOMBOMBADIL5694
5695	group_13019	/Users/sanchezh/Desktop/tombombadil/TOMBOMBADIL5695
5696	group_12996	/Users/sanchezh/Desktop/tombombadil/TOMBOMBADIL5696
5697	group_12995	/Users/sanchezh/Desktop/tombombadil/TOMBOMBADIL5697
5698	group_12989	/Users/sanchezh/Desktop/tombombadil/TOMBOMBADIL5698
5699	group_12921	/Users/sanchezh/Desktop/tombombadil/TOMBOMBADIL5699
5700	group_12915	/Users/sanchezh/Desktop/tombombadil/TOMBOMBADIL5700
5701	group_12910	/Users/sanchezh/Desktop/tombombadil/TOMBOMBADIL5701
5702	group_12890	/Users/sanchezh/Desktop/tombombadil/TOMBOMBADIL5702
5703	group_12879	/Users/sanchezh/Desktop/tombombadil/TOMBOMBADIL5703
5704	group_12861	/Users/sanchezh/Desktop/tombombadil/TOMBOMBADIL5704
5705	group_12844	/Users/sanchezh/Desktop/tombombadil/TOMBOMBADIL5705
5706	group_12809	/Users/sanchezh/Desktop/tombombadil/TOMBOMBADIL5706
5707	group_12802	/Users/sanchezh/Desktop/tombombadil/TOMBOMBADIL5707
5708	group_12744	/Users/sanchezh/Desktop/tombombadil/TOMBOMBADIL5708
5709	group_12716	/Users/sanchezh/Desktop/tombombadil/TOMBOMBADIL5709
5710	group_12715	/Users/sanchezh/Desktop/tombombadil/TOMBOMBADIL5710
5711	group_12617	/Users/sanchezh/Desktop/tombombadil/TOMBOMBADIL5711
5712	group_12526	/Users/sanchezh/Desktop/tombombadil/TOMBOMBADIL5712
5713	group_12497	/Users/sanchezh/Desktop/tombombadil/TOMBOMBADIL5713
5714	group_12457	/Users/sanchezh/Desktop/tombombadil/TOMBOMBADIL5714
5715	group_12454	/Users/sanchezh/Desktop/tombombadil/TOMBOMBADIL5715
5716	group_12428	/Users/sanchezh/Desktop/tombombadil/TOMBOMBADIL5716
5717	group_12426	/Users/sanchezh/Desktop/tombombadil/TOMBOMBADIL5717
5718	group_12425	/Users/sanchezh/Desktop/tombombadil/TOMBOMBADIL5718
5719	group_12402	/Users/sanchezh/Desktop/tombombadil/TOMBOMBADIL5719
5720	group_12389	/Users/sanchezh/Desktop/tombombadil/TOMBOMBADIL5720
5721	group_12369	/Users/sanchezh/Desktop/tombombadil/TOMBOMBADIL5721
5722	group_12355	/Users/sanchezh/Desktop/tombombadil/TOMBOMBADIL5722
5723	group_12353	/Users/sanchezh/Desktop/tombombadil/TOMBOMBADIL5723
5724	group_12350	/Users/sanchezh/Desktop/tombombadil/TOMBOMBADIL5724
5725	group_12349	/Users/sanchezh/Desktop/tombombadil/TOMBOMBADIL5725
5726	group_12305	/Users/sanchezh/Desktop/tombombadil/TOMBOMBADIL5726
5727	group_12281	/Users/sanchezh/Desktop/tombombadil/TOMBOMBADIL5727
5728	group_12252	/Users/sanchezh/Desktop/tombombadil/TOMBOMBADIL5728
5729	group_12191	/Users/sanchezh/Desktop/tombombadil/TOMBOMBADIL5729
5730	group_12188	/Users/sanchezh/Desktop/tombombadil/TOMBOMBADIL5730
5731	group_12169	/Users/sanchezh/Desktop/tombombadil/TOMBOMBADIL5731
5732	group_12144	/Users/sanchezh/Desktop/tombombadil/TOMBOMBADIL5732
5733	group_12141	/Users/sanchezh/Desktop/tombombadil/TOMBOMBADIL5733
5734	group_12137	/Users/sanchezh/Desktop/tombombadil/TOMBOMBADIL5734
5735	group_12132	/Users/sanchezh/Desktop/tombombadil/TOMBOMBADIL5735
5736	group_12111	/Users/sanchezh/Desktop/tombombadil/TOMBOMBADIL5736
5737	group_12092	/Users/sanchezh/Desktop/tombombadil/TOMBOMBADIL5737
5738	group_12082	/Users/sanchezh/Desktop/tombombadil/TOMBOMBADIL5738
5739	group_12078	/Users/sanchezh/Desktop/tombombadil/TOMBOMBADIL5739
5740	group_12056	/Users/sanchezh/Desktop/tombombadil/TOMBOMBADIL5740
5741	group_12038	/Users/sanchezh/Desktop/tombombadil/TOMBOMBADIL5741
5742	group_12008	/Users/sanchezh/Desktop/tombombadil/TOMBOMBADIL5742
5743	group_12007	/Users/sanchezh/Desktop/tombombadil/TOMBOMBADIL5743
5744	group_11962	/Users/sanchezh/Desktop/tombombadil/TOMBOMBADIL5744
5745	lnuAN2	/Users/sanchezh/Desktop/tombombadil/TOMBOMBADIL5745
5746	group_11881	/Users/sanchezh/Desktop/tombombadil/TOMBOMBADIL5746
5747	group_11822	/Users/sanchezh/Desktop/tombombadil/TOMBOMBADIL5747
5748	group_11817	/Users/sanchezh/Desktop/tombombadil/TOMBOMBADIL5748
5749	group_11695	/Users/sanchezh/Desktop/tombombadil/TOMBOMBADIL5749
5750	group_11615	/Users/sanchezh/Desktop/tombombadil/TOMBOMBADIL5750
5751	group_11600	/Users/sanchezh/Desktop/tombombadil/TOMBOMBADIL5751
5752	group_11580	/Users/sanchezh/Desktop/tombombadil/TOMBOMBADIL5752
5753	group_11579	/Users/sanchezh/Desktop/tombombadil/TOMBOMBADIL5753
5754	group_11532	/Users/sanchezh/Desktop/tombombadil/TOMBOMBADIL5754
5755	group_11509	/Users/sanchezh/Desktop/tombombadil/TOMBOMBADIL5755
5756	group_11433	/Users/sanchezh/Desktop/tombombadil/TOMBOMBADIL5756
5757	group_11366	/Users/sanchezh/Desktop/tombombadil/TOMBOMBADIL5757
5758	group_11349	/Users/sanchezh/Desktop/tombombadil/TOMBOMBADIL5758
5759	group_11338	/Users/sanchezh/Desktop/tombombadil/TOMBOMBADIL5759
5760	group_11337	/Users/sanchezh/Desktop/tombombadil/TOMBOMBADIL5760
5761	group_11308	/Users/sanchezh/Desktop/tombombadil/TOMBOMBADIL5761
5762	group_11282	/Users/sanchezh/Desktop/tombombadil/TOMBOMBADIL5762
5763	group_11270	/Users/sanchezh/Desktop/tombombadil/TOMBOMBADIL5763
5764	group_11267	/Users/sanchezh/Desktop/tombombadil/TOMBOMBADIL5764
5765	group_11239	/Users/sanchezh/Desktop/tombombadil/TOMBOMBADIL5765
5766	group_11225	/Users/sanchezh/Desktop/tombombadil/TOMBOMBADIL5766
5767	group_11209	/Users/sanchezh/Desktop/tombombadil/TOMBOMBADIL5767
5768	group_11205	/Users/sanchezh/Desktop/tombombadil/TOMBOMBADIL5768
5769	group_11200	/Users/sanchezh/Desktop/tombombadil/TOMBOMBADIL5769
5770	group_11178	/Users/sanchezh/Desktop/tombombadil/TOMBOMBADIL5770
5771	group_11155	/Users/sanchezh/Desktop/tombombadil/TOMBOMBADIL5771
5772	group_11126	/Users/sanchezh/Desktop/tombombadil/TOMBOMBADIL5772
5773	group_11124	/Users/sanchezh/Desktop/tombombadil/TOMBOMBADIL5773
5774	group_11114	/Users/sanchezh/Desktop/tombombadil/TOMBOMBADIL5774
5775	group_11100	/Users/sanchezh/Desktop/tombombadil/TOMBOMBADIL5775
5776	group_11075	/Users/sanchezh/Desktop/tombombadil/TOMBOMBADIL5776
5777	group_11072	/Users/sanchezh/Desktop/tombombadil/TOMBOMBADIL5777
5778	group_11065	/Users/sanchezh/Desktop/tombombadil/TOMBOMBADIL5778
5779	group_11054	/Users/sanchezh/Desktop/tombombadil/TOMBOMBADIL5779
5780	group_11048	/Users/sanchezh/Desktop/tombombadil/TOMBOMBADIL5780
5781	group_11018	/Users/sanchezh/Desktop/tombombadil/TOMBOMBADIL5781
5782	group_11014	/Users/sanchezh/Desktop/tombombadil/TOMBOMBADIL5782
5783	group_11011	/Users/sanchezh/Desktop/tombombadil/TOMBOMBADIL5783
5784	group_10995	/Users/sanchezh/Desktop/tombombadil/TOMBOMBADIL5784
5785	group_10994	/Users/sanchezh/Desktop/tombombadil/TOMBOMBADIL5785
5786	group_10991	/Users/sanchezh/Desktop/tombombadil/TOMBOMBADIL5786
5787	group_10989	/Users/sanchezh/Desktop/tombombadil/TOMBOMBADIL5787
5788	group_10987	/Users/sanchezh/Desktop/tombombadil/TOMBOMBADIL5788
5789	group_10982	/Users/sanchezh/Desktop/tombombadil/TOMBOMBADIL5789
5790	group_10977	/Users/sanchezh/Desktop/tombombadil/TOMBOMBADIL5790
5791	group_10975	/Users/sanchezh/Desktop/tombombadil/TOMBOMBADIL5791
5792	group_10973	/Users/sanchezh/Desktop/tombombadil/TOMBOMBADIL5792
5793	group_10972	/Users/sanchezh/Desktop/tombombadil/TOMBOMBADIL5793
5794	group_10964	/Users/sanchezh/Desktop/tombombadil/TOMBOMBADIL5794
5795	group_10963	/Users/sanchezh/Desktop/tombombadil/TOMBOMBADIL5795
5796	group_10943	/Users/sanchezh/Desktop/tombombadil/TOMBOMBADIL5796
5797	group_10939	/Users/sanchezh/Desktop/tombombadil/TOMBOMBADIL5797
5798	group_10938	/Users/sanchezh/Desktop/tombombadil/TOMBOMBADIL5798
5799	group_10926	/Users/sanchezh/Desktop/tombombadil/TOMBOMBADIL5799
5800	group_10915	/Users/sanchezh/Desktop/tombombadil/TOMBOMBADIL5800
5801	group_10911	/Users/sanchezh/Desktop/tombombadil/TOMBOMBADIL5801
5802	group_10903	/Users/sanchezh/Desktop/tombombadil/TOMBOMBADIL5802
5803	group_10902	/Users/sanchezh/Desktop/tombombadil/TOMBOMBADIL5803
5804	group_10898	/Users/sanchezh/Desktop/tombombadil/TOMBOMBADIL5804
5805	group_10888	/Users/sanchezh/Desktop/tombombadil/TOMBOMBADIL5805
5806	group_10877	/Users/sanchezh/Desktop/tombombadil/TOMBOMBADIL5806
5807	group_10872	/Users/sanchezh/Desktop/tombombadil/TOMBOMBADIL5807
5808	group_10871	/Users/sanchezh/Desktop/tombombadil/TOMBOMBADIL5808
5809	group_10863	/Users/sanchezh/Desktop/tombombadil/TOMBOMBADIL5809
5810	group_10847	/Users/sanchezh/Desktop/tombombadil/TOMBOMBADIL5810
5811	group_10844	/Users/sanchezh/Desktop/tombombadil/TOMBOMBADIL5811
5812	group_10832	/Users/sanchezh/Desktop/tombombadil/TOMBOMBADIL5812
5813	group_10821	/Users/sanchezh/Desktop/tombombadil/TOMBOMBADIL5813
5814	group_10815	/Users/sanchezh/Desktop/tombombadil/TOMBOMBADIL5814
5815	group_10795	/Users/sanchezh/Desktop/tombombadil/TOMBOMBADIL5815
5816	group_10794	/Users/sanchezh/Desktop/tombombadil/TOMBOMBADIL5816
5817	group_10793	/Users/sanchezh/Desktop/tombombadil/TOMBOMBADIL5817
5818	group_10777	/Users/sanchezh/Desktop/tombombadil/TOMBOMBADIL5818
5819	group_10744	/Users/sanchezh/Desktop/tombombadil/TOMBOMBADIL5819
5820	group_10721	/Users/sanchezh/Desktop/tombombadil/TOMBOMBADIL5820
5821	group_10709	/Users/sanchezh/Desktop/tombombadil/TOMBOMBADIL5821
5822	group_10678	/Users/sanchezh/Desktop/tombombadil/TOMBOMBADIL5822
5823	group_10672	/Users/sanchezh/Desktop/tombombadil/TOMBOMBADIL5823
5824	group_10670	/Users/sanchezh/Desktop/tombombadil/TOMBOMBADIL5824
5825	group_10631	/Users/sanchezh/Desktop/tombombadil/TOMBOMBADIL5825
5826	group_10617	/Users/sanchezh/Desktop/tombombadil/TOMBOMBADIL5826
5827	group_10607	/Users/sanchezh/Desktop/tombombadil/TOMBOMBADIL5827
5828	group_10569	/Users/sanchezh/Desktop/tombombadil/TOMBOMBADIL5828
5829	group_10567	/Users/sanchezh/Desktop/tombombadil/TOMBOMBADIL5829
5830	group_10554	/Users/sanchezh/Desktop/tombombadil/TOMBOMBADIL5830
5831	group_10546	/Users/sanchezh/Desktop/tombombadil/TOMBOMBADIL5831
5832	group_10545	/Users/sanchezh/Desktop/tombombadil/TOMBOMBADIL5832
5833	group_10528	/Users/sanchezh/Desktop/tombombadil/TOMBOMBADIL5833
5834	group_10473	/Users/sanchezh/Desktop/tombombadil/TOMBOMBADIL5834
5835	group_10448	/Users/sanchezh/Desktop/tombombadil/TOMBOMBADIL5835
5836	group_10424	/Users/sanchezh/Desktop/tombombadil/TOMBOMBADIL5836
5837	group_10412	/Users/sanchezh/Desktop/tombombadil/TOMBOMBADIL5837
5838	group_10403	/Users/sanchezh/Desktop/tombombadil/TOMBOMBADIL5838
5839	group_10393	/Users/sanchezh/Desktop/tombombadil/TOMBOMBADIL5839
5840	tetQ~~~tet	/Users/sanchezh/Desktop/tombombadil/TOMBOMBADIL5840
5841	group_10369	/Users/sanchezh/Desktop/tombombadil/TOMBOMBADIL5841
5842	group_10367	/Users/sanchezh/Desktop/tombombadil/TOMBOMBADIL5842
5843	group_10331	/Users/sanchezh/Desktop/tombombadil/TOMBOMBADIL5843
5844	group_10328	/Users/sanchezh/Desktop/tombombadil/TOMBOMBADIL5844
5845	group_10312	/Users/sanchezh/Desktop/tombombadil/TOMBOMBADIL5845
5846	group_10282	/Users/sanchezh/Desktop/tombombadil/TOMBOMBADIL5846
5847	group_10279	/Users/sanchezh/Desktop/tombombadil/TOMBOMBADIL5847
5848	group_10270	/Users/sanchezh/Desktop/tombombadil/TOMBOMBADIL5848
5849	group_10257	/Users/sanchezh/Desktop/tombombadil/TOMBOMBADIL5849
5850	group_10239	/Users/sanchezh/Desktop/tombombadil/TOMBOMBADIL5850
5851	group_10238	/Users/sanchezh/Desktop/tombombadil/TOMBOMBADIL5851
5852	group_10210	/Users/sanchezh/Desktop/tombombadil/TOMBOMBADIL5852
5853	group_10204	/Users/sanchezh/Desktop/tombombadil/TOMBOMBADIL5853
5854	group_10199	/Users/sanchezh/Desktop/tombombadil/TOMBOMBADIL5854
5855	group_10184	/Users/sanchezh/Desktop/tombombadil/TOMBOMBADIL5855
5856	group_10162	/Users/sanchezh/Desktop/tombombadil/TOMBOMBADIL5856
5857	group_10131	/Users/sanchezh/Desktop/tombombadil/TOMBOMBADIL5857
5858	group_10122	/Users/sanchezh/Desktop/tombombadil/TOMBOMBADIL5858
5859	group_10108	/Users/sanchezh/Desktop/tombombadil/TOMBOMBADIL5859
5860	group_10082	/Users/sanchezh/Desktop/tombombadil/TOMBOMBADIL5860
5861	group_10071	/Users/sanchezh/Desktop/tombombadil/TOMBOMBADIL5861
5862	parD	/Users/sanchezh/Desktop/tombombadil/TOMBOMBADIL5862
5863	group_10052	/Users/sanchezh/Desktop/tombombadil/TOMBOMBADIL5863
5864	group_10034	/Users/sanchezh/Desktop/tombombadil/TOMBOMBADIL5864
5865	group_10028	/Users/sanchezh/Desktop/tombombadil/TOMBOMBADIL5865
5866	group_10021	/Users/sanchezh/Desktop/tombombadil/TOMBOMBADIL5866
5867	group_10015	/Users/sanchezh/Desktop/tombombadil/TOMBOMBADIL5867
5868	group_10011	/Users/sanchezh/Desktop/tombombadil/TOMBOMBADIL5868
5869	group_10001	/Users/sanchezh/Desktop/tombombadil/TOMBOMBADIL5869
5870	group_9997	/Users/sanchezh/Desktop/tombombadil/TOMBOMBADIL5870
5871	group_9993	/Users/sanchezh/Desktop/tombombadil/TOMBOMBADIL5871
5872	spsF	/Users/sanchezh/Desktop/tombombadil/TOMBOMBADIL5872
5873	group_9931	/Users/sanchezh/Desktop/tombombadil/TOMBOMBADIL5873
5874	group_9930	/Users/sanchezh/Desktop/tombombadil/TOMBOMBADIL5874
5875	group_9885	/Users/sanchezh/Desktop/tombombadil/TOMBOMBADIL5875
5876	group_9847	/Users/sanchezh/Desktop/tombombadil/TOMBOMBADIL5876
5877	group_9830	/Users/sanchezh/Desktop/tombombadil/TOMBOMBADIL5877
5878	group_9811	/Users/sanchezh/Desktop/tombombadil/TOMBOMBADIL5878
5879	group_9770	/Users/sanchezh/Desktop/tombombadil/TOMBOMBADIL5879
5880	group_9768	/Users/sanchezh/Desktop/tombombadil/TOMBOMBADIL5880
5881	group_9740	/Users/sanchezh/Desktop/tombombadil/TOMBOMBADIL5881
5882	group_9738	/Users/sanchezh/Desktop/tombombadil/TOMBOMBADIL5882
5883	group_9736	/Users/sanchezh/Desktop/tombombadil/TOMBOMBADIL5883
5884	group_9721	/Users/sanchezh/Desktop/tombombadil/TOMBOMBADIL5884
5885	group_9711	/Users/sanchezh/Desktop/tombombadil/TOMBOMBADIL5885
5886	group_9685	/Users/sanchezh/Desktop/tombombadil/TOMBOMBADIL5886
5887	group_9684	/Users/sanchezh/Desktop/tombombadil/TOMBOMBADIL5887
5888	group_9677	/Users/sanchezh/Desktop/tombombadil/TOMBOMBADIL5888
5889	group_9676	/Users/sanchezh/Desktop/tombombadil/TOMBOMBADIL5889
5890	group_9672	/Users/sanchezh/Desktop/tombombadil/TOMBOMBADIL5890
5891	group_9618	/Users/sanchezh/Desktop/tombombadil/TOMBOMBADIL5891
5892	group_9594	/Users/sanchezh/Desktop/tombombadil/TOMBOMBADIL5892
5893	group_9591	/Users/sanchezh/Desktop/tombombadil/TOMBOMBADIL5893
5894	group_9584	/Users/sanchezh/Desktop/tombombadil/TOMBOMBADIL5894
5895	group_9578	/Users/sanchezh/Desktop/tombombadil/TOMBOMBADIL5895
5896	group_9519	/Users/sanchezh/Desktop/tombombadil/TOMBOMBADIL5896
5897	group_9511	/Users/sanchezh/Desktop/tombombadil/TOMBOMBADIL5897
5898	group_9507	/Users/sanchezh/Desktop/tombombadil/TOMBOMBADIL5898
5899	group_9501	/Users/sanchezh/Desktop/tombombadil/TOMBOMBADIL5899
5900	group_9424	/Users/sanchezh/Desktop/tombombadil/TOMBOMBADIL5900
5901	group_9422	/Users/sanchezh/Desktop/tombombadil/TOMBOMBADIL5901
5902	group_9412	/Users/sanchezh/Desktop/tombombadil/TOMBOMBADIL5902
5903	group_9410	/Users/sanchezh/Desktop/tombombadil/TOMBOMBADIL5903
5904	group_9380	/Users/sanchezh/Desktop/tombombadil/TOMBOMBADIL5904
5905	group_9349	/Users/sanchezh/Desktop/tombombadil/TOMBOMBADIL5905
5906	group_9319	/Users/sanchezh/Desktop/tombombadil/TOMBOMBADIL5906
5907	group_9310	/Users/sanchezh/Desktop/tombombadil/TOMBOMBADIL5907
5908	group_9286	/Users/sanchezh/Desktop/tombombadil/TOMBOMBADIL5908
5909	group_9278	/Users/sanchezh/Desktop/tombombadil/TOMBOMBADIL5909
5910	group_9270	/Users/sanchezh/Desktop/tombombadil/TOMBOMBADIL5910
5911	group_9226	/Users/sanchezh/Desktop/tombombadil/TOMBOMBADIL5911
5912	group_9174	/Users/sanchezh/Desktop/tombombadil/TOMBOMBADIL5912
5913	group_9162	/Users/sanchezh/Desktop/tombombadil/TOMBOMBADIL5913
5914	group_9161	/Users/sanchezh/Desktop/tombombadil/TOMBOMBADIL5914
5915	group_9135	/Users/sanchezh/Desktop/tombombadil/TOMBOMBADIL5915
5916	group_9080	/Users/sanchezh/Desktop/tombombadil/TOMBOMBADIL5916
5917	group_9072	/Users/sanchezh/Desktop/tombombadil/TOMBOMBADIL5917
5918	group_9066	/Users/sanchezh/Desktop/tombombadil/TOMBOMBADIL5918
5919	group_9064	/Users/sanchezh/Desktop/tombombadil/TOMBOMBADIL5919
5920	group_9058	/Users/sanchezh/Desktop/tombombadil/TOMBOMBADIL5920
5921	group_9057	/Users/sanchezh/Desktop/tombombadil/TOMBOMBADIL5921
5922	group_9043	/Users/sanchezh/Desktop/tombombadil/TOMBOMBADIL5922
5923	group_8965	/Users/sanchezh/Desktop/tombombadil/TOMBOMBADIL5923
5924	group_8963	/Users/sanchezh/Desktop/tombombadil/TOMBOMBADIL5924
5925	group_8934	/Users/sanchezh/Desktop/tombombadil/TOMBOMBADIL5925
5926	group_8916	/Users/sanchezh/Desktop/tombombadil/TOMBOMBADIL5926
5927	group_8876	/Users/sanchezh/Desktop/tombombadil/TOMBOMBADIL5927
5928	group_8846	/Users/sanchezh/Desktop/tombombadil/TOMBOMBADIL5928
5929	group_8833	/Users/sanchezh/Desktop/tombombadil/TOMBOMBADIL5929
5930	group_8786	/Users/sanchezh/Desktop/tombombadil/TOMBOMBADIL5930
5931	group_8777	/Users/sanchezh/Desktop/tombombadil/TOMBOMBADIL5931
5932	group_8764	/Users/sanchezh/Desktop/tombombadil/TOMBOMBADIL5932
5933	group_8721	/Users/sanchezh/Desktop/tombombadil/TOMBOMBADIL5933
5934	group_8693	/Users/sanchezh/Desktop/tombombadil/TOMBOMBADIL5934
5935	group_8674	/Users/sanchezh/Desktop/tombombadil/TOMBOMBADIL5935
5936	group_8667	/Users/sanchezh/Desktop/tombombadil/TOMBOMBADIL5936
5937	group_8618	/Users/sanchezh/Desktop/tombombadil/TOMBOMBADIL5937
5938	group_8549	/Users/sanchezh/Desktop/tombombadil/TOMBOMBADIL5938
5939	group_8513	/Users/sanchezh/Desktop/tombombadil/TOMBOMBADIL5939
5940	group_8444	/Users/sanchezh/Desktop/tombombadil/TOMBOMBADIL5940
5941	group_8440	/Users/sanchezh/Desktop/tombombadil/TOMBOMBADIL5941
5942	group_8414	/Users/sanchezh/Desktop/tombombadil/TOMBOMBADIL5942
5943	group_8397	/Users/sanchezh/Desktop/tombombadil/TOMBOMBADIL5943
5944	group_8396	/Users/sanchezh/Desktop/tombombadil/TOMBOMBADIL5944
5945	group_8391	/Users/sanchezh/Desktop/tombombadil/TOMBOMBADIL5945
5946	group_8361	/Users/sanchezh/Desktop/tombombadil/TOMBOMBADIL5946
5947	group_8355	/Users/sanchezh/Desktop/tombombadil/TOMBOMBADIL5947
5948	group_8349	/Users/sanchezh/Desktop/tombombadil/TOMBOMBADIL5948
5949	group_8314	/Users/sanchezh/Desktop/tombombadil/TOMBOMBADIL5949
5950	group_8293	/Users/sanchezh/Desktop/tombombadil/TOMBOMBADIL5950
5951	group_8250	/Users/sanchezh/Desktop/tombombadil/TOMBOMBADIL5951
5952	group_8236	/Users/sanchezh/Desktop/tombombadil/TOMBOMBADIL5952
5953	group_8227	/Users/sanchezh/Desktop/tombombadil/TOMBOMBADIL5953
5954	group_8214	/Users/sanchezh/Desktop/tombombadil/TOMBOMBADIL5954
5955	group_8213	/Users/sanchezh/Desktop/tombombadil/TOMBOMBADIL5955
5956	group_8194	/Users/sanchezh/Desktop/tombombadil/TOMBOMBADIL5956
5957	group_8149	/Users/sanchezh/Desktop/tombombadil/TOMBOMBADIL5957
5958	group_8124	/Users/sanchezh/Desktop/tombombadil/TOMBOMBADIL5958
5959	group_8109	/Users/sanchezh/Desktop/tombombadil/TOMBOMBADIL5959
5960	group_8106	/Users/sanchezh/Desktop/tombombadil/TOMBOMBADIL5960
5961	group_8078	/Users/sanchezh/Desktop/tombombadil/TOMBOMBADIL5961
5962	group_8070	/Users/sanchezh/Desktop/tombombadil/TOMBOMBADIL5962
5963	group_8049	/Users/sanchezh/Desktop/tombombadil/TOMBOMBADIL5963
5964	group_8007	/Users/sanchezh/Desktop/tombombadil/TOMBOMBADIL5964
5965	group_7982	/Users/sanchezh/Desktop/tombombadil/TOMBOMBADIL5965
5966	group_7949	/Users/sanchezh/Desktop/tombombadil/TOMBOMBADIL5966
5967	group_7934	/Users/sanchezh/Desktop/tombombadil/TOMBOMBADIL5967
5968	group_7921	/Users/sanchezh/Desktop/tombombadil/TOMBOMBADIL5968
5969	group_7911	/Users/sanchezh/Desktop/tombombadil/TOMBOMBADIL5969
5970	group_7847	/Users/sanchezh/Desktop/tombombadil/TOMBOMBADIL5970
5971	group_7846	/Users/sanchezh/Desktop/tombombadil/TOMBOMBADIL5971
5972	group_7843	/Users/sanchezh/Desktop/tombombadil/TOMBOMBADIL5972
5973	group_7840	/Users/sanchezh/Desktop/tombombadil/TOMBOMBADIL5973
5974	group_7804	/Users/sanchezh/Desktop/tombombadil/TOMBOMBADIL5974
5975	group_7799	/Users/sanchezh/Desktop/tombombadil/TOMBOMBADIL5975
5976	group_7798	/Users/sanchezh/Desktop/tombombadil/TOMBOMBADIL5976
5977	group_7794	/Users/sanchezh/Desktop/tombombadil/TOMBOMBADIL5977
5978	group_7777	/Users/sanchezh/Desktop/tombombadil/TOMBOMBADIL5978
5979	group_7772	/Users/sanchezh/Desktop/tombombadil/TOMBOMBADIL5979
5980	group_7769	/Users/sanchezh/Desktop/tombombadil/TOMBOMBADIL5980
5981	group_7759	/Users/sanchezh/Desktop/tombombadil/TOMBOMBADIL5981
5982	group_7735	/Users/sanchezh/Desktop/tombombadil/TOMBOMBADIL5982
5983	group_7729	/Users/sanchezh/Desktop/tombombadil/TOMBOMBADIL5983
5984	group_7704	/Users/sanchezh/Desktop/tombombadil/TOMBOMBADIL5984
5985	group_7670	/Users/sanchezh/Desktop/tombombadil/TOMBOMBADIL5985
5986	group_7664	/Users/sanchezh/Desktop/tombombadil/TOMBOMBADIL5986
5987	group_7647	/Users/sanchezh/Desktop/tombombadil/TOMBOMBADIL5987
5988	group_7641	/Users/sanchezh/Desktop/tombombadil/TOMBOMBADIL5988
5989	group_7633	/Users/sanchezh/Desktop/tombombadil/TOMBOMBADIL5989
5990	group_7617	/Users/sanchezh/Desktop/tombombadil/TOMBOMBADIL5990
5991	group_7588	/Users/sanchezh/Desktop/tombombadil/TOMBOMBADIL5991
5992	group_7586	/Users/sanchezh/Desktop/tombombadil/TOMBOMBADIL5992
5993	group_7533	/Users/sanchezh/Desktop/tombombadil/TOMBOMBADIL5993
5994	group_7529	/Users/sanchezh/Desktop/tombombadil/TOMBOMBADIL5994
5995	group_7516	/Users/sanchezh/Desktop/tombombadil/TOMBOMBADIL5995
5996	group_7513	/Users/sanchezh/Desktop/tombombadil/TOMBOMBADIL5996
5997	group_7511	/Users/sanchezh/Desktop/tombombadil/TOMBOMBADIL5997
5998	group_7483	/Users/sanchezh/Desktop/tombombadil/TOMBOMBADIL5998
5999	group_7474	/Users/sanchezh/Desktop/tombombadil/TOMBOMBADIL5999
6000	group_7464	/Users/sanchezh/Desktop/tombombadil/TOMBOMBADIL6000
6001	group_7463	/Users/sanchezh/Desktop/tombombadil/TOMBOMBADIL6001
6002	group_7454	/Users/sanchezh/Desktop/tombombadil/TOMBOMBADIL6002
6003	group_7430	/Users/sanchezh/Desktop/tombombadil/TOMBOMBADIL6003
6004	group_7415	/Users/sanchezh/Desktop/tombombadil/TOMBOMBADIL6004
6005	group_7368	/Users/sanchezh/Desktop/tombombadil/TOMBOMBADIL6005
6006	group_7277	/Users/sanchezh/Desktop/tombombadil/TOMBOMBADIL6006
6007	group_7255	/Users/sanchezh/Desktop/tombombadil/TOMBOMBADIL6007
6008	group_7251	/Users/sanchezh/Desktop/tombombadil/TOMBOMBADIL6008
6009	group_7236	/Users/sanchezh/Desktop/tombombadil/TOMBOMBADIL6009
6010	group_7197	/Users/sanchezh/Desktop/tombombadil/TOMBOMBADIL6010
6011	group_7193	/Users/sanchezh/Desktop/tombombadil/TOMBOMBADIL6011
6012	group_7173	/Users/sanchezh/Desktop/tombombadil/TOMBOMBADIL6012
6013	group_7160	/Users/sanchezh/Desktop/tombombadil/TOMBOMBADIL6013
6014	group_7149	/Users/sanchezh/Desktop/tombombadil/TOMBOMBADIL6014
6015	group_7110	/Users/sanchezh/Desktop/tombombadil/TOMBOMBADIL6015
6016	group_7109	/Users/sanchezh/Desktop/tombombadil/TOMBOMBADIL6016
6017	group_7039	/Users/sanchezh/Desktop/tombombadil/TOMBOMBADIL6017
6018	group_6979	/Users/sanchezh/Desktop/tombombadil/TOMBOMBADIL6018
6019	group_6940	/Users/sanchezh/Desktop/tombombadil/TOMBOMBADIL6019
6020	group_6925	/Users/sanchezh/Desktop/tombombadil/TOMBOMBADIL6020
6021	group_6884	/Users/sanchezh/Desktop/tombombadil/TOMBOMBADIL6021
6022	group_6863	/Users/sanchezh/Desktop/tombombadil/TOMBOMBADIL6022
6023	group_6859	/Users/sanchezh/Desktop/tombombadil/TOMBOMBADIL6023
6024	group_6855	/Users/sanchezh/Desktop/tombombadil/TOMBOMBADIL6024
6025	group_6854	/Users/sanchezh/Desktop/tombombadil/TOMBOMBADIL6025
6026	group_6839	/Users/sanchezh/Desktop/tombombadil/TOMBOMBADIL6026
6027	group_6810	/Users/sanchezh/Desktop/tombombadil/TOMBOMBADIL6027
6028	group_6803	/Users/sanchezh/Desktop/tombombadil/TOMBOMBADIL6028
6029	group_6765	/Users/sanchezh/Desktop/tombombadil/TOMBOMBADIL6029
6030	group_6733	/Users/sanchezh/Desktop/tombombadil/TOMBOMBADIL6030
6031	group_6646	/Users/sanchezh/Desktop/tombombadil/TOMBOMBADIL6031
6032	group_6641	/Users/sanchezh/Desktop/tombombadil/TOMBOMBADIL6032
6033	group_6616	/Users/sanchezh/Desktop/tombombadil/TOMBOMBADIL6033
6034	group_6614	/Users/sanchezh/Desktop/tombombadil/TOMBOMBADIL6034
6035	group_6598	/Users/sanchezh/Desktop/tombombadil/TOMBOMBADIL6035
6036	group_6594	/Users/sanchezh/Desktop/tombombadil/TOMBOMBADIL6036
6037	group_6549	/Users/sanchezh/Desktop/tombombadil/TOMBOMBADIL6037
6038	group_6532	/Users/sanchezh/Desktop/tombombadil/TOMBOMBADIL6038
6039	group_6505	/Users/sanchezh/Desktop/tombombadil/TOMBOMBADIL6039
6040	group_6463	/Users/sanchezh/Desktop/tombombadil/TOMBOMBADIL6040
6041	group_6459	/Users/sanchezh/Desktop/tombombadil/TOMBOMBADIL6041
6042	yicE	/Users/sanchezh/Desktop/tombombadil/TOMBOMBADIL6042
6043	group_6423	/Users/sanchezh/Desktop/tombombadil/TOMBOMBADIL6043
6044	group_6412	/Users/sanchezh/Desktop/tombombadil/TOMBOMBADIL6044
6045	group_6359	/Users/sanchezh/Desktop/tombombadil/TOMBOMBADIL6045
6046	group_6310	/Users/sanchezh/Desktop/tombombadil/TOMBOMBADIL6046
6047	group_6305	/Users/sanchezh/Desktop/tombombadil/TOMBOMBADIL6047
6048	group_6291	/Users/sanchezh/Desktop/tombombadil/TOMBOMBADIL6048
6049	group_6189	/Users/sanchezh/Desktop/tombombadil/TOMBOMBADIL6049
6050	group_6147	/Users/sanchezh/Desktop/tombombadil/TOMBOMBADIL6050
6051	group_6137	/Users/sanchezh/Desktop/tombombadil/TOMBOMBADIL6051
6052	group_6105	/Users/sanchezh/Desktop/tombombadil/TOMBOMBADIL6052
6053	group_6065	/Users/sanchezh/Desktop/tombombadil/TOMBOMBADIL6053
6054	group_6059	/Users/sanchezh/Desktop/tombombadil/TOMBOMBADIL6054
6055	group_6051	/Users/sanchezh/Desktop/tombombadil/TOMBOMBADIL6055
6056	group_6042	/Users/sanchezh/Desktop/tombombadil/TOMBOMBADIL6056
6057	group_6038	/Users/sanchezh/Desktop/tombombadil/TOMBOMBADIL6057
6058	group_6035	/Users/sanchezh/Desktop/tombombadil/TOMBOMBADIL6058
6059	group_5996	/Users/sanchezh/Desktop/tombombadil/TOMBOMBADIL6059
6060	wcaF	/Users/sanchezh/Desktop/tombombadil/TOMBOMBADIL6060
6061	group_5864	/Users/sanchezh/Desktop/tombombadil/TOMBOMBADIL6061
6062	group_5860	/Users/sanchezh/Desktop/tombombadil/TOMBOMBADIL6062
6063	group_5836	/Users/sanchezh/Desktop/tombombadil/TOMBOMBADIL6063
6064	group_5814	/Users/sanchezh/Desktop/tombombadil/TOMBOMBADIL6064
6065	group_5811	/Users/sanchezh/Desktop/tombombadil/TOMBOMBADIL6065
6066	group_5808	/Users/sanchezh/Desktop/tombombadil/TOMBOMBADIL6066
6067	group_5801	/Users/sanchezh/Desktop/tombombadil/TOMBOMBADIL6067
6068	group_5783	/Users/sanchezh/Desktop/tombombadil/TOMBOMBADIL6068
6069	group_5759	/Users/sanchezh/Desktop/tombombadil/TOMBOMBADIL6069
6070	group_5752	/Users/sanchezh/Desktop/tombombadil/TOMBOMBADIL6070
6071	group_5750	/Users/sanchezh/Desktop/tombombadil/TOMBOMBADIL6071
6072	group_5732	/Users/sanchezh/Desktop/tombombadil/TOMBOMBADIL6072
6073	group_5731	/Users/sanchezh/Desktop/tombombadil/TOMBOMBADIL6073
6074	group_5712	/Users/sanchezh/Desktop/tombombadil/TOMBOMBADIL6074
6075	group_5699	/Users/sanchezh/Desktop/tombombadil/TOMBOMBADIL6075
6076	group_5682	/Users/sanchezh/Desktop/tombombadil/TOMBOMBADIL6076
6077	group_5624	/Users/sanchezh/Desktop/tombombadil/TOMBOMBADIL6077
6078	group_5618	/Users/sanchezh/Desktop/tombombadil/TOMBOMBADIL6078
6079	group_5597	/Users/sanchezh/Desktop/tombombadil/TOMBOMBADIL6079
6080	group_5587	/Users/sanchezh/Desktop/tombombadil/TOMBOMBADIL6080
6081	group_5584	/Users/sanchezh/Desktop/tombombadil/TOMBOMBADIL6081
6082	group_5570	/Users/sanchezh/Desktop/tombombadil/TOMBOMBADIL6082
6083	group_5540	/Users/sanchezh/Desktop/tombombadil/TOMBOMBADIL6083
6084	group_5538	/Users/sanchezh/Desktop/tombombadil/TOMBOMBADIL6084
6085	group_5506	/Users/sanchezh/Desktop/tombombadil/TOMBOMBADIL6085
6086	group_5487	/Users/sanchezh/Desktop/tombombadil/TOMBOMBADIL6086
6087	group_5459	/Users/sanchezh/Desktop/tombombadil/TOMBOMBADIL6087
6088	group_5431	/Users/sanchezh/Desktop/tombombadil/TOMBOMBADIL6088
6089	group_5408	/Users/sanchezh/Desktop/tombombadil/TOMBOMBADIL6089
6090	group_5395	/Users/sanchezh/Desktop/tombombadil/TOMBOMBADIL6090
6091	group_5379	/Users/sanchezh/Desktop/tombombadil/TOMBOMBADIL6091
6092	group_5363	/Users/sanchezh/Desktop/tombombadil/TOMBOMBADIL6092
6093	group_5326	/Users/sanchezh/Desktop/tombombadil/TOMBOMBADIL6093
6094	group_5307	/Users/sanchezh/Desktop/tombombadil/TOMBOMBADIL6094
6095	group_5283	/Users/sanchezh/Desktop/tombombadil/TOMBOMBADIL6095
6096	group_5210	/Users/sanchezh/Desktop/tombombadil/TOMBOMBADIL6096
6097	group_5199	/Users/sanchezh/Desktop/tombombadil/TOMBOMBADIL6097
6098	group_5196	/Users/sanchezh/Desktop/tombombadil/TOMBOMBADIL6098
6099	group_5176	/Users/sanchezh/Desktop/tombombadil/TOMBOMBADIL6099
6100	group_5175	/Users/sanchezh/Desktop/tombombadil/TOMBOMBADIL6100
6101	group_5141	/Users/sanchezh/Desktop/tombombadil/TOMBOMBADIL6101
6102	group_5133	/Users/sanchezh/Desktop/tombombadil/TOMBOMBADIL6102
6103	group_5131	/Users/sanchezh/Desktop/tombombadil/TOMBOMBADIL6103
6104	group_5130	/Users/sanchezh/Desktop/tombombadil/TOMBOMBADIL6104
6105	group_5127	/Users/sanchezh/Desktop/tombombadil/TOMBOMBADIL6105
6106	group_5124	/Users/sanchezh/Desktop/tombombadil/TOMBOMBADIL6106
6107	group_5123	/Users/sanchezh/Desktop/tombombadil/TOMBOMBADIL6107
6108	group_5118	/Users/sanchezh/Desktop/tombombadil/TOMBOMBADIL6108
6109	group_5072	/Users/sanchezh/Desktop/tombombadil/TOMBOMBADIL6109
6110	group_5015	/Users/sanchezh/Desktop/tombombadil/TOMBOMBADIL6110
6111	group_4997	/Users/sanchezh/Desktop/tombombadil/TOMBOMBADIL6111
6112	group_4995	/Users/sanchezh/Desktop/tombombadil/TOMBOMBADIL6112
6113	group_4959	/Users/sanchezh/Desktop/tombombadil/TOMBOMBADIL6113
6114	group_4923	/Users/sanchezh/Desktop/tombombadil/TOMBOMBADIL6114
6115	group_4904	/Users/sanchezh/Desktop/tombombadil/TOMBOMBADIL6115
6116	group_4903	/Users/sanchezh/Desktop/tombombadil/TOMBOMBADIL6116
6117	group_4887	/Users/sanchezh/Desktop/tombombadil/TOMBOMBADIL6117
6118	group_4880	/Users/sanchezh/Desktop/tombombadil/TOMBOMBADIL6118
6119	group_4878	/Users/sanchezh/Desktop/tombombadil/TOMBOMBADIL6119
6120	group_4873	/Users/sanchezh/Desktop/tombombadil/TOMBOMBADIL6120
6121	group_4852	/Users/sanchezh/Desktop/tombombadil/TOMBOMBADIL6121
6122	group_4848	/Users/sanchezh/Desktop/tombombadil/TOMBOMBADIL6122
6123	group_4824	/Users/sanchezh/Desktop/tombombadil/TOMBOMBADIL6123
6124	traE	/Users/sanchezh/Desktop/tombombadil/TOMBOMBADIL6124
6125	group_4793	/Users/sanchezh/Desktop/tombombadil/TOMBOMBADIL6125
6126	group_4767	/Users/sanchezh/Desktop/tombombadil/TOMBOMBADIL6126
6127	group_4758	/Users/sanchezh/Desktop/tombombadil/TOMBOMBADIL6127
6128	group_4753	/Users/sanchezh/Desktop/tombombadil/TOMBOMBADIL6128
6129	group_4738	/Users/sanchezh/Desktop/tombombadil/TOMBOMBADIL6129
6130	group_4727	/Users/sanchezh/Desktop/tombombadil/TOMBOMBADIL6130
6131	group_4726	/Users/sanchezh/Desktop/tombombadil/TOMBOMBADIL6131
6132	group_4725	/Users/sanchezh/Desktop/tombombadil/TOMBOMBADIL6132
6133	group_4724	/Users/sanchezh/Desktop/tombombadil/TOMBOMBADIL6133
6134	group_4723	/Users/sanchezh/Desktop/tombombadil/TOMBOMBADIL6134
6135	group_4715	/Users/sanchezh/Desktop/tombombadil/TOMBOMBADIL6135
6136	group_4674	/Users/sanchezh/Desktop/tombombadil/TOMBOMBADIL6136
6137	group_4670	/Users/sanchezh/Desktop/tombombadil/TOMBOMBADIL6137
6138	group_4666	/Users/sanchezh/Desktop/tombombadil/TOMBOMBADIL6138
6139	group_4663	/Users/sanchezh/Desktop/tombombadil/TOMBOMBADIL6139
6140	group_4640	/Users/sanchezh/Desktop/tombombadil/TOMBOMBADIL6140
6141	group_4632	/Users/sanchezh/Desktop/tombombadil/TOMBOMBADIL6141
6142	group_4625	/Users/sanchezh/Desktop/tombombadil/TOMBOMBADIL6142
6143	group_4610	/Users/sanchezh/Desktop/tombombadil/TOMBOMBADIL6143
6144	group_4566	/Users/sanchezh/Desktop/tombombadil/TOMBOMBADIL6144
6145	group_4538	/Users/sanchezh/Desktop/tombombadil/TOMBOMBADIL6145
6146	group_4511	/Users/sanchezh/Desktop/tombombadil/TOMBOMBADIL6146
6147	group_4504	/Users/sanchezh/Desktop/tombombadil/TOMBOMBADIL6147
6148	group_4503	/Users/sanchezh/Desktop/tombombadil/TOMBOMBADIL6148
6149	group_4479	/Users/sanchezh/Desktop/tombombadil/TOMBOMBADIL6149
6150	group_4465	/Users/sanchezh/Desktop/tombombadil/TOMBOMBADIL6150
6151	group_4464	/Users/sanchezh/Desktop/tombombadil/TOMBOMBADIL6151
6152	group_4463	/Users/sanchezh/Desktop/tombombadil/TOMBOMBADIL6152
6153	group_4459	/Users/sanchezh/Desktop/tombombadil/TOMBOMBADIL6153
6154	group_4450	/Users/sanchezh/Desktop/tombombadil/TOMBOMBADIL6154
6155	group_4406	/Users/sanchezh/Desktop/tombombadil/TOMBOMBADIL6155
6156	group_4401	/Users/sanchezh/Desktop/tombombadil/TOMBOMBADIL6156
6157	group_4388	/Users/sanchezh/Desktop/tombombadil/TOMBOMBADIL6157
6158	hlyD	/Users/sanchezh/Desktop/tombombadil/TOMBOMBADIL6158
6159	group_4376	/Users/sanchezh/Desktop/tombombadil/TOMBOMBADIL6159
6160	group_4323	/Users/sanchezh/Desktop/tombombadil/TOMBOMBADIL6160
6161	group_4266	/Users/sanchezh/Desktop/tombombadil/TOMBOMBADIL6161
6162	group_4263	/Users/sanchezh/Desktop/tombombadil/TOMBOMBADIL6162
6163	group_4259	/Users/sanchezh/Desktop/tombombadil/TOMBOMBADIL6163
6164	group_4257	/Users/sanchezh/Desktop/tombombadil/TOMBOMBADIL6164
6165	group_4251	/Users/sanchezh/Desktop/tombombadil/TOMBOMBADIL6165
6166	group_4226	/Users/sanchezh/Desktop/tombombadil/TOMBOMBADIL6166
6167	group_4202	/Users/sanchezh/Desktop/tombombadil/TOMBOMBADIL6167
6168	group_4143	/Users/sanchezh/Desktop/tombombadil/TOMBOMBADIL6168
6169	group_4118	/Users/sanchezh/Desktop/tombombadil/TOMBOMBADIL6169
6170	group_4098	/Users/sanchezh/Desktop/tombombadil/TOMBOMBADIL6170
6171	group_4095	/Users/sanchezh/Desktop/tombombadil/TOMBOMBADIL6171
6172	group_4036	/Users/sanchezh/Desktop/tombombadil/TOMBOMBADIL6172
6173	group_4019	/Users/sanchezh/Desktop/tombombadil/TOMBOMBADIL6173
6174	group_4008	/Users/sanchezh/Desktop/tombombadil/TOMBOMBADIL6174
6175	group_3991	/Users/sanchezh/Desktop/tombombadil/TOMBOMBADIL6175
6176	group_3982	/Users/sanchezh/Desktop/tombombadil/TOMBOMBADIL6176
6177	group_3958	/Users/sanchezh/Desktop/tombombadil/TOMBOMBADIL6177
6178	group_3939	/Users/sanchezh/Desktop/tombombadil/TOMBOMBADIL6178
6179	group_3919	/Users/sanchezh/Desktop/tombombadil/TOMBOMBADIL6179
6180	group_3869	/Users/sanchezh/Desktop/tombombadil/TOMBOMBADIL6180
6181	group_3831	/Users/sanchezh/Desktop/tombombadil/TOMBOMBADIL6181
6182	group_3775	/Users/sanchezh/Desktop/tombombadil/TOMBOMBADIL6182
6183	group_3762	/Users/sanchezh/Desktop/tombombadil/TOMBOMBADIL6183
6184	group_3746	/Users/sanchezh/Desktop/tombombadil/TOMBOMBADIL6184
6185	group_3737	/Users/sanchezh/Desktop/tombombadil/TOMBOMBADIL6185
6186	group_3688	/Users/sanchezh/Desktop/tombombadil/TOMBOMBADIL6186
6187	group_3681	/Users/sanchezh/Desktop/tombombadil/TOMBOMBADIL6187
6188	mefEn2	/Users/sanchezh/Desktop/tombombadil/TOMBOMBADIL6188
6189	group_3643	/Users/sanchezh/Desktop/tombombadil/TOMBOMBADIL6189
6190	group_3642	/Users/sanchezh/Desktop/tombombadil/TOMBOMBADIL6190
6191	group_3638	/Users/sanchezh/Desktop/tombombadil/TOMBOMBADIL6191
6192	qacE	/Users/sanchezh/Desktop/tombombadil/TOMBOMBADIL6192
6193	group_3630	/Users/sanchezh/Desktop/tombombadil/TOMBOMBADIL6193
6194	group_3611	/Users/sanchezh/Desktop/tombombadil/TOMBOMBADIL6194
6195	group_3594	/Users/sanchezh/Desktop/tombombadil/TOMBOMBADIL6195
6196	group_3552	/Users/sanchezh/Desktop/tombombadil/TOMBOMBADIL6196
6197	group_3544	/Users/sanchezh/Desktop/tombombadil/TOMBOMBADIL6197
6198	group_3540	/Users/sanchezh/Desktop/tombombadil/TOMBOMBADIL6198
6199	group_3539	/Users/sanchezh/Desktop/tombombadil/TOMBOMBADIL6199
6200	group_3534	/Users/sanchezh/Desktop/tombombadil/TOMBOMBADIL6200
6201	group_3434	/Users/sanchezh/Desktop/tombombadil/TOMBOMBADIL6201
6202	group_3425	/Users/sanchezh/Desktop/tombombadil/TOMBOMBADIL6202
6203	group_3351	/Users/sanchezh/Desktop/tombombadil/TOMBOMBADIL6203
6204	group_3313	/Users/sanchezh/Desktop/tombombadil/TOMBOMBADIL6204
6205	group_3282	/Users/sanchezh/Desktop/tombombadil/TOMBOMBADIL6205
6206	group_3252	/Users/sanchezh/Desktop/tombombadil/TOMBOMBADIL6206
6207	group_3244	/Users/sanchezh/Desktop/tombombadil/TOMBOMBADIL6207
6208	group_3221	/Users/sanchezh/Desktop/tombombadil/TOMBOMBADIL6208
6209	group_3210	/Users/sanchezh/Desktop/tombombadil/TOMBOMBADIL6209
6210	group_3209	/Users/sanchezh/Desktop/tombombadil/TOMBOMBADIL6210
6211	group_3159	/Users/sanchezh/Desktop/tombombadil/TOMBOMBADIL6211
6212	group_3102	/Users/sanchezh/Desktop/tombombadil/TOMBOMBADIL6212
6213	group_3074	/Users/sanchezh/Desktop/tombombadil/TOMBOMBADIL6213
6214	group_3072	/Users/sanchezh/Desktop/tombombadil/TOMBOMBADIL6214
6215	group_3062	/Users/sanchezh/Desktop/tombombadil/TOMBOMBADIL6215
6216	group_3061	/Users/sanchezh/Desktop/tombombadil/TOMBOMBADIL6216
6217	group_3060	/Users/sanchezh/Desktop/tombombadil/TOMBOMBADIL6217
6218	group_3058	/Users/sanchezh/Desktop/tombombadil/TOMBOMBADIL6218
6219	group_3057	/Users/sanchezh/Desktop/tombombadil/TOMBOMBADIL6219
6220	group_3054	/Users/sanchezh/Desktop/tombombadil/TOMBOMBADIL6220
6221	group_3052	/Users/sanchezh/Desktop/tombombadil/TOMBOMBADIL6221
6222	group_3050	/Users/sanchezh/Desktop/tombombadil/TOMBOMBADIL6222
6223	group_3049	/Users/sanchezh/Desktop/tombombadil/TOMBOMBADIL6223
6224	group_3046	/Users/sanchezh/Desktop/tombombadil/TOMBOMBADIL6224
6225	group_3044	/Users/sanchezh/Desktop/tombombadil/TOMBOMBADIL6225
6226	group_3042	/Users/sanchezh/Desktop/tombombadil/TOMBOMBADIL6226
6227	group_3039	/Users/sanchezh/Desktop/tombombadil/TOMBOMBADIL6227
6228	group_3038	/Users/sanchezh/Desktop/tombombadil/TOMBOMBADIL6228
6229	group_3037	/Users/sanchezh/Desktop/tombombadil/TOMBOMBADIL6229
6230	group_3036	/Users/sanchezh/Desktop/tombombadil/TOMBOMBADIL6230
6231	group_3035	/Users/sanchezh/Desktop/tombombadil/TOMBOMBADIL6231
6232	group_3034	/Users/sanchezh/Desktop/tombombadil/TOMBOMBADIL6232
6233	group_3033	/Users/sanchezh/Desktop/tombombadil/TOMBOMBADIL6233
6234	group_3032	/Users/sanchezh/Desktop/tombombadil/TOMBOMBADIL6234
6235	group_3030	/Users/sanchezh/Desktop/tombombadil/TOMBOMBADIL6235
6236	group_3027	/Users/sanchezh/Desktop/tombombadil/TOMBOMBADIL6236
6237	group_3025	/Users/sanchezh/Desktop/tombombadil/TOMBOMBADIL6237
6238	group_3024	/Users/sanchezh/Desktop/tombombadil/TOMBOMBADIL6238
6239	group_3023	/Users/sanchezh/Desktop/tombombadil/TOMBOMBADIL6239
6240	group_3021	/Users/sanchezh/Desktop/tombombadil/TOMBOMBADIL6240
6241	group_3020	/Users/sanchezh/Desktop/tombombadil/TOMBOMBADIL6241
6242	group_3017	/Users/sanchezh/Desktop/tombombadil/TOMBOMBADIL6242
6243	group_3016	/Users/sanchezh/Desktop/tombombadil/TOMBOMBADIL6243
6244	group_3014	/Users/sanchezh/Desktop/tombombadil/TOMBOMBADIL6244
6245	group_3013	/Users/sanchezh/Desktop/tombombadil/TOMBOMBADIL6245
6246	group_3012	/Users/sanchezh/Desktop/tombombadil/TOMBOMBADIL6246
6247	group_3002	/Users/sanchezh/Desktop/tombombadil/TOMBOMBADIL6247
6248	group_2994	/Users/sanchezh/Desktop/tombombadil/TOMBOMBADIL6248
6249	group_2921	/Users/sanchezh/Desktop/tombombadil/TOMBOMBADIL6249
6250	group_2915	/Users/sanchezh/Desktop/tombombadil/TOMBOMBADIL6250
6251	group_2899	/Users/sanchezh/Desktop/tombombadil/TOMBOMBADIL6251
6252	group_2848	/Users/sanchezh/Desktop/tombombadil/TOMBOMBADIL6252
6253	group_2846	/Users/sanchezh/Desktop/tombombadil/TOMBOMBADIL6253
6254	group_2812	/Users/sanchezh/Desktop/tombombadil/TOMBOMBADIL6254
6255	group_2764	/Users/sanchezh/Desktop/tombombadil/TOMBOMBADIL6255
6256	group_2737	/Users/sanchezh/Desktop/tombombadil/TOMBOMBADIL6256
6257	group_2727	/Users/sanchezh/Desktop/tombombadil/TOMBOMBADIL6257
6258	group_2713	/Users/sanchezh/Desktop/tombombadil/TOMBOMBADIL6258
6259	group_2654	/Users/sanchezh/Desktop/tombombadil/TOMBOMBADIL6259
6260	group_2643	/Users/sanchezh/Desktop/tombombadil/TOMBOMBADIL6260
6261	group_2639	/Users/sanchezh/Desktop/tombombadil/TOMBOMBADIL6261
6262	group_2635	/Users/sanchezh/Desktop/tombombadil/TOMBOMBADIL6262
6263	group_2634	/Users/sanchezh/Desktop/tombombadil/TOMBOMBADIL6263
6264	group_2629	/Users/sanchezh/Desktop/tombombadil/TOMBOMBADIL6264
6265	group_2625	/Users/sanchezh/Desktop/tombombadil/TOMBOMBADIL6265
6266	group_2621	/Users/sanchezh/Desktop/tombombadil/TOMBOMBADIL6266
6267	group_2617	/Users/sanchezh/Desktop/tombombadil/TOMBOMBADIL6267
6268	group_2612	/Users/sanchezh/Desktop/tombombadil/TOMBOMBADIL6268
6269	group_2607	/Users/sanchezh/Desktop/tombombadil/TOMBOMBADIL6269
6270	group_2602	/Users/sanchezh/Desktop/tombombadil/TOMBOMBADIL6270
6271	group_2598	/Users/sanchezh/Desktop/tombombadil/TOMBOMBADIL6271
6272	group_2594	/Users/sanchezh/Desktop/tombombadil/TOMBOMBADIL6272
6273	group_2585	/Users/sanchezh/Desktop/tombombadil/TOMBOMBADIL6273
6274	group_2576	/Users/sanchezh/Desktop/tombombadil/TOMBOMBADIL6274
6275	group_2573	/Users/sanchezh/Desktop/tombombadil/TOMBOMBADIL6275
6276	group_2570	/Users/sanchezh/Desktop/tombombadil/TOMBOMBADIL6276
6277	group_2568	/Users/sanchezh/Desktop/tombombadil/TOMBOMBADIL6277
6278	dnaJ	/Users/sanchezh/Desktop/tombombadil/TOMBOMBADIL6278
6279	group_2565	/Users/sanchezh/Desktop/tombombadil/TOMBOMBADIL6279
6280	group_2562	/Users/sanchezh/Desktop/tombombadil/TOMBOMBADIL6280
6281	group_2560	/Users/sanchezh/Desktop/tombombadil/TOMBOMBADIL6281
6282	group_2559	/Users/sanchezh/Desktop/tombombadil/TOMBOMBADIL6282
6283	group_2554	/Users/sanchezh/Desktop/tombombadil/TOMBOMBADIL6283
6284	group_2552	/Users/sanchezh/Desktop/tombombadil/TOMBOMBADIL6284
6285	group_2550	/Users/sanchezh/Desktop/tombombadil/TOMBOMBADIL6285
6286	group_2548	/Users/sanchezh/Desktop/tombombadil/TOMBOMBADIL6286
6287	group_2546	/Users/sanchezh/Desktop/tombombadil/TOMBOMBADIL6287
6288	group_2544	/Users/sanchezh/Desktop/tombombadil/TOMBOMBADIL6288
6289	group_2542	/Users/sanchezh/Desktop/tombombadil/TOMBOMBADIL6289
6290	group_2539	/Users/sanchezh/Desktop/tombombadil/TOMBOMBADIL6290
6291	group_2537	/Users/sanchezh/Desktop/tombombadil/TOMBOMBADIL6291
6292	group_2535	/Users/sanchezh/Desktop/tombombadil/TOMBOMBADIL6292
6293	group_2526	/Users/sanchezh/Desktop/tombombadil/TOMBOMBADIL6293
6294	group_2520	/Users/sanchezh/Desktop/tombombadil/TOMBOMBADIL6294
6295	group_2458	/Users/sanchezh/Desktop/tombombadil/TOMBOMBADIL6295
6296	group_2436	/Users/sanchezh/Desktop/tombombadil/TOMBOMBADIL6296
6297	group_2364	/Users/sanchezh/Desktop/tombombadil/TOMBOMBADIL6297
6298	group_2360	/Users/sanchezh/Desktop/tombombadil/TOMBOMBADIL6298
6299	group_2357	/Users/sanchezh/Desktop/tombombadil/TOMBOMBADIL6299
6300	group_2356	/Users/sanchezh/Desktop/tombombadil/TOMBOMBADIL6300
6301	group_2319	/Users/sanchezh/Desktop/tombombadil/TOMBOMBADIL6301
6302	group_2301	/Users/sanchezh/Desktop/tombombadil/TOMBOMBADIL6302
6303	group_2255	/Users/sanchezh/Desktop/tombombadil/TOMBOMBADIL6303
6304	group_2240	/Users/sanchezh/Desktop/tombombadil/TOMBOMBADIL6304
6305	group_2235	/Users/sanchezh/Desktop/tombombadil/TOMBOMBADIL6305
6306	group_2229	/Users/sanchezh/Desktop/tombombadil/TOMBOMBADIL6306
6307	group_2209	/Users/sanchezh/Desktop/tombombadil/TOMBOMBADIL6307
6308	group_2207	/Users/sanchezh/Desktop/tombombadil/TOMBOMBADIL6308
6309	group_2205	/Users/sanchezh/Desktop/tombombadil/TOMBOMBADIL6309
6310	group_2203	/Users/sanchezh/Desktop/tombombadil/TOMBOMBADIL6310
6311	group_2201	/Users/sanchezh/Desktop/tombombadil/TOMBOMBADIL6311
6312	group_2146	/Users/sanchezh/Desktop/tombombadil/TOMBOMBADIL6312
6313	group_2133	/Users/sanchezh/Desktop/tombombadil/TOMBOMBADIL6313
6314	group_2109	/Users/sanchezh/Desktop/tombombadil/TOMBOMBADIL6314
6315	group_2107	/Users/sanchezh/Desktop/tombombadil/TOMBOMBADIL6315
6316	group_2039	/Users/sanchezh/Desktop/tombombadil/TOMBOMBADIL6316
6317	group_2035	/Users/sanchezh/Desktop/tombombadil/TOMBOMBADIL6317
6318	group_2026	/Users/sanchezh/Desktop/tombombadil/TOMBOMBADIL6318
6319	group_2024	/Users/sanchezh/Desktop/tombombadil/TOMBOMBADIL6319
6320	group_2013	/Users/sanchezh/Desktop/tombombadil/TOMBOMBADIL6320
6321	group_1972	/Users/sanchezh/Desktop/tombombadil/TOMBOMBADIL6321
6322	group_1970	/Users/sanchezh/Desktop/tombombadil/TOMBOMBADIL6322
6323	group_1964	/Users/sanchezh/Desktop/tombombadil/TOMBOMBADIL6323
6324	group_1946	/Users/sanchezh/Desktop/tombombadil/TOMBOMBADIL6324
6325	group_1935	/Users/sanchezh/Desktop/tombombadil/TOMBOMBADIL6325
6326	group_1881	/Users/sanchezh/Desktop/tombombadil/TOMBOMBADIL6326
6327	group_1803	/Users/sanchezh/Desktop/tombombadil/TOMBOMBADIL6327
6328	group_1748	/Users/sanchezh/Desktop/tombombadil/TOMBOMBADIL6328
6329	group_1629	/Users/sanchezh/Desktop/tombombadil/TOMBOMBADIL6329
6330	group_1596	/Users/sanchezh/Desktop/tombombadil/TOMBOMBADIL6330
6331	group_1534	/Users/sanchezh/Desktop/tombombadil/TOMBOMBADIL6331
6332	group_1520	/Users/sanchezh/Desktop/tombombadil/TOMBOMBADIL6332
6333	group_1455	/Users/sanchezh/Desktop/tombombadil/TOMBOMBADIL6333
6334	group_1427	/Users/sanchezh/Desktop/tombombadil/TOMBOMBADIL6334
6335	group_1337	/Users/sanchezh/Desktop/tombombadil/TOMBOMBADIL6335
6336	group_1266	/Users/sanchezh/Desktop/tombombadil/TOMBOMBADIL6336
6337	group_1192	/Users/sanchezh/Desktop/tombombadil/TOMBOMBADIL6337
6338	group_1152	/Users/sanchezh/Desktop/tombombadil/TOMBOMBADIL6338
6339	group_1143	/Users/sanchezh/Desktop/tombombadil/TOMBOMBADIL6339
6340	group_1140	/Users/sanchezh/Desktop/tombombadil/TOMBOMBADIL6340
6341	group_1128	/Users/sanchezh/Desktop/tombombadil/TOMBOMBADIL6341
6342	group_1085	/Users/sanchezh/Desktop/tombombadil/TOMBOMBADIL6342
6343	group_1080	/Users/sanchezh/Desktop/tombombadil/TOMBOMBADIL6343
6344	group_1065	/Users/sanchezh/Desktop/tombombadil/TOMBOMBADIL6344
6345	group_1048	/Users/sanchezh/Desktop/tombombadil/TOMBOMBADIL6345
6346	group_980	/Users/sanchezh/Desktop/tombombadil/TOMBOMBADIL6346
6347	group_973	/Users/sanchezh/Desktop/tombombadil/TOMBOMBADIL6347
6348	group_962	/Users/sanchezh/Desktop/tombombadil/TOMBOMBADIL6348
6349	group_952	/Users/sanchezh/Desktop/tombombadil/TOMBOMBADIL6349
6350	group_929	/Users/sanchezh/Desktop/tombombadil/TOMBOMBADIL6350
6351	group_911	/Users/sanchezh/Desktop/tombombadil/TOMBOMBADIL6351
6352	group_857	/Users/sanchezh/Desktop/tombombadil/TOMBOMBADIL6352
6353	group_853	/Users/sanchezh/Desktop/tombombadil/TOMBOMBADIL6353
6354	group_840	/Users/sanchezh/Desktop/tombombadil/TOMBOMBADIL6354
6355	group_777	/Users/sanchezh/Desktop/tombombadil/TOMBOMBADIL6355
6356	group_771	/Users/sanchezh/Desktop/tombombadil/TOMBOMBADIL6356
6357	group_760	/Users/sanchezh/Desktop/tombombadil/TOMBOMBADIL6357
6358	group_711	/Users/sanchezh/Desktop/tombombadil/TOMBOMBADIL6358
6359	group_562	/Users/sanchezh/Desktop/tombombadil/TOMBOMBADIL6359
6360	macB	/Users/sanchezh/Desktop/tombombadil/TOMBOMBADIL6360
6361	group_439	/Users/sanchezh/Desktop/tombombadil/TOMBOMBADIL6361
6362	group_435	/Users/sanchezh/Desktop/tombombadil/TOMBOMBADIL6362
6363	group_405	/Users/sanchezh/Desktop/tombombadil/TOMBOMBADIL6363
6364	group_380	/Users/sanchezh/Desktop/tombombadil/TOMBOMBADIL6364
6365	traG	/Users/sanchezh/Desktop/tombombadil/TOMBOMBADIL6365
6366	group_318	/Users/sanchezh/Desktop/tombombadil/TOMBOMBADIL6366
6367	group_233	/Users/sanchezh/Desktop/tombombadil/TOMBOMBADIL6367
6368	group_225	/Users/sanchezh/Desktop/tombombadil/TOMBOMBADIL6368
6369	group_211	/Users/sanchezh/Desktop/tombombadil/TOMBOMBADIL6369
6370	group_130	/Users/sanchezh/Desktop/tombombadil/TOMBOMBADIL6370
6371	group_126	/Users/sanchezh/Desktop/tombombadil/TOMBOMBADIL6371
6372	group_16413	/Users/sanchezh/Desktop/tombombadil/TOMBOMBADIL6372
6373	group_16380	/Users/sanchezh/Desktop/tombombadil/TOMBOMBADIL6373
6374	group_16377	/Users/sanchezh/Desktop/tombombadil/TOMBOMBADIL6374
6375	group_16376	/Users/sanchezh/Desktop/tombombadil/TOMBOMBADIL6375
6376	group_16375	/Users/sanchezh/Desktop/tombombadil/TOMBOMBADIL6376
6377	group_16373	/Users/sanchezh/Desktop/tombombadil/TOMBOMBADIL6377
6378	group_16371	/Users/sanchezh/Desktop/tombombadil/TOMBOMBADIL6378
6379	group_16370	/Users/sanchezh/Desktop/tombombadil/TOMBOMBADIL6379
6380	group_16369	/Users/sanchezh/Desktop/tombombadil/TOMBOMBADIL6380
6381	group_16368	/Users/sanchezh/Desktop/tombombadil/TOMBOMBADIL6381
6382	group_16251	/Users/sanchezh/Desktop/tombombadil/TOMBOMBADIL6382
6383	group_16246	/Users/sanchezh/Desktop/tombombadil/TOMBOMBADIL6383
6384	group_16199	/Users/sanchezh/Desktop/tombombadil/TOMBOMBADIL6384
6385	group_16193	/Users/sanchezh/Desktop/tombombadil/TOMBOMBADIL6385
6386	group_16177	/Users/sanchezh/Desktop/tombombadil/TOMBOMBADIL6386
6387	group_16165	/Users/sanchezh/Desktop/tombombadil/TOMBOMBADIL6387
6388	group_16159	/Users/sanchezh/Desktop/tombombadil/TOMBOMBADIL6388
6389	group_15990	/Users/sanchezh/Desktop/tombombadil/TOMBOMBADIL6389
6390	group_15937	/Users/sanchezh/Desktop/tombombadil/TOMBOMBADIL6390
6391	group_15927	/Users/sanchezh/Desktop/tombombadil/TOMBOMBADIL6391
6392	group_15891	/Users/sanchezh/Desktop/tombombadil/TOMBOMBADIL6392
6393	group_15859	/Users/sanchezh/Desktop/tombombadil/TOMBOMBADIL6393
6394	group_15833	/Users/sanchezh/Desktop/tombombadil/TOMBOMBADIL6394
6395	group_15807	/Users/sanchezh/Desktop/tombombadil/TOMBOMBADIL6395
6396	group_15782	/Users/sanchezh/Desktop/tombombadil/TOMBOMBADIL6396
6397	group_15748	/Users/sanchezh/Desktop/tombombadil/TOMBOMBADIL6397
6398	group_15702	/Users/sanchezh/Desktop/tombombadil/TOMBOMBADIL6398
6399	group_15697	/Users/sanchezh/Desktop/tombombadil/TOMBOMBADIL6399
6400	group_15680	/Users/sanchezh/Desktop/tombombadil/TOMBOMBADIL6400
6401	group_15672	/Users/sanchezh/Desktop/tombombadil/TOMBOMBADIL6401
6402	group_15661	/Users/sanchezh/Desktop/tombombadil/TOMBOMBADIL6402
6403	group_15643	/Users/sanchezh/Desktop/tombombadil/TOMBOMBADIL6403
6404	group_15604	/Users/sanchezh/Desktop/tombombadil/TOMBOMBADIL6404
6405	group_15557	/Users/sanchezh/Desktop/tombombadil/TOMBOMBADIL6405
6406	group_15522	/Users/sanchezh/Desktop/tombombadil/TOMBOMBADIL6406
6407	group_15514	/Users/sanchezh/Desktop/tombombadil/TOMBOMBADIL6407
6408	group_15464	/Users/sanchezh/Desktop/tombombadil/TOMBOMBADIL6408
6409	group_15463	/Users/sanchezh/Desktop/tombombadil/TOMBOMBADIL6409
6410	group_15444	/Users/sanchezh/Desktop/tombombadil/TOMBOMBADIL6410
6411	group_15443	/Users/sanchezh/Desktop/tombombadil/TOMBOMBADIL6411
6412	group_15441	/Users/sanchezh/Desktop/tombombadil/TOMBOMBADIL6412
6413	group_15398	/Users/sanchezh/Desktop/tombombadil/TOMBOMBADIL6413
6414	group_15396	/Users/sanchezh/Desktop/tombombadil/TOMBOMBADIL6414
6415	group_15368	/Users/sanchezh/Desktop/tombombadil/TOMBOMBADIL6415
6416	group_15360	/Users/sanchezh/Desktop/tombombadil/TOMBOMBADIL6416
6417	group_15316	/Users/sanchezh/Desktop/tombombadil/TOMBOMBADIL6417
6418	group_15285	/Users/sanchezh/Desktop/tombombadil/TOMBOMBADIL6418
6419	group_15242	/Users/sanchezh/Desktop/tombombadil/TOMBOMBADIL6419
6420	group_15234	/Users/sanchezh/Desktop/tombombadil/TOMBOMBADIL6420
6421	group_15222	/Users/sanchezh/Desktop/tombombadil/TOMBOMBADIL6421
6422	group_15219	/Users/sanchezh/Desktop/tombombadil/TOMBOMBADIL6422
6423	group_15180	/Users/sanchezh/Desktop/tombombadil/TOMBOMBADIL6423
6424	group_15176	/Users/sanchezh/Desktop/tombombadil/TOMBOMBADIL6424
6425	group_15145	/Users/sanchezh/Desktop/tombombadil/TOMBOMBADIL6425
6426	group_15142	/Users/sanchezh/Desktop/tombombadil/TOMBOMBADIL6426
6427	group_15111	/Users/sanchezh/Desktop/tombombadil/TOMBOMBADIL6427
6428	group_15083	/Users/sanchezh/Desktop/tombombadil/TOMBOMBADIL6428
6429	group_15081	/Users/sanchezh/Desktop/tombombadil/TOMBOMBADIL6429
6430	group_15009	/Users/sanchezh/Desktop/tombombadil/TOMBOMBADIL6430
6431	group_15007	/Users/sanchezh/Desktop/tombombadil/TOMBOMBADIL6431
6432	group_14986	/Users/sanchezh/Desktop/tombombadil/TOMBOMBADIL6432
6433	group_14979	/Users/sanchezh/Desktop/tombombadil/TOMBOMBADIL6433
6434	group_14974	/Users/sanchezh/Desktop/tombombadil/TOMBOMBADIL6434
6435	group_14934	/Users/sanchezh/Desktop/tombombadil/TOMBOMBADIL6435
6436	group_14889	/Users/sanchezh/Desktop/tombombadil/TOMBOMBADIL6436
6437	group_14851	/Users/sanchezh/Desktop/tombombadil/TOMBOMBADIL6437
6438	group_14792	/Users/sanchezh/Desktop/tombombadil/TOMBOMBADIL6438
6439	group_14738	/Users/sanchezh/Desktop/tombombadil/TOMBOMBADIL6439
6440	group_14736	/Users/sanchezh/Desktop/tombombadil/TOMBOMBADIL6440
6441	group_14718	/Users/sanchezh/Desktop/tombombadil/TOMBOMBADIL6441
6442	group_14716	/Users/sanchezh/Desktop/tombombadil/TOMBOMBADIL6442
6443	group_14706	/Users/sanchezh/Desktop/tombombadil/TOMBOMBADIL6443
6444	group_14621	/Users/sanchezh/Desktop/tombombadil/TOMBOMBADIL6444
6445	group_14620	/Users/sanchezh/Desktop/tombombadil/TOMBOMBADIL6445
6446	group_14574	/Users/sanchezh/Desktop/tombombadil/TOMBOMBADIL6446
6447	group_14538	/Users/sanchezh/Desktop/tombombadil/TOMBOMBADIL6447
6448	group_14528	/Users/sanchezh/Desktop/tombombadil/TOMBOMBADIL6448
6449	group_14523	/Users/sanchezh/Desktop/tombombadil/TOMBOMBADIL6449
6450	group_14521	/Users/sanchezh/Desktop/tombombadil/TOMBOMBADIL6450
6451	group_14482	/Users/sanchezh/Desktop/tombombadil/TOMBOMBADIL6451
6452	group_14435	/Users/sanchezh/Desktop/tombombadil/TOMBOMBADIL6452
6453	group_14405	/Users/sanchezh/Desktop/tombombadil/TOMBOMBADIL6453
6454	group_14403	/Users/sanchezh/Desktop/tombombadil/TOMBOMBADIL6454
6455	group_14394	/Users/sanchezh/Desktop/tombombadil/TOMBOMBADIL6455
6456	group_14383	/Users/sanchezh/Desktop/tombombadil/TOMBOMBADIL6456
6457	group_14381	/Users/sanchezh/Desktop/tombombadil/TOMBOMBADIL6457
6458	group_14375	/Users/sanchezh/Desktop/tombombadil/TOMBOMBADIL6458
6459	group_14372	/Users/sanchezh/Desktop/tombombadil/TOMBOMBADIL6459
6460	group_14370	/Users/sanchezh/Desktop/tombombadil/TOMBOMBADIL6460
6461	group_14363	/Users/sanchezh/Desktop/tombombadil/TOMBOMBADIL6461
6462	group_14362	/Users/sanchezh/Desktop/tombombadil/TOMBOMBADIL6462
6463	group_14357	/Users/sanchezh/Desktop/tombombadil/TOMBOMBADIL6463
6464	group_14339	/Users/sanchezh/Desktop/tombombadil/TOMBOMBADIL6464
6465	group_14310	/Users/sanchezh/Desktop/tombombadil/TOMBOMBADIL6465
6466	group_14309	/Users/sanchezh/Desktop/tombombadil/TOMBOMBADIL6466
6467	group_14282	/Users/sanchezh/Desktop/tombombadil/TOMBOMBADIL6467
6468	group_14256	/Users/sanchezh/Desktop/tombombadil/TOMBOMBADIL6468
6469	group_14251	/Users/sanchezh/Desktop/tombombadil/TOMBOMBADIL6469
6470	group_14246	/Users/sanchezh/Desktop/tombombadil/TOMBOMBADIL6470
6471	group_14239	/Users/sanchezh/Desktop/tombombadil/TOMBOMBADIL6471
6472	group_14216	/Users/sanchezh/Desktop/tombombadil/TOMBOMBADIL6472
6473	group_14214	/Users/sanchezh/Desktop/tombombadil/TOMBOMBADIL6473
6474	group_14167	/Users/sanchezh/Desktop/tombombadil/TOMBOMBADIL6474
6475	group_14166	/Users/sanchezh/Desktop/tombombadil/TOMBOMBADIL6475
6476	group_14161	/Users/sanchezh/Desktop/tombombadil/TOMBOMBADIL6476
6477	group_14120	/Users/sanchezh/Desktop/tombombadil/TOMBOMBADIL6477
6478	group_14112	/Users/sanchezh/Desktop/tombombadil/TOMBOMBADIL6478
6479	group_14109	/Users/sanchezh/Desktop/tombombadil/TOMBOMBADIL6479
6480	group_14085	/Users/sanchezh/Desktop/tombombadil/TOMBOMBADIL6480
6481	group_14081	/Users/sanchezh/Desktop/tombombadil/TOMBOMBADIL6481
6482	group_14053	/Users/sanchezh/Desktop/tombombadil/TOMBOMBADIL6482
6483	group_14051	/Users/sanchezh/Desktop/tombombadil/TOMBOMBADIL6483
6484	group_14003	/Users/sanchezh/Desktop/tombombadil/TOMBOMBADIL6484
6485	group_13996	/Users/sanchezh/Desktop/tombombadil/TOMBOMBADIL6485
6486	group_13980	/Users/sanchezh/Desktop/tombombadil/TOMBOMBADIL6486
6487	group_13968	/Users/sanchezh/Desktop/tombombadil/TOMBOMBADIL6487
6488	group_13962	/Users/sanchezh/Desktop/tombombadil/TOMBOMBADIL6488
6489	group_13867	/Users/sanchezh/Desktop/tombombadil/TOMBOMBADIL6489
6490	group_13866	/Users/sanchezh/Desktop/tombombadil/TOMBOMBADIL6490
6491	mazG	/Users/sanchezh/Desktop/tombombadil/TOMBOMBADIL6491
6492	group_13836	/Users/sanchezh/Desktop/tombombadil/TOMBOMBADIL6492
6493	group_13822	/Users/sanchezh/Desktop/tombombadil/TOMBOMBADIL6493
6494	group_13819	/Users/sanchezh/Desktop/tombombadil/TOMBOMBADIL6494
6495	group_13787	/Users/sanchezh/Desktop/tombombadil/TOMBOMBADIL6495
6496	group_13783	/Users/sanchezh/Desktop/tombombadil/TOMBOMBADIL6496
6497	group_13767	/Users/sanchezh/Desktop/tombombadil/TOMBOMBADIL6497
6498	group_13757	/Users/sanchezh/Desktop/tombombadil/TOMBOMBADIL6498
6499	group_13754	/Users/sanchezh/Desktop/tombombadil/TOMBOMBADIL6499
6500	group_13720	/Users/sanchezh/Desktop/tombombadil/TOMBOMBADIL6500
6501	group_13719	/Users/sanchezh/Desktop/tombombadil/TOMBOMBADIL6501
6502	group_13718	/Users/sanchezh/Desktop/tombombadil/TOMBOMBADIL6502
6503	group_13714	/Users/sanchezh/Desktop/tombombadil/TOMBOMBADIL6503
6504	group_13695	/Users/sanchezh/Desktop/tombombadil/TOMBOMBADIL6504
6505	group_13666	/Users/sanchezh/Desktop/tombombadil/TOMBOMBADIL6505
6506	group_13662	/Users/sanchezh/Desktop/tombombadil/TOMBOMBADIL6506
6507	group_13661	/Users/sanchezh/Desktop/tombombadil/TOMBOMBADIL6507
6508	group_13643	/Users/sanchezh/Desktop/tombombadil/TOMBOMBADIL6508
6509	group_13636	/Users/sanchezh/Desktop/tombombadil/TOMBOMBADIL6509
6510	group_13629	/Users/sanchezh/Desktop/tombombadil/TOMBOMBADIL6510
6511	group_13602	/Users/sanchezh/Desktop/tombombadil/TOMBOMBADIL6511
6512	group_13585	/Users/sanchezh/Desktop/tombombadil/TOMBOMBADIL6512
6513	group_13580	/Users/sanchezh/Desktop/tombombadil/TOMBOMBADIL6513
6514	group_13579	/Users/sanchezh/Desktop/tombombadil/TOMBOMBADIL6514
6515	group_13576	/Users/sanchezh/Desktop/tombombadil/TOMBOMBADIL6515
6516	group_13557	/Users/sanchezh/Desktop/tombombadil/TOMBOMBADIL6516
6517	group_13539	/Users/sanchezh/Desktop/tombombadil/TOMBOMBADIL6517
6518	group_13537	/Users/sanchezh/Desktop/tombombadil/TOMBOMBADIL6518
6519	group_13536	/Users/sanchezh/Desktop/tombombadil/TOMBOMBADIL6519
6520	group_13518	/Users/sanchezh/Desktop/tombombadil/TOMBOMBADIL6520
6521	group_13505	/Users/sanchezh/Desktop/tombombadil/TOMBOMBADIL6521
6522	group_13485	/Users/sanchezh/Desktop/tombombadil/TOMBOMBADIL6522
6523	group_13457	/Users/sanchezh/Desktop/tombombadil/TOMBOMBADIL6523
6524	group_13433	/Users/sanchezh/Desktop/tombombadil/TOMBOMBADIL6524
6525	group_13423	/Users/sanchezh/Desktop/tombombadil/TOMBOMBADIL6525
6526	group_13414	/Users/sanchezh/Desktop/tombombadil/TOMBOMBADIL6526
6527	group_13385	/Users/sanchezh/Desktop/tombombadil/TOMBOMBADIL6527
6528	higA	/Users/sanchezh/Desktop/tombombadil/TOMBOMBADIL6528
6529	group_13384	/Users/sanchezh/Desktop/tombombadil/TOMBOMBADIL6529
6530	group_13381	/Users/sanchezh/Desktop/tombombadil/TOMBOMBADIL6530
6531	group_13362	/Users/sanchezh/Desktop/tombombadil/TOMBOMBADIL6531
6532	group_13357	/Users/sanchezh/Desktop/tombombadil/TOMBOMBADIL6532
6533	group_13356	/Users/sanchezh/Desktop/tombombadil/TOMBOMBADIL6533
6534	group_13334	/Users/sanchezh/Desktop/tombombadil/TOMBOMBADIL6534
6535	group_13331	/Users/sanchezh/Desktop/tombombadil/TOMBOMBADIL6535
6536	group_13330	/Users/sanchezh/Desktop/tombombadil/TOMBOMBADIL6536
6537	group_13307	/Users/sanchezh/Desktop/tombombadil/TOMBOMBADIL6537
6538	group_13294	/Users/sanchezh/Desktop/tombombadil/TOMBOMBADIL6538
6539	group_13293	/Users/sanchezh/Desktop/tombombadil/TOMBOMBADIL6539
6540	group_13282	/Users/sanchezh/Desktop/tombombadil/TOMBOMBADIL6540
6541	group_13239	/Users/sanchezh/Desktop/tombombadil/TOMBOMBADIL6541
6542	group_13218	/Users/sanchezh/Desktop/tombombadil/TOMBOMBADIL6542
6543	group_13184	/Users/sanchezh/Desktop/tombombadil/TOMBOMBADIL6543
6544	group_13177	/Users/sanchezh/Desktop/tombombadil/TOMBOMBADIL6544
6545	group_13152	/Users/sanchezh/Desktop/tombombadil/TOMBOMBADIL6545
6546	group_13129	/Users/sanchezh/Desktop/tombombadil/TOMBOMBADIL6546
6547	group_13106	/Users/sanchezh/Desktop/tombombadil/TOMBOMBADIL6547
6548	group_13041	/Users/sanchezh/Desktop/tombombadil/TOMBOMBADIL6548
6549	group_13017	/Users/sanchezh/Desktop/tombombadil/TOMBOMBADIL6549
6550	group_13016	/Users/sanchezh/Desktop/tombombadil/TOMBOMBADIL6550
6551	group_12994	/Users/sanchezh/Desktop/tombombadil/TOMBOMBADIL6551
6552	group_12993	/Users/sanchezh/Desktop/tombombadil/TOMBOMBADIL6552
6553	group_12942	/Users/sanchezh/Desktop/tombombadil/TOMBOMBADIL6553
6554	group_12914	/Users/sanchezh/Desktop/tombombadil/TOMBOMBADIL6554
6555	group_12881	/Users/sanchezh/Desktop/tombombadil/TOMBOMBADIL6555
6556	group_12864	/Users/sanchezh/Desktop/tombombadil/TOMBOMBADIL6556
6557	group_12818	/Users/sanchezh/Desktop/tombombadil/TOMBOMBADIL6557
6558	group_12807	/Users/sanchezh/Desktop/tombombadil/TOMBOMBADIL6558
6559	group_12804	/Users/sanchezh/Desktop/tombombadil/TOMBOMBADIL6559
6560	group_12794	/Users/sanchezh/Desktop/tombombadil/TOMBOMBADIL6560
6561	group_12773	/Users/sanchezh/Desktop/tombombadil/TOMBOMBADIL6561
6562	group_12767	/Users/sanchezh/Desktop/tombombadil/TOMBOMBADIL6562
6563	group_12752	/Users/sanchezh/Desktop/tombombadil/TOMBOMBADIL6563
6564	group_12747	/Users/sanchezh/Desktop/tombombadil/TOMBOMBADIL6564
6565	group_12746	/Users/sanchezh/Desktop/tombombadil/TOMBOMBADIL6565
6566	group_12719	/Users/sanchezh/Desktop/tombombadil/TOMBOMBADIL6566
6567	group_12692	/Users/sanchezh/Desktop/tombombadil/TOMBOMBADIL6567
6568	group_12691	/Users/sanchezh/Desktop/tombombadil/TOMBOMBADIL6568
6569	gemA	/Users/sanchezh/Desktop/tombombadil/TOMBOMBADIL6569
6570	group_12661	/Users/sanchezh/Desktop/tombombadil/TOMBOMBADIL6570
6571	group_12656	/Users/sanchezh/Desktop/tombombadil/TOMBOMBADIL6571
6572	group_12641	/Users/sanchezh/Desktop/tombombadil/TOMBOMBADIL6572
6573	group_12640	/Users/sanchezh/Desktop/tombombadil/TOMBOMBADIL6573
6574	group_12632	/Users/sanchezh/Desktop/tombombadil/TOMBOMBADIL6574
6575	group_12629	/Users/sanchezh/Desktop/tombombadil/TOMBOMBADIL6575
6576	group_12606	/Users/sanchezh/Desktop/tombombadil/TOMBOMBADIL6576
6577	group_12553	/Users/sanchezh/Desktop/tombombadil/TOMBOMBADIL6577
6578	group_12551	/Users/sanchezh/Desktop/tombombadil/TOMBOMBADIL6578
6579	group_12531	/Users/sanchezh/Desktop/tombombadil/TOMBOMBADIL6579
6580	group_12513	/Users/sanchezh/Desktop/tombombadil/TOMBOMBADIL6580
6581	group_12507	/Users/sanchezh/Desktop/tombombadil/TOMBOMBADIL6581
6582	group_12506	/Users/sanchezh/Desktop/tombombadil/TOMBOMBADIL6582
6583	group_12502	/Users/sanchezh/Desktop/tombombadil/TOMBOMBADIL6583
6584	group_12482	/Users/sanchezh/Desktop/tombombadil/TOMBOMBADIL6584
6585	group_12476	/Users/sanchezh/Desktop/tombombadil/TOMBOMBADIL6585
6586	group_12453	/Users/sanchezh/Desktop/tombombadil/TOMBOMBADIL6586
6587	group_12449	/Users/sanchezh/Desktop/tombombadil/TOMBOMBADIL6587
6588	group_12445	/Users/sanchezh/Desktop/tombombadil/TOMBOMBADIL6588
6589	group_12417	/Users/sanchezh/Desktop/tombombadil/TOMBOMBADIL6589
6590	group_12385	/Users/sanchezh/Desktop/tombombadil/TOMBOMBADIL6590
6591	group_12383	/Users/sanchezh/Desktop/tombombadil/TOMBOMBADIL6591
6592	group_12382	/Users/sanchezh/Desktop/tombombadil/TOMBOMBADIL6592
6593	group_12377	/Users/sanchezh/Desktop/tombombadil/TOMBOMBADIL6593
6594	group_12351	/Users/sanchezh/Desktop/tombombadil/TOMBOMBADIL6594
6595	group_12328	/Users/sanchezh/Desktop/tombombadil/TOMBOMBADIL6595
6596	group_12302	/Users/sanchezh/Desktop/tombombadil/TOMBOMBADIL6596
6597	group_12297	/Users/sanchezh/Desktop/tombombadil/TOMBOMBADIL6597
6598	group_12279	/Users/sanchezh/Desktop/tombombadil/TOMBOMBADIL6598
6599	group_12269	/Users/sanchezh/Desktop/tombombadil/TOMBOMBADIL6599
6600	group_12256	/Users/sanchezh/Desktop/tombombadil/TOMBOMBADIL6600
6601	group_12208	/Users/sanchezh/Desktop/tombombadil/TOMBOMBADIL6601
6602	group_12204	/Users/sanchezh/Desktop/tombombadil/TOMBOMBADIL6602
6603	group_12203	/Users/sanchezh/Desktop/tombombadil/TOMBOMBADIL6603
6604	group_12187	/Users/sanchezh/Desktop/tombombadil/TOMBOMBADIL6604
6605	group_12182	/Users/sanchezh/Desktop/tombombadil/TOMBOMBADIL6605
6606	group_12181	/Users/sanchezh/Desktop/tombombadil/TOMBOMBADIL6606
6607	group_12167	/Users/sanchezh/Desktop/tombombadil/TOMBOMBADIL6607
6608	group_12162	/Users/sanchezh/Desktop/tombombadil/TOMBOMBADIL6608
6609	group_12085	/Users/sanchezh/Desktop/tombombadil/TOMBOMBADIL6609
6610	group_12072	/Users/sanchezh/Desktop/tombombadil/TOMBOMBADIL6610
6611	group_12065	/Users/sanchezh/Desktop/tombombadil/TOMBOMBADIL6611
6612	group_12024	/Users/sanchezh/Desktop/tombombadil/TOMBOMBADIL6612
6613	group_11978	/Users/sanchezh/Desktop/tombombadil/TOMBOMBADIL6613
6614	group_11957	/Users/sanchezh/Desktop/tombombadil/TOMBOMBADIL6614
6615	group_11935	/Users/sanchezh/Desktop/tombombadil/TOMBOMBADIL6615
6616	group_11931	/Users/sanchezh/Desktop/tombombadil/TOMBOMBADIL6616
6617	group_11909	/Users/sanchezh/Desktop/tombombadil/TOMBOMBADIL6617
6618	group_11870	/Users/sanchezh/Desktop/tombombadil/TOMBOMBADIL6618
6619	group_11851	/Users/sanchezh/Desktop/tombombadil/TOMBOMBADIL6619
6620	group_11808	/Users/sanchezh/Desktop/tombombadil/TOMBOMBADIL6620
6621	group_11801	/Users/sanchezh/Desktop/tombombadil/TOMBOMBADIL6621
6622	group_11795	/Users/sanchezh/Desktop/tombombadil/TOMBOMBADIL6622
6623	group_11765	/Users/sanchezh/Desktop/tombombadil/TOMBOMBADIL6623
6624	group_11701	/Users/sanchezh/Desktop/tombombadil/TOMBOMBADIL6624
6625	group_11591	/Users/sanchezh/Desktop/tombombadil/TOMBOMBADIL6625
6626	group_11576	/Users/sanchezh/Desktop/tombombadil/TOMBOMBADIL6626
6627	group_11572	/Users/sanchezh/Desktop/tombombadil/TOMBOMBADIL6627
6628	group_11516	/Users/sanchezh/Desktop/tombombadil/TOMBOMBADIL6628
6629	group_11483	/Users/sanchezh/Desktop/tombombadil/TOMBOMBADIL6629
6630	group_11482	/Users/sanchezh/Desktop/tombombadil/TOMBOMBADIL6630
6631	group_11442	/Users/sanchezh/Desktop/tombombadil/TOMBOMBADIL6631
6632	group_11441	/Users/sanchezh/Desktop/tombombadil/TOMBOMBADIL6632
6633	group_11435	/Users/sanchezh/Desktop/tombombadil/TOMBOMBADIL6633
6634	group_11369	/Users/sanchezh/Desktop/tombombadil/TOMBOMBADIL6634
6635	group_11287	/Users/sanchezh/Desktop/tombombadil/TOMBOMBADIL6635
6636	group_11269	/Users/sanchezh/Desktop/tombombadil/TOMBOMBADIL6636
6637	group_11227	/Users/sanchezh/Desktop/tombombadil/TOMBOMBADIL6637
6638	group_11199	/Users/sanchezh/Desktop/tombombadil/TOMBOMBADIL6638
6639	group_11197	/Users/sanchezh/Desktop/tombombadil/TOMBOMBADIL6639
6640	group_11194	/Users/sanchezh/Desktop/tombombadil/TOMBOMBADIL6640
6641	group_11158	/Users/sanchezh/Desktop/tombombadil/TOMBOMBADIL6641
6642	group_11129	/Users/sanchezh/Desktop/tombombadil/TOMBOMBADIL6642
6643	group_11127	/Users/sanchezh/Desktop/tombombadil/TOMBOMBADIL6643
6644	group_11123	/Users/sanchezh/Desktop/tombombadil/TOMBOMBADIL6644
6645	group_11115	/Users/sanchezh/Desktop/tombombadil/TOMBOMBADIL6645
6646	group_11104	/Users/sanchezh/Desktop/tombombadil/TOMBOMBADIL6646
6647	group_11050	/Users/sanchezh/Desktop/tombombadil/TOMBOMBADIL6647
6648	group_11020	/Users/sanchezh/Desktop/tombombadil/TOMBOMBADIL6648
6649	group_10985	/Users/sanchezh/Desktop/tombombadil/TOMBOMBADIL6649
6650	group_10974	/Users/sanchezh/Desktop/tombombadil/TOMBOMBADIL6650
6651	group_10956	/Users/sanchezh/Desktop/tombombadil/TOMBOMBADIL6651
6652	group_10933	/Users/sanchezh/Desktop/tombombadil/TOMBOMBADIL6652
6653	group_10932	/Users/sanchezh/Desktop/tombombadil/TOMBOMBADIL6653
6654	group_10927	/Users/sanchezh/Desktop/tombombadil/TOMBOMBADIL6654
6655	group_10914	/Users/sanchezh/Desktop/tombombadil/TOMBOMBADIL6655
6656	group_10904	/Users/sanchezh/Desktop/tombombadil/TOMBOMBADIL6656
6657	group_10885	/Users/sanchezh/Desktop/tombombadil/TOMBOMBADIL6657
6658	group_10881	/Users/sanchezh/Desktop/tombombadil/TOMBOMBADIL6658
6659	group_10861	/Users/sanchezh/Desktop/tombombadil/TOMBOMBADIL6659
6660	group_10860	/Users/sanchezh/Desktop/tombombadil/TOMBOMBADIL6660
6661	group_10859	/Users/sanchezh/Desktop/tombombadil/TOMBOMBADIL6661
6662	group_10851	/Users/sanchezh/Desktop/tombombadil/TOMBOMBADIL6662
6663	group_10850	/Users/sanchezh/Desktop/tombombadil/TOMBOMBADIL6663
6664	group_10849	/Users/sanchezh/Desktop/tombombadil/TOMBOMBADIL6664
6665	group_10845	/Users/sanchezh/Desktop/tombombadil/TOMBOMBADIL6665
6666	group_10840	/Users/sanchezh/Desktop/tombombadil/TOMBOMBADIL6666
6667	mefA	/Users/sanchezh/Desktop/tombombadil/TOMBOMBADIL6667
6668	group_10809	/Users/sanchezh/Desktop/tombombadil/TOMBOMBADIL6668
6669	group_10787	/Users/sanchezh/Desktop/tombombadil/TOMBOMBADIL6669
6670	group_10782	/Users/sanchezh/Desktop/tombombadil/TOMBOMBADIL6670
6671	group_10780	/Users/sanchezh/Desktop/tombombadil/TOMBOMBADIL6671
6672	group_10760	/Users/sanchezh/Desktop/tombombadil/TOMBOMBADIL6672
6673	group_10731	/Users/sanchezh/Desktop/tombombadil/TOMBOMBADIL6673
6674	group_10667	/Users/sanchezh/Desktop/tombombadil/TOMBOMBADIL6674
6675	group_10655	/Users/sanchezh/Desktop/tombombadil/TOMBOMBADIL6675
6676	group_10634	/Users/sanchezh/Desktop/tombombadil/TOMBOMBADIL6676
6677	group_10626	/Users/sanchezh/Desktop/tombombadil/TOMBOMBADIL6677
6678	group_10625	/Users/sanchezh/Desktop/tombombadil/TOMBOMBADIL6678
6679	group_10623	/Users/sanchezh/Desktop/tombombadil/TOMBOMBADIL6679
6680	group_10611	/Users/sanchezh/Desktop/tombombadil/TOMBOMBADIL6680
6681	group_10609	/Users/sanchezh/Desktop/tombombadil/TOMBOMBADIL6681
6682	group_10604	/Users/sanchezh/Desktop/tombombadil/TOMBOMBADIL6682
6683	group_10596	/Users/sanchezh/Desktop/tombombadil/TOMBOMBADIL6683
6684	group_10576	/Users/sanchezh/Desktop/tombombadil/TOMBOMBADIL6684
6685	group_10562	/Users/sanchezh/Desktop/tombombadil/TOMBOMBADIL6685
6686	group_10553	/Users/sanchezh/Desktop/tombombadil/TOMBOMBADIL6686
6687	group_10544	/Users/sanchezh/Desktop/tombombadil/TOMBOMBADIL6687
6688	group_10543	/Users/sanchezh/Desktop/tombombadil/TOMBOMBADIL6688
6689	group_10538	/Users/sanchezh/Desktop/tombombadil/TOMBOMBADIL6689
6690	group_10531	/Users/sanchezh/Desktop/tombombadil/TOMBOMBADIL6690
6691	group_10530	/Users/sanchezh/Desktop/tombombadil/TOMBOMBADIL6691
6692	group_10522	/Users/sanchezh/Desktop/tombombadil/TOMBOMBADIL6692
6693	group_10520	/Users/sanchezh/Desktop/tombombadil/TOMBOMBADIL6693
6694	group_10514	/Users/sanchezh/Desktop/tombombadil/TOMBOMBADIL6694
6695	group_10508	/Users/sanchezh/Desktop/tombombadil/TOMBOMBADIL6695
6696	group_10507	/Users/sanchezh/Desktop/tombombadil/TOMBOMBADIL6696
6697	group_10499	/Users/sanchezh/Desktop/tombombadil/TOMBOMBADIL6697
6698	group_10489	/Users/sanchezh/Desktop/tombombadil/TOMBOMBADIL6698
6699	group_10469	/Users/sanchezh/Desktop/tombombadil/TOMBOMBADIL6699
6700	group_10467	/Users/sanchezh/Desktop/tombombadil/TOMBOMBADIL6700
6701	group_10464	/Users/sanchezh/Desktop/tombombadil/TOMBOMBADIL6701
6702	group_10462	/Users/sanchezh/Desktop/tombombadil/TOMBOMBADIL6702
6703	group_10461	/Users/sanchezh/Desktop/tombombadil/TOMBOMBADIL6703
6704	group_10454	/Users/sanchezh/Desktop/tombombadil/TOMBOMBADIL6704
6705	group_10452	/Users/sanchezh/Desktop/tombombadil/TOMBOMBADIL6705
6706	group_10443	/Users/sanchezh/Desktop/tombombadil/TOMBOMBADIL6706
6707	group_10438	/Users/sanchezh/Desktop/tombombadil/TOMBOMBADIL6707
6708	group_10437	/Users/sanchezh/Desktop/tombombadil/TOMBOMBADIL6708
6709	group_10421	/Users/sanchezh/Desktop/tombombadil/TOMBOMBADIL6709
6710	group_10383	/Users/sanchezh/Desktop/tombombadil/TOMBOMBADIL6710
6711	group_10368	/Users/sanchezh/Desktop/tombombadil/TOMBOMBADIL6711
6712	group_10365	/Users/sanchezh/Desktop/tombombadil/TOMBOMBADIL6712
6713	group_10362	/Users/sanchezh/Desktop/tombombadil/TOMBOMBADIL6713
6714	group_10351	/Users/sanchezh/Desktop/tombombadil/TOMBOMBADIL6714
6715	group_10350	/Users/sanchezh/Desktop/tombombadil/TOMBOMBADIL6715
6716	group_10348	/Users/sanchezh/Desktop/tombombadil/TOMBOMBADIL6716
6717	group_10339	/Users/sanchezh/Desktop/tombombadil/TOMBOMBADIL6717
6718	group_10338	/Users/sanchezh/Desktop/tombombadil/TOMBOMBADIL6718
6719	group_10327	/Users/sanchezh/Desktop/tombombadil/TOMBOMBADIL6719
6720	group_10323	/Users/sanchezh/Desktop/tombombadil/TOMBOMBADIL6720
6721	group_10322	/Users/sanchezh/Desktop/tombombadil/TOMBOMBADIL6721
6722	group_10321	/Users/sanchezh/Desktop/tombombadil/TOMBOMBADIL6722
6723	group_10319	/Users/sanchezh/Desktop/tombombadil/TOMBOMBADIL6723
6724	group_10314	/Users/sanchezh/Desktop/tombombadil/TOMBOMBADIL6724
6725	group_10313	/Users/sanchezh/Desktop/tombombadil/TOMBOMBADIL6725
6726	group_10310	/Users/sanchezh/Desktop/tombombadil/TOMBOMBADIL6726
6727	group_10294	/Users/sanchezh/Desktop/tombombadil/TOMBOMBADIL6727
6728	group_10275	/Users/sanchezh/Desktop/tombombadil/TOMBOMBADIL6728
6729	group_10274	/Users/sanchezh/Desktop/tombombadil/TOMBOMBADIL6729
6730	group_10216	/Users/sanchezh/Desktop/tombombadil/TOMBOMBADIL6730
6731	group_10206	/Users/sanchezh/Desktop/tombombadil/TOMBOMBADIL6731
6732	group_10197	/Users/sanchezh/Desktop/tombombadil/TOMBOMBADIL6732
6733	group_10191	/Users/sanchezh/Desktop/tombombadil/TOMBOMBADIL6733
6734	group_10187	/Users/sanchezh/Desktop/tombombadil/TOMBOMBADIL6734
6735	group_10167	/Users/sanchezh/Desktop/tombombadil/TOMBOMBADIL6735
6736	group_10152	/Users/sanchezh/Desktop/tombombadil/TOMBOMBADIL6736
6737	group_10151	/Users/sanchezh/Desktop/tombombadil/TOMBOMBADIL6737
6738	group_10143	/Users/sanchezh/Desktop/tombombadil/TOMBOMBADIL6738
6739	group_10136	/Users/sanchezh/Desktop/tombombadil/TOMBOMBADIL6739
6740	group_10135	/Users/sanchezh/Desktop/tombombadil/TOMBOMBADIL6740
6741	group_10133	/Users/sanchezh/Desktop/tombombadil/TOMBOMBADIL6741
6742	group_10109	/Users/sanchezh/Desktop/tombombadil/TOMBOMBADIL6742
6743	group_10048	/Users/sanchezh/Desktop/tombombadil/TOMBOMBADIL6743
6744	group_10046	/Users/sanchezh/Desktop/tombombadil/TOMBOMBADIL6744
6745	group_10020	/Users/sanchezh/Desktop/tombombadil/TOMBOMBADIL6745
6746	group_9995	/Users/sanchezh/Desktop/tombombadil/TOMBOMBADIL6746
6747	group_9978	/Users/sanchezh/Desktop/tombombadil/TOMBOMBADIL6747
6748	group_9960	/Users/sanchezh/Desktop/tombombadil/TOMBOMBADIL6748
6749	group_9958	/Users/sanchezh/Desktop/tombombadil/TOMBOMBADIL6749
6750	group_9949	/Users/sanchezh/Desktop/tombombadil/TOMBOMBADIL6750
6751	group_9916	/Users/sanchezh/Desktop/tombombadil/TOMBOMBADIL6751
6752	group_9914	/Users/sanchezh/Desktop/tombombadil/TOMBOMBADIL6752
6753	group_9910	/Users/sanchezh/Desktop/tombombadil/TOMBOMBADIL6753
6754	group_9889	/Users/sanchezh/Desktop/tombombadil/TOMBOMBADIL6754
6755	group_9876	/Users/sanchezh/Desktop/tombombadil/TOMBOMBADIL6755
6756	group_9866	/Users/sanchezh/Desktop/tombombadil/TOMBOMBADIL6756
6757	group_9834	/Users/sanchezh/Desktop/tombombadil/TOMBOMBADIL6757
6758	group_9826	/Users/sanchezh/Desktop/tombombadil/TOMBOMBADIL6758
6759	group_9825	/Users/sanchezh/Desktop/tombombadil/TOMBOMBADIL6759
6760	group_9815	/Users/sanchezh/Desktop/tombombadil/TOMBOMBADIL6760
6761	group_9805	/Users/sanchezh/Desktop/tombombadil/TOMBOMBADIL6761
6762	group_9765	/Users/sanchezh/Desktop/tombombadil/TOMBOMBADIL6762
6763	group_9764	/Users/sanchezh/Desktop/tombombadil/TOMBOMBADIL6763
6764	group_9763	/Users/sanchezh/Desktop/tombombadil/TOMBOMBADIL6764
6765	group_9758	/Users/sanchezh/Desktop/tombombadil/TOMBOMBADIL6765
6766	group_9755	/Users/sanchezh/Desktop/tombombadil/TOMBOMBADIL6766
6767	group_9732	/Users/sanchezh/Desktop/tombombadil/TOMBOMBADIL6767
6768	group_9726	/Users/sanchezh/Desktop/tombombadil/TOMBOMBADIL6768
6769	group_9691	/Users/sanchezh/Desktop/tombombadil/TOMBOMBADIL6769
6770	group_9667	/Users/sanchezh/Desktop/tombombadil/TOMBOMBADIL6770
6771	group_9665	/Users/sanchezh/Desktop/tombombadil/TOMBOMBADIL6771
6772	group_9656	/Users/sanchezh/Desktop/tombombadil/TOMBOMBADIL6772
6773	group_9651	/Users/sanchezh/Desktop/tombombadil/TOMBOMBADIL6773
6774	group_9642	/Users/sanchezh/Desktop/tombombadil/TOMBOMBADIL6774
6775	group_9640	/Users/sanchezh/Desktop/tombombadil/TOMBOMBADIL6775
6776	group_9632	/Users/sanchezh/Desktop/tombombadil/TOMBOMBADIL6776
6777	group_9626	/Users/sanchezh/Desktop/tombombadil/TOMBOMBADIL6777
6778	group_9619	/Users/sanchezh/Desktop/tombombadil/TOMBOMBADIL6778
6779	group_9611	/Users/sanchezh/Desktop/tombombadil/TOMBOMBADIL6779
6780	group_9607	/Users/sanchezh/Desktop/tombombadil/TOMBOMBADIL6780
6781	group_9599	/Users/sanchezh/Desktop/tombombadil/TOMBOMBADIL6781
6782	group_9581	/Users/sanchezh/Desktop/tombombadil/TOMBOMBADIL6782
6783	group_9575	/Users/sanchezh/Desktop/tombombadil/TOMBOMBADIL6783
6784	group_9572	/Users/sanchezh/Desktop/tombombadil/TOMBOMBADIL6784
6785	group_9566	/Users/sanchezh/Desktop/tombombadil/TOMBOMBADIL6785
6786	group_9565	/Users/sanchezh/Desktop/tombombadil/TOMBOMBADIL6786
6787	group_9551	/Users/sanchezh/Desktop/tombombadil/TOMBOMBADIL6787
6788	group_9525	/Users/sanchezh/Desktop/tombombadil/TOMBOMBADIL6788
6789	group_9499	/Users/sanchezh/Desktop/tombombadil/TOMBOMBADIL6789
6790	group_9498	/Users/sanchezh/Desktop/tombombadil/TOMBOMBADIL6790
6791	group_9494	/Users/sanchezh/Desktop/tombombadil/TOMBOMBADIL6791
6792	group_9492	/Users/sanchezh/Desktop/tombombadil/TOMBOMBADIL6792
6793	group_9489	/Users/sanchezh/Desktop/tombombadil/TOMBOMBADIL6793
6794	mafI	/Users/sanchezh/Desktop/tombombadil/TOMBOMBADIL6794
6795	group_9478	/Users/sanchezh/Desktop/tombombadil/TOMBOMBADIL6795
6796	group_9452	/Users/sanchezh/Desktop/tombombadil/TOMBOMBADIL6796
6797	group_9444	/Users/sanchezh/Desktop/tombombadil/TOMBOMBADIL6797
6798	group_9430	/Users/sanchezh/Desktop/tombombadil/TOMBOMBADIL6798
6799	group_9409	/Users/sanchezh/Desktop/tombombadil/TOMBOMBADIL6799
6800	group_9408	/Users/sanchezh/Desktop/tombombadil/TOMBOMBADIL6800
6801	group_9402	/Users/sanchezh/Desktop/tombombadil/TOMBOMBADIL6801
6802	group_9393	/Users/sanchezh/Desktop/tombombadil/TOMBOMBADIL6802
6803	group_9391	/Users/sanchezh/Desktop/tombombadil/TOMBOMBADIL6803
6804	group_9366	/Users/sanchezh/Desktop/tombombadil/TOMBOMBADIL6804
6805	group_9328	/Users/sanchezh/Desktop/tombombadil/TOMBOMBADIL6805
6806	group_9314	/Users/sanchezh/Desktop/tombombadil/TOMBOMBADIL6806
6807	group_9313	/Users/sanchezh/Desktop/tombombadil/TOMBOMBADIL6807
6808	group_9309	/Users/sanchezh/Desktop/tombombadil/TOMBOMBADIL6808
6809	group_9306	/Users/sanchezh/Desktop/tombombadil/TOMBOMBADIL6809
6810	group_9294	/Users/sanchezh/Desktop/tombombadil/TOMBOMBADIL6810
6811	group_9280	/Users/sanchezh/Desktop/tombombadil/TOMBOMBADIL6811
6812	group_9274	/Users/sanchezh/Desktop/tombombadil/TOMBOMBADIL6812
6813	group_9268	/Users/sanchezh/Desktop/tombombadil/TOMBOMBADIL6813
6814	group_9264	/Users/sanchezh/Desktop/tombombadil/TOMBOMBADIL6814
6815	group_9197	/Users/sanchezh/Desktop/tombombadil/TOMBOMBADIL6815
6816	group_9186	/Users/sanchezh/Desktop/tombombadil/TOMBOMBADIL6816
6817	group_9185	/Users/sanchezh/Desktop/tombombadil/TOMBOMBADIL6817
6818	lytT	/Users/sanchezh/Desktop/tombombadil/TOMBOMBADIL6818
6819	group_9146	/Users/sanchezh/Desktop/tombombadil/TOMBOMBADIL6819
6820	group_9131	/Users/sanchezh/Desktop/tombombadil/TOMBOMBADIL6820
6821	group_9123	/Users/sanchezh/Desktop/tombombadil/TOMBOMBADIL6821
6822	group_9122	/Users/sanchezh/Desktop/tombombadil/TOMBOMBADIL6822
6823	group_9103	/Users/sanchezh/Desktop/tombombadil/TOMBOMBADIL6823
6824	group_9101	/Users/sanchezh/Desktop/tombombadil/TOMBOMBADIL6824
6825	group_9069	/Users/sanchezh/Desktop/tombombadil/TOMBOMBADIL6825
6826	group_9068	/Users/sanchezh/Desktop/tombombadil/TOMBOMBADIL6826
6827	group_9061	/Users/sanchezh/Desktop/tombombadil/TOMBOMBADIL6827
6828	group_9056	/Users/sanchezh/Desktop/tombombadil/TOMBOMBADIL6828
6829	group_9055	/Users/sanchezh/Desktop/tombombadil/TOMBOMBADIL6829
6830	group_9054	/Users/sanchezh/Desktop/tombombadil/TOMBOMBADIL6830
6831	group_9053	/Users/sanchezh/Desktop/tombombadil/TOMBOMBADIL6831
6832	group_9050	/Users/sanchezh/Desktop/tombombadil/TOMBOMBADIL6832
6833	group_9044	/Users/sanchezh/Desktop/tombombadil/TOMBOMBADIL6833
6834	group_9042	/Users/sanchezh/Desktop/tombombadil/TOMBOMBADIL6834
6835	group_9029	/Users/sanchezh/Desktop/tombombadil/TOMBOMBADIL6835
6836	group_9023	/Users/sanchezh/Desktop/tombombadil/TOMBOMBADIL6836
6837	group_9009	/Users/sanchezh/Desktop/tombombadil/TOMBOMBADIL6837
6838	group_9004	/Users/sanchezh/Desktop/tombombadil/TOMBOMBADIL6838
6839	group_9002	/Users/sanchezh/Desktop/tombombadil/TOMBOMBADIL6839
6840	group_8981	/Users/sanchezh/Desktop/tombombadil/TOMBOMBADIL6840
6841	group_8950	/Users/sanchezh/Desktop/tombombadil/TOMBOMBADIL6841
6842	group_8945	/Users/sanchezh/Desktop/tombombadil/TOMBOMBADIL6842
6843	group_8938	/Users/sanchezh/Desktop/tombombadil/TOMBOMBADIL6843
6844	group_8932	/Users/sanchezh/Desktop/tombombadil/TOMBOMBADIL6844
6845	group_8917	/Users/sanchezh/Desktop/tombombadil/TOMBOMBADIL6845
6846	group_8883	/Users/sanchezh/Desktop/tombombadil/TOMBOMBADIL6846
6847	group_8868	/Users/sanchezh/Desktop/tombombadil/TOMBOMBADIL6847
6848	group_8835	/Users/sanchezh/Desktop/tombombadil/TOMBOMBADIL6848
6849	group_8809	/Users/sanchezh/Desktop/tombombadil/TOMBOMBADIL6849
6850	group_8799	/Users/sanchezh/Desktop/tombombadil/TOMBOMBADIL6850
6851	group_8784	/Users/sanchezh/Desktop/tombombadil/TOMBOMBADIL6851
6852	group_8762	/Users/sanchezh/Desktop/tombombadil/TOMBOMBADIL6852
6853	group_8753	/Users/sanchezh/Desktop/tombombadil/TOMBOMBADIL6853
6854	group_8734	/Users/sanchezh/Desktop/tombombadil/TOMBOMBADIL6854
6855	group_8733	/Users/sanchezh/Desktop/tombombadil/TOMBOMBADIL6855
6856	group_8726	/Users/sanchezh/Desktop/tombombadil/TOMBOMBADIL6856
6857	group_8665	/Users/sanchezh/Desktop/tombombadil/TOMBOMBADIL6857
6858	group_8605	/Users/sanchezh/Desktop/tombombadil/TOMBOMBADIL6858
6859	group_8476	/Users/sanchezh/Desktop/tombombadil/TOMBOMBADIL6859
6860	group_8472	/Users/sanchezh/Desktop/tombombadil/TOMBOMBADIL6860
6861	group_8407	/Users/sanchezh/Desktop/tombombadil/TOMBOMBADIL6861
6862	group_8403	/Users/sanchezh/Desktop/tombombadil/TOMBOMBADIL6862
6863	group_8398	/Users/sanchezh/Desktop/tombombadil/TOMBOMBADIL6863
6864	group_8380	/Users/sanchezh/Desktop/tombombadil/TOMBOMBADIL6864
6865	group_8376	/Users/sanchezh/Desktop/tombombadil/TOMBOMBADIL6865
6866	group_8356	/Users/sanchezh/Desktop/tombombadil/TOMBOMBADIL6866
6867	group_8278	/Users/sanchezh/Desktop/tombombadil/TOMBOMBADIL6867
6868	group_8235	/Users/sanchezh/Desktop/tombombadil/TOMBOMBADIL6868
6869	group_8215	/Users/sanchezh/Desktop/tombombadil/TOMBOMBADIL6869
6870	group_8211	/Users/sanchezh/Desktop/tombombadil/TOMBOMBADIL6870
6871	group_8195	/Users/sanchezh/Desktop/tombombadil/TOMBOMBADIL6871
6872	group_8157	/Users/sanchezh/Desktop/tombombadil/TOMBOMBADIL6872
6873	group_8121	/Users/sanchezh/Desktop/tombombadil/TOMBOMBADIL6873
6874	group_8064	/Users/sanchezh/Desktop/tombombadil/TOMBOMBADIL6874
6875	group_8054	/Users/sanchezh/Desktop/tombombadil/TOMBOMBADIL6875
6876	group_8048	/Users/sanchezh/Desktop/tombombadil/TOMBOMBADIL6876
6877	group_8010	/Users/sanchezh/Desktop/tombombadil/TOMBOMBADIL6877
6878	group_8001	/Users/sanchezh/Desktop/tombombadil/TOMBOMBADIL6878
6879	group_8000	/Users/sanchezh/Desktop/tombombadil/TOMBOMBADIL6879
6880	group_7963	/Users/sanchezh/Desktop/tombombadil/TOMBOMBADIL6880
6881	group_7960	/Users/sanchezh/Desktop/tombombadil/TOMBOMBADIL6881
6882	group_7955	/Users/sanchezh/Desktop/tombombadil/TOMBOMBADIL6882
6883	group_7908	/Users/sanchezh/Desktop/tombombadil/TOMBOMBADIL6883
6884	group_7899	/Users/sanchezh/Desktop/tombombadil/TOMBOMBADIL6884
6885	group_7886	/Users/sanchezh/Desktop/tombombadil/TOMBOMBADIL6885
6886	group_7872	/Users/sanchezh/Desktop/tombombadil/TOMBOMBADIL6886
6887	group_7832	/Users/sanchezh/Desktop/tombombadil/TOMBOMBADIL6887
6888	group_7819	/Users/sanchezh/Desktop/tombombadil/TOMBOMBADIL6888
6889	group_7789	/Users/sanchezh/Desktop/tombombadil/TOMBOMBADIL6889
6890	group_7767	/Users/sanchezh/Desktop/tombombadil/TOMBOMBADIL6890
6891	group_7731	/Users/sanchezh/Desktop/tombombadil/TOMBOMBADIL6891
6892	group_7730	/Users/sanchezh/Desktop/tombombadil/TOMBOMBADIL6892
6893	group_7726	/Users/sanchezh/Desktop/tombombadil/TOMBOMBADIL6893
6894	group_7721	/Users/sanchezh/Desktop/tombombadil/TOMBOMBADIL6894
6895	group_7719	/Users/sanchezh/Desktop/tombombadil/TOMBOMBADIL6895
6896	group_7658	/Users/sanchezh/Desktop/tombombadil/TOMBOMBADIL6896
6897	group_7657	/Users/sanchezh/Desktop/tombombadil/TOMBOMBADIL6897
6898	group_7629	/Users/sanchezh/Desktop/tombombadil/TOMBOMBADIL6898
6899	group_7624	/Users/sanchezh/Desktop/tombombadil/TOMBOMBADIL6899
6900	group_7591	/Users/sanchezh/Desktop/tombombadil/TOMBOMBADIL6900
6901	group_7584	/Users/sanchezh/Desktop/tombombadil/TOMBOMBADIL6901
6902	group_7570	/Users/sanchezh/Desktop/tombombadil/TOMBOMBADIL6902
6903	group_7553	/Users/sanchezh/Desktop/tombombadil/TOMBOMBADIL6903
6904	group_7552	/Users/sanchezh/Desktop/tombombadil/TOMBOMBADIL6904
6905	group_7543	/Users/sanchezh/Desktop/tombombadil/TOMBOMBADIL6905
6906	group_7541	/Users/sanchezh/Desktop/tombombadil/TOMBOMBADIL6906
6907	group_7518	/Users/sanchezh/Desktop/tombombadil/TOMBOMBADIL6907
6908	group_7514	/Users/sanchezh/Desktop/tombombadil/TOMBOMBADIL6908
6909	group_7512	/Users/sanchezh/Desktop/tombombadil/TOMBOMBADIL6909
6910	group_7508	/Users/sanchezh/Desktop/tombombadil/TOMBOMBADIL6910
6911	group_7490	/Users/sanchezh/Desktop/tombombadil/TOMBOMBADIL6911
6912	group_7489	/Users/sanchezh/Desktop/tombombadil/TOMBOMBADIL6912
6913	group_7485	/Users/sanchezh/Desktop/tombombadil/TOMBOMBADIL6913
6914	group_7473	/Users/sanchezh/Desktop/tombombadil/TOMBOMBADIL6914
6915	group_7468	/Users/sanchezh/Desktop/tombombadil/TOMBOMBADIL6915
6916	group_7467	/Users/sanchezh/Desktop/tombombadil/TOMBOMBADIL6916
6917	group_7458	/Users/sanchezh/Desktop/tombombadil/TOMBOMBADIL6917
6918	group_7452	/Users/sanchezh/Desktop/tombombadil/TOMBOMBADIL6918
6919	group_7414	/Users/sanchezh/Desktop/tombombadil/TOMBOMBADIL6919
6920	group_7409	/Users/sanchezh/Desktop/tombombadil/TOMBOMBADIL6920
6921	group_7391	/Users/sanchezh/Desktop/tombombadil/TOMBOMBADIL6921
6922	group_7390	/Users/sanchezh/Desktop/tombombadil/TOMBOMBADIL6922
6923	group_7383	/Users/sanchezh/Desktop/tombombadil/TOMBOMBADIL6923
6924	group_7381	/Users/sanchezh/Desktop/tombombadil/TOMBOMBADIL6924
6925	group_7377	/Users/sanchezh/Desktop/tombombadil/TOMBOMBADIL6925
6926	group_7375	/Users/sanchezh/Desktop/tombombadil/TOMBOMBADIL6926
6927	group_7374	/Users/sanchezh/Desktop/tombombadil/TOMBOMBADIL6927
6928	group_7370	/Users/sanchezh/Desktop/tombombadil/TOMBOMBADIL6928
6929	group_7369	/Users/sanchezh/Desktop/tombombadil/TOMBOMBADIL6929
6930	group_7367	/Users/sanchezh/Desktop/tombombadil/TOMBOMBADIL6930
6931	group_7366	/Users/sanchezh/Desktop/tombombadil/TOMBOMBADIL6931
6932	group_7355	/Users/sanchezh/Desktop/tombombadil/TOMBOMBADIL6932
6933	group_7349	/Users/sanchezh/Desktop/tombombadil/TOMBOMBADIL6933
6934	group_7344	/Users/sanchezh/Desktop/tombombadil/TOMBOMBADIL6934
6935	group_7336	/Users/sanchezh/Desktop/tombombadil/TOMBOMBADIL6935
6936	group_7330	/Users/sanchezh/Desktop/tombombadil/TOMBOMBADIL6936
6937	group_7311	/Users/sanchezh/Desktop/tombombadil/TOMBOMBADIL6937
6938	group_7303	/Users/sanchezh/Desktop/tombombadil/TOMBOMBADIL6938
6939	group_7274	/Users/sanchezh/Desktop/tombombadil/TOMBOMBADIL6939
6940	group_7247	/Users/sanchezh/Desktop/tombombadil/TOMBOMBADIL6940
6941	group_7241	/Users/sanchezh/Desktop/tombombadil/TOMBOMBADIL6941
6942	group_7215	/Users/sanchezh/Desktop/tombombadil/TOMBOMBADIL6942
6943	group_7208	/Users/sanchezh/Desktop/tombombadil/TOMBOMBADIL6943
6944	group_7204	/Users/sanchezh/Desktop/tombombadil/TOMBOMBADIL6944
6945	group_7181	/Users/sanchezh/Desktop/tombombadil/TOMBOMBADIL6945
6946	group_7172	/Users/sanchezh/Desktop/tombombadil/TOMBOMBADIL6946
6947	group_7167	/Users/sanchezh/Desktop/tombombadil/TOMBOMBADIL6947
6948	group_7137	/Users/sanchezh/Desktop/tombombadil/TOMBOMBADIL6948
6949	group_7135	/Users/sanchezh/Desktop/tombombadil/TOMBOMBADIL6949
6950	group_7092	/Users/sanchezh/Desktop/tombombadil/TOMBOMBADIL6950
6951	group_7089	/Users/sanchezh/Desktop/tombombadil/TOMBOMBADIL6951
6952	group_7086	/Users/sanchezh/Desktop/tombombadil/TOMBOMBADIL6952
6953	group_7074	/Users/sanchezh/Desktop/tombombadil/TOMBOMBADIL6953
6954	dnaD	/Users/sanchezh/Desktop/tombombadil/TOMBOMBADIL6954
6955	group_7058	/Users/sanchezh/Desktop/tombombadil/TOMBOMBADIL6955
6956	group_7054	/Users/sanchezh/Desktop/tombombadil/TOMBOMBADIL6956
6957	group_7048	/Users/sanchezh/Desktop/tombombadil/TOMBOMBADIL6957
6958	group_7006	/Users/sanchezh/Desktop/tombombadil/TOMBOMBADIL6958
6959	group_7002	/Users/sanchezh/Desktop/tombombadil/TOMBOMBADIL6959
6960	group_6989	/Users/sanchezh/Desktop/tombombadil/TOMBOMBADIL6960
6961	group_6942	/Users/sanchezh/Desktop/tombombadil/TOMBOMBADIL6961
6962	group_6902	/Users/sanchezh/Desktop/tombombadil/TOMBOMBADIL6962
6963	group_6880	/Users/sanchezh/Desktop/tombombadil/TOMBOMBADIL6963
6964	group_6872	/Users/sanchezh/Desktop/tombombadil/TOMBOMBADIL6964
6965	group_6865	/Users/sanchezh/Desktop/tombombadil/TOMBOMBADIL6965
6966	group_6860	/Users/sanchezh/Desktop/tombombadil/TOMBOMBADIL6966
6967	group_6848	/Users/sanchezh/Desktop/tombombadil/TOMBOMBADIL6967
6968	group_6755	/Users/sanchezh/Desktop/tombombadil/TOMBOMBADIL6968
6969	group_6724	/Users/sanchezh/Desktop/tombombadil/TOMBOMBADIL6969
6970	group_6718	/Users/sanchezh/Desktop/tombombadil/TOMBOMBADIL6970
6971	group_6710	/Users/sanchezh/Desktop/tombombadil/TOMBOMBADIL6971
6972	group_6703	/Users/sanchezh/Desktop/tombombadil/TOMBOMBADIL6972
6973	group_6699	/Users/sanchezh/Desktop/tombombadil/TOMBOMBADIL6973
6974	group_6692	/Users/sanchezh/Desktop/tombombadil/TOMBOMBADIL6974
6975	group_6685	/Users/sanchezh/Desktop/tombombadil/TOMBOMBADIL6975
6976	group_6555	/Users/sanchezh/Desktop/tombombadil/TOMBOMBADIL6976
6977	group_6540	/Users/sanchezh/Desktop/tombombadil/TOMBOMBADIL6977
6978	group_6488	/Users/sanchezh/Desktop/tombombadil/TOMBOMBADIL6978
6979	group_6470	/Users/sanchezh/Desktop/tombombadil/TOMBOMBADIL6979
6980	group_6462	/Users/sanchezh/Desktop/tombombadil/TOMBOMBADIL6980
6981	group_6336	/Users/sanchezh/Desktop/tombombadil/TOMBOMBADIL6981
6982	group_6330	/Users/sanchezh/Desktop/tombombadil/TOMBOMBADIL6982
6983	group_6293	/Users/sanchezh/Desktop/tombombadil/TOMBOMBADIL6983
6984	group_6269	/Users/sanchezh/Desktop/tombombadil/TOMBOMBADIL6984
6985	group_6237	/Users/sanchezh/Desktop/tombombadil/TOMBOMBADIL6985
6986	group_6182	/Users/sanchezh/Desktop/tombombadil/TOMBOMBADIL6986
6987	group_6177	/Users/sanchezh/Desktop/tombombadil/TOMBOMBADIL6987
6988	group_6171	/Users/sanchezh/Desktop/tombombadil/TOMBOMBADIL6988
6989	group_6161	/Users/sanchezh/Desktop/tombombadil/TOMBOMBADIL6989
6990	group_6143	/Users/sanchezh/Desktop/tombombadil/TOMBOMBADIL6990
6991	group_6119	/Users/sanchezh/Desktop/tombombadil/TOMBOMBADIL6991
6992	group_6032	/Users/sanchezh/Desktop/tombombadil/TOMBOMBADIL6992
6993	group_6006	/Users/sanchezh/Desktop/tombombadil/TOMBOMBADIL6993
6994	group_5989	/Users/sanchezh/Desktop/tombombadil/TOMBOMBADIL6994
6995	group_5950	/Users/sanchezh/Desktop/tombombadil/TOMBOMBADIL6995
6996	group_5946	/Users/sanchezh/Desktop/tombombadil/TOMBOMBADIL6996
6997	group_5916	/Users/sanchezh/Desktop/tombombadil/TOMBOMBADIL6997
6998	group_5895	/Users/sanchezh/Desktop/tombombadil/TOMBOMBADIL6998
6999	group_5886	/Users/sanchezh/Desktop/tombombadil/TOMBOMBADIL6999
7000	group_5813	/Users/sanchezh/Desktop/tombombadil/TOMBOMBADIL7000
7001	group_5780	/Users/sanchezh/Desktop/tombombadil/TOMBOMBADIL7001
7002	lexA	/Users/sanchezh/Desktop/tombombadil/TOMBOMBADIL7002
7003	group_5771	/Users/sanchezh/Desktop/tombombadil/TOMBOMBADIL7003
7004	group_5733	/Users/sanchezh/Desktop/tombombadil/TOMBOMBADIL7004
7005	group_5687	/Users/sanchezh/Desktop/tombombadil/TOMBOMBADIL7005
7006	group_5676	/Users/sanchezh/Desktop/tombombadil/TOMBOMBADIL7006
7007	group_5628	/Users/sanchezh/Desktop/tombombadil/TOMBOMBADIL7007
7008	group_5626	/Users/sanchezh/Desktop/tombombadil/TOMBOMBADIL7008
7009	group_5623	/Users/sanchezh/Desktop/tombombadil/TOMBOMBADIL7009
7010	group_5604	/Users/sanchezh/Desktop/tombombadil/TOMBOMBADIL7010
7011	group_5592	/Users/sanchezh/Desktop/tombombadil/TOMBOMBADIL7011
7012	group_5573	/Users/sanchezh/Desktop/tombombadil/TOMBOMBADIL7012
7013	group_5568	/Users/sanchezh/Desktop/tombombadil/TOMBOMBADIL7013
7014	group_5535	/Users/sanchezh/Desktop/tombombadil/TOMBOMBADIL7014
7015	group_5534	/Users/sanchezh/Desktop/tombombadil/TOMBOMBADIL7015
7016	group_5507	/Users/sanchezh/Desktop/tombombadil/TOMBOMBADIL7016
7017	group_5505	/Users/sanchezh/Desktop/tombombadil/TOMBOMBADIL7017
7018	group_5484	/Users/sanchezh/Desktop/tombombadil/TOMBOMBADIL7018
7019	group_5483	/Users/sanchezh/Desktop/tombombadil/TOMBOMBADIL7019
7020	group_5474	/Users/sanchezh/Desktop/tombombadil/TOMBOMBADIL7020
7021	group_5427	/Users/sanchezh/Desktop/tombombadil/TOMBOMBADIL7021
7022	group_5423	/Users/sanchezh/Desktop/tombombadil/TOMBOMBADIL7022
7023	group_5325	/Users/sanchezh/Desktop/tombombadil/TOMBOMBADIL7023
7024	group_5324	/Users/sanchezh/Desktop/tombombadil/TOMBOMBADIL7024
7025	group_5272	/Users/sanchezh/Desktop/tombombadil/TOMBOMBADIL7025
7026	group_5231	/Users/sanchezh/Desktop/tombombadil/TOMBOMBADIL7026
7027	group_5137	/Users/sanchezh/Desktop/tombombadil/TOMBOMBADIL7027
7028	group_5114	/Users/sanchezh/Desktop/tombombadil/TOMBOMBADIL7028
7029	group_5113	/Users/sanchezh/Desktop/tombombadil/TOMBOMBADIL7029
7030	group_5105	/Users/sanchezh/Desktop/tombombadil/TOMBOMBADIL7030
7031	group_5073	/Users/sanchezh/Desktop/tombombadil/TOMBOMBADIL7031
7032	group_5017	/Users/sanchezh/Desktop/tombombadil/TOMBOMBADIL7032
7033	group_4991	/Users/sanchezh/Desktop/tombombadil/TOMBOMBADIL7033
7034	group_4979	/Users/sanchezh/Desktop/tombombadil/TOMBOMBADIL7034
7035	group_4978	/Users/sanchezh/Desktop/tombombadil/TOMBOMBADIL7035
7036	group_4964	/Users/sanchezh/Desktop/tombombadil/TOMBOMBADIL7036
7037	group_4950	/Users/sanchezh/Desktop/tombombadil/TOMBOMBADIL7037
7038	group_4949	/Users/sanchezh/Desktop/tombombadil/TOMBOMBADIL7038
7039	group_4948	/Users/sanchezh/Desktop/tombombadil/TOMBOMBADIL7039
7040	group_4941	/Users/sanchezh/Desktop/tombombadil/TOMBOMBADIL7040
7041	group_4914	/Users/sanchezh/Desktop/tombombadil/TOMBOMBADIL7041
7042	group_4908	/Users/sanchezh/Desktop/tombombadil/TOMBOMBADIL7042
7043	group_4871	/Users/sanchezh/Desktop/tombombadil/TOMBOMBADIL7043
7044	group_4869	/Users/sanchezh/Desktop/tombombadil/TOMBOMBADIL7044
7045	group_4847	/Users/sanchezh/Desktop/tombombadil/TOMBOMBADIL7045
7046	group_4832	/Users/sanchezh/Desktop/tombombadil/TOMBOMBADIL7046
7047	group_4821	/Users/sanchezh/Desktop/tombombadil/TOMBOMBADIL7047
7048	group_4811	/Users/sanchezh/Desktop/tombombadil/TOMBOMBADIL7048
7049	group_4798	/Users/sanchezh/Desktop/tombombadil/TOMBOMBADIL7049
7050	group_4794	/Users/sanchezh/Desktop/tombombadil/TOMBOMBADIL7050
7051	group_4785	/Users/sanchezh/Desktop/tombombadil/TOMBOMBADIL7051
7052	group_4782	/Users/sanchezh/Desktop/tombombadil/TOMBOMBADIL7052
7053	group_4779	/Users/sanchezh/Desktop/tombombadil/TOMBOMBADIL7053
7054	group_4768	/Users/sanchezh/Desktop/tombombadil/TOMBOMBADIL7054
7055	group_4764	/Users/sanchezh/Desktop/tombombadil/TOMBOMBADIL7055
7056	group_4756	/Users/sanchezh/Desktop/tombombadil/TOMBOMBADIL7056
7057	group_4718	/Users/sanchezh/Desktop/tombombadil/TOMBOMBADIL7057
7058	group_4717	/Users/sanchezh/Desktop/tombombadil/TOMBOMBADIL7058
7059	group_4711	/Users/sanchezh/Desktop/tombombadil/TOMBOMBADIL7059
7060	group_4700	/Users/sanchezh/Desktop/tombombadil/TOMBOMBADIL7060
7061	group_4694	/Users/sanchezh/Desktop/tombombadil/TOMBOMBADIL7061
7062	group_4688	/Users/sanchezh/Desktop/tombombadil/TOMBOMBADIL7062
7063	group_4675	/Users/sanchezh/Desktop/tombombadil/TOMBOMBADIL7063
7064	group_4660	/Users/sanchezh/Desktop/tombombadil/TOMBOMBADIL7064
7065	group_4641	/Users/sanchezh/Desktop/tombombadil/TOMBOMBADIL7065
7066	group_4609	/Users/sanchezh/Desktop/tombombadil/TOMBOMBADIL7066
7067	group_4607	/Users/sanchezh/Desktop/tombombadil/TOMBOMBADIL7067
7068	hspA	/Users/sanchezh/Desktop/tombombadil/TOMBOMBADIL7068
7069	group_4567	/Users/sanchezh/Desktop/tombombadil/TOMBOMBADIL7069
7070	group_4553	/Users/sanchezh/Desktop/tombombadil/TOMBOMBADIL7070
7071	group_4535	/Users/sanchezh/Desktop/tombombadil/TOMBOMBADIL7071
7072	group_4534	/Users/sanchezh/Desktop/tombombadil/TOMBOMBADIL7072
7073	group_4526	/Users/sanchezh/Desktop/tombombadil/TOMBOMBADIL7073
7074	group_4507	/Users/sanchezh/Desktop/tombombadil/TOMBOMBADIL7074
7075	group_4415	/Users/sanchezh/Desktop/tombombadil/TOMBOMBADIL7075
7076	group_4413	/Users/sanchezh/Desktop/tombombadil/TOMBOMBADIL7076
7077	group_4390	/Users/sanchezh/Desktop/tombombadil/TOMBOMBADIL7077
7078	group_4315	/Users/sanchezh/Desktop/tombombadil/TOMBOMBADIL7078
7079	group_4313	/Users/sanchezh/Desktop/tombombadil/TOMBOMBADIL7079
7080	group_4258	/Users/sanchezh/Desktop/tombombadil/TOMBOMBADIL7080
7081	group_4193	/Users/sanchezh/Desktop/tombombadil/TOMBOMBADIL7081
7082	group_4187	/Users/sanchezh/Desktop/tombombadil/TOMBOMBADIL7082
7083	group_4126	/Users/sanchezh/Desktop/tombombadil/TOMBOMBADIL7083
7084	group_4123	/Users/sanchezh/Desktop/tombombadil/TOMBOMBADIL7084
7085	group_4102	/Users/sanchezh/Desktop/tombombadil/TOMBOMBADIL7085
7086	group_4038	/Users/sanchezh/Desktop/tombombadil/TOMBOMBADIL7086
7087	group_4002	/Users/sanchezh/Desktop/tombombadil/TOMBOMBADIL7087
7088	group_3995	/Users/sanchezh/Desktop/tombombadil/TOMBOMBADIL7088
7089	group_3935	/Users/sanchezh/Desktop/tombombadil/TOMBOMBADIL7089
7090	group_3929	/Users/sanchezh/Desktop/tombombadil/TOMBOMBADIL7090
7091	group_3897	/Users/sanchezh/Desktop/tombombadil/TOMBOMBADIL7091
7092	group_3877	/Users/sanchezh/Desktop/tombombadil/TOMBOMBADIL7092
7093	group_3848	/Users/sanchezh/Desktop/tombombadil/TOMBOMBADIL7093
7094	group_3842	/Users/sanchezh/Desktop/tombombadil/TOMBOMBADIL7094
7095	group_3841	/Users/sanchezh/Desktop/tombombadil/TOMBOMBADIL7095
7096	group_3815	/Users/sanchezh/Desktop/tombombadil/TOMBOMBADIL7096
7097	group_3810	/Users/sanchezh/Desktop/tombombadil/TOMBOMBADIL7097
7098	group_3805	/Users/sanchezh/Desktop/tombombadil/TOMBOMBADIL7098
7099	group_3797	/Users/sanchezh/Desktop/tombombadil/TOMBOMBADIL7099
7100	group_3779	/Users/sanchezh/Desktop/tombombadil/TOMBOMBADIL7100
7101	group_3724	/Users/sanchezh/Desktop/tombombadil/TOMBOMBADIL7101
7102	group_3718	/Users/sanchezh/Desktop/tombombadil/TOMBOMBADIL7102
7103	group_3683	/Users/sanchezh/Desktop/tombombadil/TOMBOMBADIL7103
7104	group_3680	/Users/sanchezh/Desktop/tombombadil/TOMBOMBADIL7104
7105	group_3627	/Users/sanchezh/Desktop/tombombadil/TOMBOMBADIL7105
7106	marR	/Users/sanchezh/Desktop/tombombadil/TOMBOMBADIL7106
7107	group_3599	/Users/sanchezh/Desktop/tombombadil/TOMBOMBADIL7107
7108	group_3588	/Users/sanchezh/Desktop/tombombadil/TOMBOMBADIL7108
7109	group_3548	/Users/sanchezh/Desktop/tombombadil/TOMBOMBADIL7109
7110	group_3537	/Users/sanchezh/Desktop/tombombadil/TOMBOMBADIL7110
7111	group_3529	/Users/sanchezh/Desktop/tombombadil/TOMBOMBADIL7111
7112	group_3521	/Users/sanchezh/Desktop/tombombadil/TOMBOMBADIL7112
7113	group_3469	/Users/sanchezh/Desktop/tombombadil/TOMBOMBADIL7113
7114	group_3465	/Users/sanchezh/Desktop/tombombadil/TOMBOMBADIL7114
7115	group_3350	/Users/sanchezh/Desktop/tombombadil/TOMBOMBADIL7115
7116	group_3292	/Users/sanchezh/Desktop/tombombadil/TOMBOMBADIL7116
7117	group_3279	/Users/sanchezh/Desktop/tombombadil/TOMBOMBADIL7117
7118	group_3258	/Users/sanchezh/Desktop/tombombadil/TOMBOMBADIL7118
7119	group_3249	/Users/sanchezh/Desktop/tombombadil/TOMBOMBADIL7119
7120	group_3246	/Users/sanchezh/Desktop/tombombadil/TOMBOMBADIL7120
7121	group_3192	/Users/sanchezh/Desktop/tombombadil/TOMBOMBADIL7121
7122	group_3189	/Users/sanchezh/Desktop/tombombadil/TOMBOMBADIL7122
7123	group_3186	/Users/sanchezh/Desktop/tombombadil/TOMBOMBADIL7123
7124	group_3172	/Users/sanchezh/Desktop/tombombadil/TOMBOMBADIL7124
7125	group_3158	/Users/sanchezh/Desktop/tombombadil/TOMBOMBADIL7125
7126	group_3155	/Users/sanchezh/Desktop/tombombadil/TOMBOMBADIL7126
7127	group_3140	/Users/sanchezh/Desktop/tombombadil/TOMBOMBADIL7127
7128	group_3096	/Users/sanchezh/Desktop/tombombadil/TOMBOMBADIL7128
7129	group_3089	/Users/sanchezh/Desktop/tombombadil/TOMBOMBADIL7129
7130	group_3088	/Users/sanchezh/Desktop/tombombadil/TOMBOMBADIL7130
7131	group_3087	/Users/sanchezh/Desktop/tombombadil/TOMBOMBADIL7131
7132	group_3086	/Users/sanchezh/Desktop/tombombadil/TOMBOMBADIL7132
7133	group_3085	/Users/sanchezh/Desktop/tombombadil/TOMBOMBADIL7133
7134	group_3084	/Users/sanchezh/Desktop/tombombadil/TOMBOMBADIL7134
7135	glmU	/Users/sanchezh/Desktop/tombombadil/TOMBOMBADIL7135
7136	group_3083	/Users/sanchezh/Desktop/tombombadil/TOMBOMBADIL7136
7137	group_3081	/Users/sanchezh/Desktop/tombombadil/TOMBOMBADIL7137
7138	group_3079	/Users/sanchezh/Desktop/tombombadil/TOMBOMBADIL7138
7139	group_3077	/Users/sanchezh/Desktop/tombombadil/TOMBOMBADIL7139
7140	group_3073	/Users/sanchezh/Desktop/tombombadil/TOMBOMBADIL7140
7141	group_3071	/Users/sanchezh/Desktop/tombombadil/TOMBOMBADIL7141
7142	group_3070	/Users/sanchezh/Desktop/tombombadil/TOMBOMBADIL7142
7143	group_3069	/Users/sanchezh/Desktop/tombombadil/TOMBOMBADIL7143
7144	group_3067	/Users/sanchezh/Desktop/tombombadil/TOMBOMBADIL7144
7145	group_3065	/Users/sanchezh/Desktop/tombombadil/TOMBOMBADIL7145
7146	hipA	/Users/sanchezh/Desktop/tombombadil/TOMBOMBADIL7146
7147	group_2959	/Users/sanchezh/Desktop/tombombadil/TOMBOMBADIL7147
7148	group_2948	/Users/sanchezh/Desktop/tombombadil/TOMBOMBADIL7148
7149	group_2913	/Users/sanchezh/Desktop/tombombadil/TOMBOMBADIL7149
7150	group_2876	/Users/sanchezh/Desktop/tombombadil/TOMBOMBADIL7150
7151	group_2862	/Users/sanchezh/Desktop/tombombadil/TOMBOMBADIL7151
7152	group_2817	/Users/sanchezh/Desktop/tombombadil/TOMBOMBADIL7152
7153	group_2800	/Users/sanchezh/Desktop/tombombadil/TOMBOMBADIL7153
7154	group_2799	/Users/sanchezh/Desktop/tombombadil/TOMBOMBADIL7154
7155	group_2798	/Users/sanchezh/Desktop/tombombadil/TOMBOMBADIL7155
7156	group_2797	/Users/sanchezh/Desktop/tombombadil/TOMBOMBADIL7156
7157	group_2796	/Users/sanchezh/Desktop/tombombadil/TOMBOMBADIL7157
7158	group_2795	/Users/sanchezh/Desktop/tombombadil/TOMBOMBADIL7158
7159	group_2794	/Users/sanchezh/Desktop/tombombadil/TOMBOMBADIL7159
7160	group_2793	/Users/sanchezh/Desktop/tombombadil/TOMBOMBADIL7160
7161	group_2739	/Users/sanchezh/Desktop/tombombadil/TOMBOMBADIL7161
7162	group_2735	/Users/sanchezh/Desktop/tombombadil/TOMBOMBADIL7162
7163	group_2731	/Users/sanchezh/Desktop/tombombadil/TOMBOMBADIL7163
7164	group_2729	/Users/sanchezh/Desktop/tombombadil/TOMBOMBADIL7164
7165	group_2710	/Users/sanchezh/Desktop/tombombadil/TOMBOMBADIL7165
7166	group_2661	/Users/sanchezh/Desktop/tombombadil/TOMBOMBADIL7166
7167	group_2564	/Users/sanchezh/Desktop/tombombadil/TOMBOMBADIL7167
7168	group_2536	/Users/sanchezh/Desktop/tombombadil/TOMBOMBADIL7168
7169	group_2533	/Users/sanchezh/Desktop/tombombadil/TOMBOMBADIL7169
7170	group_2532	/Users/sanchezh/Desktop/tombombadil/TOMBOMBADIL7170
7171	group_2517	/Users/sanchezh/Desktop/tombombadil/TOMBOMBADIL7171
7172	group_2483	/Users/sanchezh/Desktop/tombombadil/TOMBOMBADIL7172
7173	group_2476	/Users/sanchezh/Desktop/tombombadil/TOMBOMBADIL7173
7174	group_2466	/Users/sanchezh/Desktop/tombombadil/TOMBOMBADIL7174
7175	group_2457	/Users/sanchezh/Desktop/tombombadil/TOMBOMBADIL7175
7176	group_2455	/Users/sanchezh/Desktop/tombombadil/TOMBOMBADIL7176
7177	group_2432	/Users/sanchezh/Desktop/tombombadil/TOMBOMBADIL7177
7178	group_2417	/Users/sanchezh/Desktop/tombombadil/TOMBOMBADIL7178
7179	group_2416	/Users/sanchezh/Desktop/tombombadil/TOMBOMBADIL7179
7180	group_2392	/Users/sanchezh/Desktop/tombombadil/TOMBOMBADIL7180
7181	group_2256	/Users/sanchezh/Desktop/tombombadil/TOMBOMBADIL7181
7182	group_2241	/Users/sanchezh/Desktop/tombombadil/TOMBOMBADIL7182
7183	group_2213	/Users/sanchezh/Desktop/tombombadil/TOMBOMBADIL7183
7184	group_2211	/Users/sanchezh/Desktop/tombombadil/TOMBOMBADIL7184
7185	group_2208	/Users/sanchezh/Desktop/tombombadil/TOMBOMBADIL7185
7186	group_2202	/Users/sanchezh/Desktop/tombombadil/TOMBOMBADIL7186
7187	group_2196	/Users/sanchezh/Desktop/tombombadil/TOMBOMBADIL7187
7188	group_2187	/Users/sanchezh/Desktop/tombombadil/TOMBOMBADIL7188
7189	group_2167	/Users/sanchezh/Desktop/tombombadil/TOMBOMBADIL7189
7190	group_2159	/Users/sanchezh/Desktop/tombombadil/TOMBOMBADIL7190
7191	group_2061	/Users/sanchezh/Desktop/tombombadil/TOMBOMBADIL7191
7192	group_2040	/Users/sanchezh/Desktop/tombombadil/TOMBOMBADIL7192
7193	group_2032	/Users/sanchezh/Desktop/tombombadil/TOMBOMBADIL7193
7194	group_2031	/Users/sanchezh/Desktop/tombombadil/TOMBOMBADIL7194
7195	group_2030	/Users/sanchezh/Desktop/tombombadil/TOMBOMBADIL7195
7196	group_2027	/Users/sanchezh/Desktop/tombombadil/TOMBOMBADIL7196
7197	group_2023	/Users/sanchezh/Desktop/tombombadil/TOMBOMBADIL7197
7198	group_2012	/Users/sanchezh/Desktop/tombombadil/TOMBOMBADIL7198
7199	group_1923	/Users/sanchezh/Desktop/tombombadil/TOMBOMBADIL7199
7200	group_1916	/Users/sanchezh/Desktop/tombombadil/TOMBOMBADIL7200
7201	group_1899	/Users/sanchezh/Desktop/tombombadil/TOMBOMBADIL7201
7202	group_1895	/Users/sanchezh/Desktop/tombombadil/TOMBOMBADIL7202
7203	group_1894	/Users/sanchezh/Desktop/tombombadil/TOMBOMBADIL7203
7204	group_1865	/Users/sanchezh/Desktop/tombombadil/TOMBOMBADIL7204
7205	group_1853	/Users/sanchezh/Desktop/tombombadil/TOMBOMBADIL7205
7206	group_1846	/Users/sanchezh/Desktop/tombombadil/TOMBOMBADIL7206
7207	group_1835	/Users/sanchezh/Desktop/tombombadil/TOMBOMBADIL7207
7208	group_1817	/Users/sanchezh/Desktop/tombombadil/TOMBOMBADIL7208
7209	group_1805	/Users/sanchezh/Desktop/tombombadil/TOMBOMBADIL7209
7210	group_1756	/Users/sanchezh/Desktop/tombombadil/TOMBOMBADIL7210
7211	group_1735	/Users/sanchezh/Desktop/tombombadil/TOMBOMBADIL7211
7212	group_1695	/Users/sanchezh/Desktop/tombombadil/TOMBOMBADIL7212
7213	group_1677	/Users/sanchezh/Desktop/tombombadil/TOMBOMBADIL7213
7214	group_1676	/Users/sanchezh/Desktop/tombombadil/TOMBOMBADIL7214
7215	group_1670	/Users/sanchezh/Desktop/tombombadil/TOMBOMBADIL7215
7216	group_1661	/Users/sanchezh/Desktop/tombombadil/TOMBOMBADIL7216
7217	group_1640	/Users/sanchezh/Desktop/tombombadil/TOMBOMBADIL7217
7218	group_1589	/Users/sanchezh/Desktop/tombombadil/TOMBOMBADIL7218
7219	group_1573	/Users/sanchezh/Desktop/tombombadil/TOMBOMBADIL7219
7220	group_1530	/Users/sanchezh/Desktop/tombombadil/TOMBOMBADIL7220
7221	group_1513	/Users/sanchezh/Desktop/tombombadil/TOMBOMBADIL7221
7222	group_1506	/Users/sanchezh/Desktop/tombombadil/TOMBOMBADIL7222
7223	group_1443	/Users/sanchezh/Desktop/tombombadil/TOMBOMBADIL7223
7224	group_1426	/Users/sanchezh/Desktop/tombombadil/TOMBOMBADIL7224
7225	group_1382	/Users/sanchezh/Desktop/tombombadil/TOMBOMBADIL7225
7226	group_1362	/Users/sanchezh/Desktop/tombombadil/TOMBOMBADIL7226
7227	group_1333	/Users/sanchezh/Desktop/tombombadil/TOMBOMBADIL7227
7228	group_1313	/Users/sanchezh/Desktop/tombombadil/TOMBOMBADIL7228
7229	group_1294	/Users/sanchezh/Desktop/tombombadil/TOMBOMBADIL7229
7230	group_1244	/Users/sanchezh/Desktop/tombombadil/TOMBOMBADIL7230
7231	group_1239	/Users/sanchezh/Desktop/tombombadil/TOMBOMBADIL7231
7232	group_1237	/Users/sanchezh/Desktop/tombombadil/TOMBOMBADIL7232
7233	group_1236	/Users/sanchezh/Desktop/tombombadil/TOMBOMBADIL7233
7234	group_1196	/Users/sanchezh/Desktop/tombombadil/TOMBOMBADIL7234
7235	group_1187	/Users/sanchezh/Desktop/tombombadil/TOMBOMBADIL7235
7236	group_1094	/Users/sanchezh/Desktop/tombombadil/TOMBOMBADIL7236
7237	group_1036	/Users/sanchezh/Desktop/tombombadil/TOMBOMBADIL7237
7238	group_1026	/Users/sanchezh/Desktop/tombombadil/TOMBOMBADIL7238
7239	group_1001	/Users/sanchezh/Desktop/tombombadil/TOMBOMBADIL7239
7240	group_930	/Users/sanchezh/Desktop/tombombadil/TOMBOMBADIL7240
7241	group_821	/Users/sanchezh/Desktop/tombombadil/TOMBOMBADIL7241
7242	group_798	/Users/sanchezh/Desktop/tombombadil/TOMBOMBADIL7242
7243	group_797	/Users/sanchezh/Desktop/tombombadil/TOMBOMBADIL7243
7244	group_795	/Users/sanchezh/Desktop/tombombadil/TOMBOMBADIL7244
7245	group_792	/Users/sanchezh/Desktop/tombombadil/TOMBOMBADIL7245
7246	trbJ	/Users/sanchezh/Desktop/tombombadil/TOMBOMBADIL7246
7247	group_577	/Users/sanchezh/Desktop/tombombadil/TOMBOMBADIL7247
7248	group_561	/Users/sanchezh/Desktop/tombombadil/TOMBOMBADIL7248
7249	group_547	/Users/sanchezh/Desktop/tombombadil/TOMBOMBADIL7249
7250	group_531	/Users/sanchezh/Desktop/tombombadil/TOMBOMBADIL7250
7251	group_501	/Users/sanchezh/Desktop/tombombadil/TOMBOMBADIL7251
7252	group_473	/Users/sanchezh/Desktop/tombombadil/TOMBOMBADIL7252
7253	group_456	/Users/sanchezh/Desktop/tombombadil/TOMBOMBADIL7253
7254	group_438	/Users/sanchezh/Desktop/tombombadil/TOMBOMBADIL7254
7255	group_413	/Users/sanchezh/Desktop/tombombadil/TOMBOMBADIL7255
7256	group_411	/Users/sanchezh/Desktop/tombombadil/TOMBOMBADIL7256
7257	group_408	/Users/sanchezh/Desktop/tombombadil/TOMBOMBADIL7257
7258	group_390	/Users/sanchezh/Desktop/tombombadil/TOMBOMBADIL7258
7259	group_328	/Users/sanchezh/Desktop/tombombadil/TOMBOMBADIL7259
7260	bppU	/Users/sanchezh/Desktop/tombombadil/TOMBOMBADIL7260
7261	group_216	/Users/sanchezh/Desktop/tombombadil/TOMBOMBADIL7261
7262	group_127	/Users/sanchezh/Desktop/tombombadil/TOMBOMBADIL7262
7263	group_114	/Users/sanchezh/Desktop/tombombadil/TOMBOMBADIL7263
7264	group_107	/Users/sanchezh/Desktop/tombombadil/TOMBOMBADIL7264
7265	group_9	/Users/sanchezh/Desktop/tombombadil/TOMBOMBADIL7265
7266	group_2	/Users/sanchezh/Desktop/tombombadil/TOMBOMBADIL7266
7267	group_16526	/Users/sanchezh/Desktop/tombombadil/TOMBOMBADIL7267
7268	group_16525	/Users/sanchezh/Desktop/tombombadil/TOMBOMBADIL7268
7269	group_16523	/Users/sanchezh/Desktop/tombombadil/TOMBOMBADIL7269
7270	group_16475	/Users/sanchezh/Desktop/tombombadil/TOMBOMBADIL7270
7271	group_16367	/Users/sanchezh/Desktop/tombombadil/TOMBOMBADIL7271
7272	group_16366	/Users/sanchezh/Desktop/tombombadil/TOMBOMBADIL7272
7273	group_16340	/Users/sanchezh/Desktop/tombombadil/TOMBOMBADIL7273
7274	group_16338	/Users/sanchezh/Desktop/tombombadil/TOMBOMBADIL7274
7275	fkbM	/Users/sanchezh/Desktop/tombombadil/TOMBOMBADIL7275
7276	group_16241	/Users/sanchezh/Desktop/tombombadil/TOMBOMBADIL7276
7277	group_16236	/Users/sanchezh/Desktop/tombombadil/TOMBOMBADIL7277
7278	group_16234	/Users/sanchezh/Desktop/tombombadil/TOMBOMBADIL7278
7279	group_16230	/Users/sanchezh/Desktop/tombombadil/TOMBOMBADIL7279
7280	group_16229	/Users/sanchezh/Desktop/tombombadil/TOMBOMBADIL7280
7281	group_16228	/Users/sanchezh/Desktop/tombombadil/TOMBOMBADIL7281
7282	group_16225	/Users/sanchezh/Desktop/tombombadil/TOMBOMBADIL7282
7283	group_16188	/Users/sanchezh/Desktop/tombombadil/TOMBOMBADIL7283
7284	group_16156	/Users/sanchezh/Desktop/tombombadil/TOMBOMBADIL7284
7285	group_16138	/Users/sanchezh/Desktop/tombombadil/TOMBOMBADIL7285
7286	group_16119	/Users/sanchezh/Desktop/tombombadil/TOMBOMBADIL7286
7287	group_16058	/Users/sanchezh/Desktop/tombombadil/TOMBOMBADIL7287
7288	group_15967	/Users/sanchezh/Desktop/tombombadil/TOMBOMBADIL7288
7289	group_15948	/Users/sanchezh/Desktop/tombombadil/TOMBOMBADIL7289
7290	group_15936	/Users/sanchezh/Desktop/tombombadil/TOMBOMBADIL7290
7291	group_15910	/Users/sanchezh/Desktop/tombombadil/TOMBOMBADIL7291
7292	group_15909	/Users/sanchezh/Desktop/tombombadil/TOMBOMBADIL7292
7293	group_15904	/Users/sanchezh/Desktop/tombombadil/TOMBOMBADIL7293
7294	group_15864	/Users/sanchezh/Desktop/tombombadil/TOMBOMBADIL7294
7295	group_15860	/Users/sanchezh/Desktop/tombombadil/TOMBOMBADIL7295
7296	group_15847	/Users/sanchezh/Desktop/tombombadil/TOMBOMBADIL7296
7297	group_15837	/Users/sanchezh/Desktop/tombombadil/TOMBOMBADIL7297
7298	group_15831	/Users/sanchezh/Desktop/tombombadil/TOMBOMBADIL7298
7299	group_15824	/Users/sanchezh/Desktop/tombombadil/TOMBOMBADIL7299
7300	group_15820	/Users/sanchezh/Desktop/tombombadil/TOMBOMBADIL7300
7301	group_15813	/Users/sanchezh/Desktop/tombombadil/TOMBOMBADIL7301
7302	group_15798	/Users/sanchezh/Desktop/tombombadil/TOMBOMBADIL7302
7303	group_15795	/Users/sanchezh/Desktop/tombombadil/TOMBOMBADIL7303
7304	group_15768	/Users/sanchezh/Desktop/tombombadil/TOMBOMBADIL7304
7305	group_15755	/Users/sanchezh/Desktop/tombombadil/TOMBOMBADIL7305
7306	group_15753	/Users/sanchezh/Desktop/tombombadil/TOMBOMBADIL7306
7307	group_15749	/Users/sanchezh/Desktop/tombombadil/TOMBOMBADIL7307
7308	group_15747	/Users/sanchezh/Desktop/tombombadil/TOMBOMBADIL7308
7309	group_15731	/Users/sanchezh/Desktop/tombombadil/TOMBOMBADIL7309
7310	group_15715	/Users/sanchezh/Desktop/tombombadil/TOMBOMBADIL7310
7311	group_15706	/Users/sanchezh/Desktop/tombombadil/TOMBOMBADIL7311
7312	group_15701	/Users/sanchezh/Desktop/tombombadil/TOMBOMBADIL7312
7313	group_15700	/Users/sanchezh/Desktop/tombombadil/TOMBOMBADIL7313
7314	group_15698	/Users/sanchezh/Desktop/tombombadil/TOMBOMBADIL7314
7315	group_15695	/Users/sanchezh/Desktop/tombombadil/TOMBOMBADIL7315
7316	group_15685	/Users/sanchezh/Desktop/tombombadil/TOMBOMBADIL7316
7317	group_15653	/Users/sanchezh/Desktop/tombombadil/TOMBOMBADIL7317
7318	group_15642	/Users/sanchezh/Desktop/tombombadil/TOMBOMBADIL7318
7319	group_15622	/Users/sanchezh/Desktop/tombombadil/TOMBOMBADIL7319
7320	group_15617	/Users/sanchezh/Desktop/tombombadil/TOMBOMBADIL7320
7321	group_15582	/Users/sanchezh/Desktop/tombombadil/TOMBOMBADIL7321
7322	group_15558	/Users/sanchezh/Desktop/tombombadil/TOMBOMBADIL7322
7323	group_15545	/Users/sanchezh/Desktop/tombombadil/TOMBOMBADIL7323
7324	group_15512	/Users/sanchezh/Desktop/tombombadil/TOMBOMBADIL7324
7325	group_15506	/Users/sanchezh/Desktop/tombombadil/TOMBOMBADIL7325
7326	group_15493	/Users/sanchezh/Desktop/tombombadil/TOMBOMBADIL7326
7327	group_15491	/Users/sanchezh/Desktop/tombombadil/TOMBOMBADIL7327
7328	group_15481	/Users/sanchezh/Desktop/tombombadil/TOMBOMBADIL7328
7329	group_15472	/Users/sanchezh/Desktop/tombombadil/TOMBOMBADIL7329
7330	group_15453	/Users/sanchezh/Desktop/tombombadil/TOMBOMBADIL7330
7331	group_15431	/Users/sanchezh/Desktop/tombombadil/TOMBOMBADIL7331
7332	group_15421	/Users/sanchezh/Desktop/tombombadil/TOMBOMBADIL7332
7333	group_15393	/Users/sanchezh/Desktop/tombombadil/TOMBOMBADIL7333
7334	group_15381	/Users/sanchezh/Desktop/tombombadil/TOMBOMBADIL7334
7335	group_15377	/Users/sanchezh/Desktop/tombombadil/TOMBOMBADIL7335
7336	group_15367	/Users/sanchezh/Desktop/tombombadil/TOMBOMBADIL7336
7337	group_15313	/Users/sanchezh/Desktop/tombombadil/TOMBOMBADIL7337
7338	group_15284	/Users/sanchezh/Desktop/tombombadil/TOMBOMBADIL7338
7339	group_15273	/Users/sanchezh/Desktop/tombombadil/TOMBOMBADIL7339
7340	group_15270	/Users/sanchezh/Desktop/tombombadil/TOMBOMBADIL7340
7341	group_15268	/Users/sanchezh/Desktop/tombombadil/TOMBOMBADIL7341
7342	group_15259	/Users/sanchezh/Desktop/tombombadil/TOMBOMBADIL7342
7343	group_15256	/Users/sanchezh/Desktop/tombombadil/TOMBOMBADIL7343
7344	group_15229	/Users/sanchezh/Desktop/tombombadil/TOMBOMBADIL7344
7345	group_15225	/Users/sanchezh/Desktop/tombombadil/TOMBOMBADIL7345
7346	group_15210	/Users/sanchezh/Desktop/tombombadil/TOMBOMBADIL7346
7347	group_15196	/Users/sanchezh/Desktop/tombombadil/TOMBOMBADIL7347
7348	group_15191	/Users/sanchezh/Desktop/tombombadil/TOMBOMBADIL7348
7349	group_15166	/Users/sanchezh/Desktop/tombombadil/TOMBOMBADIL7349
7350	group_15154	/Users/sanchezh/Desktop/tombombadil/TOMBOMBADIL7350
7351	group_15098	/Users/sanchezh/Desktop/tombombadil/TOMBOMBADIL7351
7352	group_15096	/Users/sanchezh/Desktop/tombombadil/TOMBOMBADIL7352
7353	group_15084	/Users/sanchezh/Desktop/tombombadil/TOMBOMBADIL7353
7354	group_15079	/Users/sanchezh/Desktop/tombombadil/TOMBOMBADIL7354
7355	group_15074	/Users/sanchezh/Desktop/tombombadil/TOMBOMBADIL7355
7356	group_15066	/Users/sanchezh/Desktop/tombombadil/TOMBOMBADIL7356
7357	group_15047	/Users/sanchezh/Desktop/tombombadil/TOMBOMBADIL7357
7358	group_15035	/Users/sanchezh/Desktop/tombombadil/TOMBOMBADIL7358
7359	group_15032	/Users/sanchezh/Desktop/tombombadil/TOMBOMBADIL7359
7360	group_15015	/Users/sanchezh/Desktop/tombombadil/TOMBOMBADIL7360
7361	group_14997	/Users/sanchezh/Desktop/tombombadil/TOMBOMBADIL7361
7362	group_14991	/Users/sanchezh/Desktop/tombombadil/TOMBOMBADIL7362
7363	group_14983	/Users/sanchezh/Desktop/tombombadil/TOMBOMBADIL7363
7364	group_14973	/Users/sanchezh/Desktop/tombombadil/TOMBOMBADIL7364
7365	group_14958	/Users/sanchezh/Desktop/tombombadil/TOMBOMBADIL7365
7366	group_14953	/Users/sanchezh/Desktop/tombombadil/TOMBOMBADIL7366
7367	group_14947	/Users/sanchezh/Desktop/tombombadil/TOMBOMBADIL7367
7368	group_14936	/Users/sanchezh/Desktop/tombombadil/TOMBOMBADIL7368
7369	group_14931	/Users/sanchezh/Desktop/tombombadil/TOMBOMBADIL7369
7370	group_14926	/Users/sanchezh/Desktop/tombombadil/TOMBOMBADIL7370
7371	group_14918	/Users/sanchezh/Desktop/tombombadil/TOMBOMBADIL7371
7372	group_14882	/Users/sanchezh/Desktop/tombombadil/TOMBOMBADIL7372
7373	group_14872	/Users/sanchezh/Desktop/tombombadil/TOMBOMBADIL7373
7374	group_14866	/Users/sanchezh/Desktop/tombombadil/TOMBOMBADIL7374
7375	group_14864	/Users/sanchezh/Desktop/tombombadil/TOMBOMBADIL7375
7376	group_14862	/Users/sanchezh/Desktop/tombombadil/TOMBOMBADIL7376
7377	group_14857	/Users/sanchezh/Desktop/tombombadil/TOMBOMBADIL7377
7378	group_14822	/Users/sanchezh/Desktop/tombombadil/TOMBOMBADIL7378
7379	group_14818	/Users/sanchezh/Desktop/tombombadil/TOMBOMBADIL7379
7380	group_14794	/Users/sanchezh/Desktop/tombombadil/TOMBOMBADIL7380
7381	group_14740	/Users/sanchezh/Desktop/tombombadil/TOMBOMBADIL7381
7382	group_14737	/Users/sanchezh/Desktop/tombombadil/TOMBOMBADIL7382
7383	group_14715	/Users/sanchezh/Desktop/tombombadil/TOMBOMBADIL7383
7384	group_14700	/Users/sanchezh/Desktop/tombombadil/TOMBOMBADIL7384
7385	group_14696	/Users/sanchezh/Desktop/tombombadil/TOMBOMBADIL7385
7386	group_14680	/Users/sanchezh/Desktop/tombombadil/TOMBOMBADIL7386
7387	group_14674	/Users/sanchezh/Desktop/tombombadil/TOMBOMBADIL7387
7388	group_14646	/Users/sanchezh/Desktop/tombombadil/TOMBOMBADIL7388
7389	group_14627	/Users/sanchezh/Desktop/tombombadil/TOMBOMBADIL7389
7390	group_14626	/Users/sanchezh/Desktop/tombombadil/TOMBOMBADIL7390
7391	group_14623	/Users/sanchezh/Desktop/tombombadil/TOMBOMBADIL7391
7392	group_14618	/Users/sanchezh/Desktop/tombombadil/TOMBOMBADIL7392
7393	group_14616	/Users/sanchezh/Desktop/tombombadil/TOMBOMBADIL7393
7394	group_14608	/Users/sanchezh/Desktop/tombombadil/TOMBOMBADIL7394
7395	group_14600	/Users/sanchezh/Desktop/tombombadil/TOMBOMBADIL7395
7396	group_14588	/Users/sanchezh/Desktop/tombombadil/TOMBOMBADIL7396
7397	group_14587	/Users/sanchezh/Desktop/tombombadil/TOMBOMBADIL7397
7398	group_14575	/Users/sanchezh/Desktop/tombombadil/TOMBOMBADIL7398
7399	group_14572	/Users/sanchezh/Desktop/tombombadil/TOMBOMBADIL7399
7400	group_14560	/Users/sanchezh/Desktop/tombombadil/TOMBOMBADIL7400
7401	group_14539	/Users/sanchezh/Desktop/tombombadil/TOMBOMBADIL7401
7402	group_14534	/Users/sanchezh/Desktop/tombombadil/TOMBOMBADIL7402
7403	group_14527	/Users/sanchezh/Desktop/tombombadil/TOMBOMBADIL7403
7404	group_14522	/Users/sanchezh/Desktop/tombombadil/TOMBOMBADIL7404
7405	group_14503	/Users/sanchezh/Desktop/tombombadil/TOMBOMBADIL7405
7406	group_14502	/Users/sanchezh/Desktop/tombombadil/TOMBOMBADIL7406
7407	group_14492	/Users/sanchezh/Desktop/tombombadil/TOMBOMBADIL7407
7408	group_14487	/Users/sanchezh/Desktop/tombombadil/TOMBOMBADIL7408
7409	group_14470	/Users/sanchezh/Desktop/tombombadil/TOMBOMBADIL7409
7410	group_14465	/Users/sanchezh/Desktop/tombombadil/TOMBOMBADIL7410
7411	group_14460	/Users/sanchezh/Desktop/tombombadil/TOMBOMBADIL7411
7412	group_14459	/Users/sanchezh/Desktop/tombombadil/TOMBOMBADIL7412
7413	group_14458	/Users/sanchezh/Desktop/tombombadil/TOMBOMBADIL7413
7414	group_14449	/Users/sanchezh/Desktop/tombombadil/TOMBOMBADIL7414
7415	group_14445	/Users/sanchezh/Desktop/tombombadil/TOMBOMBADIL7415
7416	group_14441	/Users/sanchezh/Desktop/tombombadil/TOMBOMBADIL7416
7417	group_14419	/Users/sanchezh/Desktop/tombombadil/TOMBOMBADIL7417
7418	group_14409	/Users/sanchezh/Desktop/tombombadil/TOMBOMBADIL7418
7419	group_14408	/Users/sanchezh/Desktop/tombombadil/TOMBOMBADIL7419
7420	group_14406	/Users/sanchezh/Desktop/tombombadil/TOMBOMBADIL7420
7421	group_14404	/Users/sanchezh/Desktop/tombombadil/TOMBOMBADIL7421
7422	group_14384	/Users/sanchezh/Desktop/tombombadil/TOMBOMBADIL7422
7423	group_14361	/Users/sanchezh/Desktop/tombombadil/TOMBOMBADIL7423
7424	group_14345	/Users/sanchezh/Desktop/tombombadil/TOMBOMBADIL7424
7425	group_14342	/Users/sanchezh/Desktop/tombombadil/TOMBOMBADIL7425
7426	group_14308	/Users/sanchezh/Desktop/tombombadil/TOMBOMBADIL7426
7427	group_14305	/Users/sanchezh/Desktop/tombombadil/TOMBOMBADIL7427
7428	group_14290	/Users/sanchezh/Desktop/tombombadil/TOMBOMBADIL7428
7429	group_14283	/Users/sanchezh/Desktop/tombombadil/TOMBOMBADIL7429
7430	group_14276	/Users/sanchezh/Desktop/tombombadil/TOMBOMBADIL7430
7431	group_14253	/Users/sanchezh/Desktop/tombombadil/TOMBOMBADIL7431
7432	group_14252	/Users/sanchezh/Desktop/tombombadil/TOMBOMBADIL7432
7433	group_14243	/Users/sanchezh/Desktop/tombombadil/TOMBOMBADIL7433
7434	group_14228	/Users/sanchezh/Desktop/tombombadil/TOMBOMBADIL7434
7435	group_14219	/Users/sanchezh/Desktop/tombombadil/TOMBOMBADIL7435
7436	group_14213	/Users/sanchezh/Desktop/tombombadil/TOMBOMBADIL7436
7437	group_14212	/Users/sanchezh/Desktop/tombombadil/TOMBOMBADIL7437
7438	group_14188	/Users/sanchezh/Desktop/tombombadil/TOMBOMBADIL7438
7439	group_14173	/Users/sanchezh/Desktop/tombombadil/TOMBOMBADIL7439
7440	group_14152	/Users/sanchezh/Desktop/tombombadil/TOMBOMBADIL7440
7441	group_14148	/Users/sanchezh/Desktop/tombombadil/TOMBOMBADIL7441
7442	group_14145	/Users/sanchezh/Desktop/tombombadil/TOMBOMBADIL7442
7443	group_14139	/Users/sanchezh/Desktop/tombombadil/TOMBOMBADIL7443
7444	group_14134	/Users/sanchezh/Desktop/tombombadil/TOMBOMBADIL7444
7445	group_14130	/Users/sanchezh/Desktop/tombombadil/TOMBOMBADIL7445
7446	group_14122	/Users/sanchezh/Desktop/tombombadil/TOMBOMBADIL7446
7447	group_14119	/Users/sanchezh/Desktop/tombombadil/TOMBOMBADIL7447
7448	group_14118	/Users/sanchezh/Desktop/tombombadil/TOMBOMBADIL7448
7449	group_14113	/Users/sanchezh/Desktop/tombombadil/TOMBOMBADIL7449
7450	group_14111	/Users/sanchezh/Desktop/tombombadil/TOMBOMBADIL7450
7451	group_14093	/Users/sanchezh/Desktop/tombombadil/TOMBOMBADIL7451
7452	group_14091	/Users/sanchezh/Desktop/tombombadil/TOMBOMBADIL7452
7453	group_14087	/Users/sanchezh/Desktop/tombombadil/TOMBOMBADIL7453
7454	group_14086	/Users/sanchezh/Desktop/tombombadil/TOMBOMBADIL7454
7455	group_14035	/Users/sanchezh/Desktop/tombombadil/TOMBOMBADIL7455
7456	group_14032	/Users/sanchezh/Desktop/tombombadil/TOMBOMBADIL7456
7457	group_14020	/Users/sanchezh/Desktop/tombombadil/TOMBOMBADIL7457
7458	group_14019	/Users/sanchezh/Desktop/tombombadil/TOMBOMBADIL7458
7459	group_14009	/Users/sanchezh/Desktop/tombombadil/TOMBOMBADIL7459
7460	group_14006	/Users/sanchezh/Desktop/tombombadil/TOMBOMBADIL7460
7461	group_13991	/Users/sanchezh/Desktop/tombombadil/TOMBOMBADIL7461
7462	group_13966	/Users/sanchezh/Desktop/tombombadil/TOMBOMBADIL7462
7463	group_13941	/Users/sanchezh/Desktop/tombombadil/TOMBOMBADIL7463
7464	group_13875	/Users/sanchezh/Desktop/tombombadil/TOMBOMBADIL7464
7465	group_13869	/Users/sanchezh/Desktop/tombombadil/TOMBOMBADIL7465
7466	group_13842	/Users/sanchezh/Desktop/tombombadil/TOMBOMBADIL7466
7467	group_13833	/Users/sanchezh/Desktop/tombombadil/TOMBOMBADIL7467
7468	group_13830	/Users/sanchezh/Desktop/tombombadil/TOMBOMBADIL7468
7469	group_13799	/Users/sanchezh/Desktop/tombombadil/TOMBOMBADIL7469
7470	group_13789	/Users/sanchezh/Desktop/tombombadil/TOMBOMBADIL7470
7471	group_13759	/Users/sanchezh/Desktop/tombombadil/TOMBOMBADIL7471
7472	group_13758	/Users/sanchezh/Desktop/tombombadil/TOMBOMBADIL7472
7473	group_13738	/Users/sanchezh/Desktop/tombombadil/TOMBOMBADIL7473
7474	group_13724	/Users/sanchezh/Desktop/tombombadil/TOMBOMBADIL7474
7475	group_13721	/Users/sanchezh/Desktop/tombombadil/TOMBOMBADIL7475
7476	group_13701	/Users/sanchezh/Desktop/tombombadil/TOMBOMBADIL7476
7477	group_13681	/Users/sanchezh/Desktop/tombombadil/TOMBOMBADIL7477
7478	group_13565	/Users/sanchezh/Desktop/tombombadil/TOMBOMBADIL7478
7479	group_13544	/Users/sanchezh/Desktop/tombombadil/TOMBOMBADIL7479
7480	group_13503	/Users/sanchezh/Desktop/tombombadil/TOMBOMBADIL7480
7481	group_13502	/Users/sanchezh/Desktop/tombombadil/TOMBOMBADIL7481
7482	group_13501	/Users/sanchezh/Desktop/tombombadil/TOMBOMBADIL7482
7483	group_13491	/Users/sanchezh/Desktop/tombombadil/TOMBOMBADIL7483
7484	group_13490	/Users/sanchezh/Desktop/tombombadil/TOMBOMBADIL7484
7485	group_13461	/Users/sanchezh/Desktop/tombombadil/TOMBOMBADIL7485
7486	group_13460	/Users/sanchezh/Desktop/tombombadil/TOMBOMBADIL7486
7487	group_13452	/Users/sanchezh/Desktop/tombombadil/TOMBOMBADIL7487
7488	group_13380	/Users/sanchezh/Desktop/tombombadil/TOMBOMBADIL7488
7489	group_13358	/Users/sanchezh/Desktop/tombombadil/TOMBOMBADIL7489
7490	group_13355	/Users/sanchezh/Desktop/tombombadil/TOMBOMBADIL7490
7491	group_13342	/Users/sanchezh/Desktop/tombombadil/TOMBOMBADIL7491
7492	group_13333	/Users/sanchezh/Desktop/tombombadil/TOMBOMBADIL7492
7493	group_13328	/Users/sanchezh/Desktop/tombombadil/TOMBOMBADIL7493
7494	group_13281	/Users/sanchezh/Desktop/tombombadil/TOMBOMBADIL7494
7495	group_13215	/Users/sanchezh/Desktop/tombombadil/TOMBOMBADIL7495
7496	group_13197	/Users/sanchezh/Desktop/tombombadil/TOMBOMBADIL7496
7497	group_13185	/Users/sanchezh/Desktop/tombombadil/TOMBOMBADIL7497
7498	group_13183	/Users/sanchezh/Desktop/tombombadil/TOMBOMBADIL7498
7499	group_13174	/Users/sanchezh/Desktop/tombombadil/TOMBOMBADIL7499
7500	group_13157	/Users/sanchezh/Desktop/tombombadil/TOMBOMBADIL7500
7501	group_13150	/Users/sanchezh/Desktop/tombombadil/TOMBOMBADIL7501
7502	group_13115	/Users/sanchezh/Desktop/tombombadil/TOMBOMBADIL7502
7503	group_13114	/Users/sanchezh/Desktop/tombombadil/TOMBOMBADIL7503
7504	group_13088	/Users/sanchezh/Desktop/tombombadil/TOMBOMBADIL7504
7505	group_13082	/Users/sanchezh/Desktop/tombombadil/TOMBOMBADIL7505
7506	group_13068	/Users/sanchezh/Desktop/tombombadil/TOMBOMBADIL7506
7507	group_13062	/Users/sanchezh/Desktop/tombombadil/TOMBOMBADIL7507
7508	group_13008	/Users/sanchezh/Desktop/tombombadil/TOMBOMBADIL7508
7509	group_12999	/Users/sanchezh/Desktop/tombombadil/TOMBOMBADIL7509
7510	group_12997	/Users/sanchezh/Desktop/tombombadil/TOMBOMBADIL7510
7511	group_12957	/Users/sanchezh/Desktop/tombombadil/TOMBOMBADIL7511
7512	group_12923	/Users/sanchezh/Desktop/tombombadil/TOMBOMBADIL7512
7513	group_12917	/Users/sanchezh/Desktop/tombombadil/TOMBOMBADIL7513
7514	group_12913	/Users/sanchezh/Desktop/tombombadil/TOMBOMBADIL7514
7515	group_12891	/Users/sanchezh/Desktop/tombombadil/TOMBOMBADIL7515
7516	group_12871	/Users/sanchezh/Desktop/tombombadil/TOMBOMBADIL7516
7517	group_12870	/Users/sanchezh/Desktop/tombombadil/TOMBOMBADIL7517
7518	group_12842	/Users/sanchezh/Desktop/tombombadil/TOMBOMBADIL7518
7519	group_12836	/Users/sanchezh/Desktop/tombombadil/TOMBOMBADIL7519
7520	group_12820	/Users/sanchezh/Desktop/tombombadil/TOMBOMBADIL7520
7521	group_12801	/Users/sanchezh/Desktop/tombombadil/TOMBOMBADIL7521
7522	group_12800	/Users/sanchezh/Desktop/tombombadil/TOMBOMBADIL7522
7523	group_12784	/Users/sanchezh/Desktop/tombombadil/TOMBOMBADIL7523
7524	group_12775	/Users/sanchezh/Desktop/tombombadil/TOMBOMBADIL7524
7525	group_12768	/Users/sanchezh/Desktop/tombombadil/TOMBOMBADIL7525
7526	group_12743	/Users/sanchezh/Desktop/tombombadil/TOMBOMBADIL7526
7527	group_12742	/Users/sanchezh/Desktop/tombombadil/TOMBOMBADIL7527
7528	group_12723	/Users/sanchezh/Desktop/tombombadil/TOMBOMBADIL7528
7529	group_12693	/Users/sanchezh/Desktop/tombombadil/TOMBOMBADIL7529
7530	group_12673	/Users/sanchezh/Desktop/tombombadil/TOMBOMBADIL7530
7531	group_12665	/Users/sanchezh/Desktop/tombombadil/TOMBOMBADIL7531
7532	group_12658	/Users/sanchezh/Desktop/tombombadil/TOMBOMBADIL7532
7533	group_12647	/Users/sanchezh/Desktop/tombombadil/TOMBOMBADIL7533
7534	group_12646	/Users/sanchezh/Desktop/tombombadil/TOMBOMBADIL7534
7535	group_12642	/Users/sanchezh/Desktop/tombombadil/TOMBOMBADIL7535
7536	group_12639	/Users/sanchezh/Desktop/tombombadil/TOMBOMBADIL7536
7537	group_12622	/Users/sanchezh/Desktop/tombombadil/TOMBOMBADIL7537
7538	group_12573	/Users/sanchezh/Desktop/tombombadil/TOMBOMBADIL7538
7539	group_12572	/Users/sanchezh/Desktop/tombombadil/TOMBOMBADIL7539
7540	group_12560	/Users/sanchezh/Desktop/tombombadil/TOMBOMBADIL7540
7541	group_12559	/Users/sanchezh/Desktop/tombombadil/TOMBOMBADIL7541
7542	group_12555	/Users/sanchezh/Desktop/tombombadil/TOMBOMBADIL7542
7543	group_12539	/Users/sanchezh/Desktop/tombombadil/TOMBOMBADIL7543
7544	group_12538	/Users/sanchezh/Desktop/tombombadil/TOMBOMBADIL7544
7545	group_12532	/Users/sanchezh/Desktop/tombombadil/TOMBOMBADIL7545
7546	group_12515	/Users/sanchezh/Desktop/tombombadil/TOMBOMBADIL7546
7547	group_12510	/Users/sanchezh/Desktop/tombombadil/TOMBOMBADIL7547
7548	group_12488	/Users/sanchezh/Desktop/tombombadil/TOMBOMBADIL7548
7549	group_12483	/Users/sanchezh/Desktop/tombombadil/TOMBOMBADIL7549
7550	group_12477	/Users/sanchezh/Desktop/tombombadil/TOMBOMBADIL7550
7551	group_12466	/Users/sanchezh/Desktop/tombombadil/TOMBOMBADIL7551
7552	group_12424	/Users/sanchezh/Desktop/tombombadil/TOMBOMBADIL7552
7553	group_12423	/Users/sanchezh/Desktop/tombombadil/TOMBOMBADIL7553
7554	group_12422	/Users/sanchezh/Desktop/tombombadil/TOMBOMBADIL7554
7555	group_12421	/Users/sanchezh/Desktop/tombombadil/TOMBOMBADIL7555
7556	group_12388	/Users/sanchezh/Desktop/tombombadil/TOMBOMBADIL7556
7557	group_12376	/Users/sanchezh/Desktop/tombombadil/TOMBOMBADIL7557
7558	group_12360	/Users/sanchezh/Desktop/tombombadil/TOMBOMBADIL7558
7559	group_12303	/Users/sanchezh/Desktop/tombombadil/TOMBOMBADIL7559
7560	group_12270	/Users/sanchezh/Desktop/tombombadil/TOMBOMBADIL7560
7561	group_12266	/Users/sanchezh/Desktop/tombombadil/TOMBOMBADIL7561
7562	group_12262	/Users/sanchezh/Desktop/tombombadil/TOMBOMBADIL7562
7563	group_12231	/Users/sanchezh/Desktop/tombombadil/TOMBOMBADIL7563
7564	group_12225	/Users/sanchezh/Desktop/tombombadil/TOMBOMBADIL7564
7565	group_12216	/Users/sanchezh/Desktop/tombombadil/TOMBOMBADIL7565
7566	group_12214	/Users/sanchezh/Desktop/tombombadil/TOMBOMBADIL7566
7567	group_12196	/Users/sanchezh/Desktop/tombombadil/TOMBOMBADIL7567
7568	group_12184	/Users/sanchezh/Desktop/tombombadil/TOMBOMBADIL7568
7569	group_12148	/Users/sanchezh/Desktop/tombombadil/TOMBOMBADIL7569
7570	group_12147	/Users/sanchezh/Desktop/tombombadil/TOMBOMBADIL7570
7571	group_12143	/Users/sanchezh/Desktop/tombombadil/TOMBOMBADIL7571
7572	group_12142	/Users/sanchezh/Desktop/tombombadil/TOMBOMBADIL7572
7573	group_12138	/Users/sanchezh/Desktop/tombombadil/TOMBOMBADIL7573
7574	group_12133	/Users/sanchezh/Desktop/tombombadil/TOMBOMBADIL7574
7575	group_12119	/Users/sanchezh/Desktop/tombombadil/TOMBOMBADIL7575
7576	group_12102	/Users/sanchezh/Desktop/tombombadil/TOMBOMBADIL7576
7577	group_12100	/Users/sanchezh/Desktop/tombombadil/TOMBOMBADIL7577
7578	group_12089	/Users/sanchezh/Desktop/tombombadil/TOMBOMBADIL7578
7579	group_12048	/Users/sanchezh/Desktop/tombombadil/TOMBOMBADIL7579
7580	group_11993	/Users/sanchezh/Desktop/tombombadil/TOMBOMBADIL7580
7581	group_11990	/Users/sanchezh/Desktop/tombombadil/TOMBOMBADIL7581
7582	group_11980	/Users/sanchezh/Desktop/tombombadil/TOMBOMBADIL7582
7583	cdiA	/Users/sanchezh/Desktop/tombombadil/TOMBOMBADIL7583
7584	group_11958	/Users/sanchezh/Desktop/tombombadil/TOMBOMBADIL7584
7585	group_11949	/Users/sanchezh/Desktop/tombombadil/TOMBOMBADIL7585
7586	group_11944	/Users/sanchezh/Desktop/tombombadil/TOMBOMBADIL7586
7587	group_11925	/Users/sanchezh/Desktop/tombombadil/TOMBOMBADIL7587
7588	group_11924	/Users/sanchezh/Desktop/tombombadil/TOMBOMBADIL7588
7589	group_11916	/Users/sanchezh/Desktop/tombombadil/TOMBOMBADIL7589
7590	group_11913	/Users/sanchezh/Desktop/tombombadil/TOMBOMBADIL7590
7591	group_11883	/Users/sanchezh/Desktop/tombombadil/TOMBOMBADIL7591
7592	group_11874	/Users/sanchezh/Desktop/tombombadil/TOMBOMBADIL7592
7593	group_11812	/Users/sanchezh/Desktop/tombombadil/TOMBOMBADIL7593
7594	group_11789	/Users/sanchezh/Desktop/tombombadil/TOMBOMBADIL7594
7595	group_11773	/Users/sanchezh/Desktop/tombombadil/TOMBOMBADIL7595
7596	group_11744	/Users/sanchezh/Desktop/tombombadil/TOMBOMBADIL7596
7597	group_11734	/Users/sanchezh/Desktop/tombombadil/TOMBOMBADIL7597
7598	group_11732	/Users/sanchezh/Desktop/tombombadil/TOMBOMBADIL7598
7599	group_11727	/Users/sanchezh/Desktop/tombombadil/TOMBOMBADIL7599
7600	group_11724	/Users/sanchezh/Desktop/tombombadil/TOMBOMBADIL7600
7601	group_11705	/Users/sanchezh/Desktop/tombombadil/TOMBOMBADIL7601
7602	group_11698	/Users/sanchezh/Desktop/tombombadil/TOMBOMBADIL7602
7603	group_11686	/Users/sanchezh/Desktop/tombombadil/TOMBOMBADIL7603
7604	group_11682	/Users/sanchezh/Desktop/tombombadil/TOMBOMBADIL7604
7605	group_11667	/Users/sanchezh/Desktop/tombombadil/TOMBOMBADIL7605
7606	group_11660	/Users/sanchezh/Desktop/tombombadil/TOMBOMBADIL7606
7607	group_11650	/Users/sanchezh/Desktop/tombombadil/TOMBOMBADIL7607
7608	group_11647	/Users/sanchezh/Desktop/tombombadil/TOMBOMBADIL7608
7609	group_11643	/Users/sanchezh/Desktop/tombombadil/TOMBOMBADIL7609
7610	group_11641	/Users/sanchezh/Desktop/tombombadil/TOMBOMBADIL7610
7611	group_11602	/Users/sanchezh/Desktop/tombombadil/TOMBOMBADIL7611
7612	group_11588	/Users/sanchezh/Desktop/tombombadil/TOMBOMBADIL7612
7613	group_11584	/Users/sanchezh/Desktop/tombombadil/TOMBOMBADIL7613
7614	group_11575	/Users/sanchezh/Desktop/tombombadil/TOMBOMBADIL7614
7615	group_11494	/Users/sanchezh/Desktop/tombombadil/TOMBOMBADIL7615
7616	group_11488	/Users/sanchezh/Desktop/tombombadil/TOMBOMBADIL7616
7617	group_11456	/Users/sanchezh/Desktop/tombombadil/TOMBOMBADIL7617
7618	group_11453	/Users/sanchezh/Desktop/tombombadil/TOMBOMBADIL7618
7619	group_11449	/Users/sanchezh/Desktop/tombombadil/TOMBOMBADIL7619
7620	group_11443	/Users/sanchezh/Desktop/tombombadil/TOMBOMBADIL7620
7621	group_11440	/Users/sanchezh/Desktop/tombombadil/TOMBOMBADIL7621
7622	group_11424	/Users/sanchezh/Desktop/tombombadil/TOMBOMBADIL7622
7623	group_11420	/Users/sanchezh/Desktop/tombombadil/TOMBOMBADIL7623
7624	group_11390	/Users/sanchezh/Desktop/tombombadil/TOMBOMBADIL7624
7625	pglD	/Users/sanchezh/Desktop/tombombadil/TOMBOMBADIL7625
7626	group_11383	/Users/sanchezh/Desktop/tombombadil/TOMBOMBADIL7626
7627	group_11343	/Users/sanchezh/Desktop/tombombadil/TOMBOMBADIL7627
7628	group_11341	/Users/sanchezh/Desktop/tombombadil/TOMBOMBADIL7628
7629	group_11329	/Users/sanchezh/Desktop/tombombadil/TOMBOMBADIL7629
7630	group_11328	/Users/sanchezh/Desktop/tombombadil/TOMBOMBADIL7630
7631	group_11326	/Users/sanchezh/Desktop/tombombadil/TOMBOMBADIL7631
7632	group_11315	/Users/sanchezh/Desktop/tombombadil/TOMBOMBADIL7632
7633	group_11313	/Users/sanchezh/Desktop/tombombadil/TOMBOMBADIL7633
7634	group_11264	/Users/sanchezh/Desktop/tombombadil/TOMBOMBADIL7634
7635	group_11260	/Users/sanchezh/Desktop/tombombadil/TOMBOMBADIL7635
7636	group_11237	/Users/sanchezh/Desktop/tombombadil/TOMBOMBADIL7636
7637	group_11213	/Users/sanchezh/Desktop/tombombadil/TOMBOMBADIL7637
7638	acnR	/Users/sanchezh/Desktop/tombombadil/TOMBOMBADIL7638
7639	group_11176	/Users/sanchezh/Desktop/tombombadil/TOMBOMBADIL7639
7640	group_11165	/Users/sanchezh/Desktop/tombombadil/TOMBOMBADIL7640
7641	group_11164	/Users/sanchezh/Desktop/tombombadil/TOMBOMBADIL7641
7642	group_11160	/Users/sanchezh/Desktop/tombombadil/TOMBOMBADIL7642
7643	group_11135	/Users/sanchezh/Desktop/tombombadil/TOMBOMBADIL7643
7644	group_11101	/Users/sanchezh/Desktop/tombombadil/TOMBOMBADIL7644
7645	group_11084	/Users/sanchezh/Desktop/tombombadil/TOMBOMBADIL7645
7646	group_11081	/Users/sanchezh/Desktop/tombombadil/TOMBOMBADIL7646
7647	group_11066	/Users/sanchezh/Desktop/tombombadil/TOMBOMBADIL7647
7648	group_11063	/Users/sanchezh/Desktop/tombombadil/TOMBOMBADIL7648
7649	group_11021	/Users/sanchezh/Desktop/tombombadil/TOMBOMBADIL7649
7650	group_11019	/Users/sanchezh/Desktop/tombombadil/TOMBOMBADIL7650
7651	group_11012	/Users/sanchezh/Desktop/tombombadil/TOMBOMBADIL7651
7652	group_10980	/Users/sanchezh/Desktop/tombombadil/TOMBOMBADIL7652
7653	group_10952	/Users/sanchezh/Desktop/tombombadil/TOMBOMBADIL7653
7654	group_10948	/Users/sanchezh/Desktop/tombombadil/TOMBOMBADIL7654
7655	group_10929	/Users/sanchezh/Desktop/tombombadil/TOMBOMBADIL7655
7656	group_10928	/Users/sanchezh/Desktop/tombombadil/TOMBOMBADIL7656
7657	group_10900	/Users/sanchezh/Desktop/tombombadil/TOMBOMBADIL7657
7658	group_10886	/Users/sanchezh/Desktop/tombombadil/TOMBOMBADIL7658
7659	group_10836	/Users/sanchezh/Desktop/tombombadil/TOMBOMBADIL7659
7660	group_10789	/Users/sanchezh/Desktop/tombombadil/TOMBOMBADIL7660
7661	group_10774	/Users/sanchezh/Desktop/tombombadil/TOMBOMBADIL7661
7662	group_10769	/Users/sanchezh/Desktop/tombombadil/TOMBOMBADIL7662
7663	group_10768	/Users/sanchezh/Desktop/tombombadil/TOMBOMBADIL7663
7664	group_10753	/Users/sanchezh/Desktop/tombombadil/TOMBOMBADIL7664
7665	group_10750	/Users/sanchezh/Desktop/tombombadil/TOMBOMBADIL7665
7666	group_10748	/Users/sanchezh/Desktop/tombombadil/TOMBOMBADIL7666
7667	group_10741	/Users/sanchezh/Desktop/tombombadil/TOMBOMBADIL7667
7668	group_10736	/Users/sanchezh/Desktop/tombombadil/TOMBOMBADIL7668
7669	group_10734	/Users/sanchezh/Desktop/tombombadil/TOMBOMBADIL7669
7670	group_10732	/Users/sanchezh/Desktop/tombombadil/TOMBOMBADIL7670
7671	group_10711	/Users/sanchezh/Desktop/tombombadil/TOMBOMBADIL7671
7672	group_10702	/Users/sanchezh/Desktop/tombombadil/TOMBOMBADIL7672
7673	group_10696	/Users/sanchezh/Desktop/tombombadil/TOMBOMBADIL7673
7674	group_10662	/Users/sanchezh/Desktop/tombombadil/TOMBOMBADIL7674
7675	group_10633	/Users/sanchezh/Desktop/tombombadil/TOMBOMBADIL7675
7676	ardA	/Users/sanchezh/Desktop/tombombadil/TOMBOMBADIL7676
7677	group_10622	/Users/sanchezh/Desktop/tombombadil/TOMBOMBADIL7677
7678	group_10581	/Users/sanchezh/Desktop/tombombadil/TOMBOMBADIL7678
7679	group_10575	/Users/sanchezh/Desktop/tombombadil/TOMBOMBADIL7679
7680	group_10572	/Users/sanchezh/Desktop/tombombadil/TOMBOMBADIL7680
7681	group_10566	/Users/sanchezh/Desktop/tombombadil/TOMBOMBADIL7681
7682	group_10561	/Users/sanchezh/Desktop/tombombadil/TOMBOMBADIL7682
7683	group_10526	/Users/sanchezh/Desktop/tombombadil/TOMBOMBADIL7683
7684	group_10491	/Users/sanchezh/Desktop/tombombadil/TOMBOMBADIL7684
7685	group_10481	/Users/sanchezh/Desktop/tombombadil/TOMBOMBADIL7685
7686	group_10479	/Users/sanchezh/Desktop/tombombadil/TOMBOMBADIL7686
7687	group_10478	/Users/sanchezh/Desktop/tombombadil/TOMBOMBADIL7687
7688	group_10460	/Users/sanchezh/Desktop/tombombadil/TOMBOMBADIL7688
7689	group_10455	/Users/sanchezh/Desktop/tombombadil/TOMBOMBADIL7689
7690	group_10450	/Users/sanchezh/Desktop/tombombadil/TOMBOMBADIL7690
7691	group_10428	/Users/sanchezh/Desktop/tombombadil/TOMBOMBADIL7691
7692	group_10423	/Users/sanchezh/Desktop/tombombadil/TOMBOMBADIL7692
7693	group_10420	/Users/sanchezh/Desktop/tombombadil/TOMBOMBADIL7693
7694	group_10417	/Users/sanchezh/Desktop/tombombadil/TOMBOMBADIL7694
7695	group_10411	/Users/sanchezh/Desktop/tombombadil/TOMBOMBADIL7695
7696	group_10406	/Users/sanchezh/Desktop/tombombadil/TOMBOMBADIL7696
7697	group_10390	/Users/sanchezh/Desktop/tombombadil/TOMBOMBADIL7697
7698	group_10379	/Users/sanchezh/Desktop/tombombadil/TOMBOMBADIL7698
7699	group_10370	/Users/sanchezh/Desktop/tombombadil/TOMBOMBADIL7699
7700	group_10346	/Users/sanchezh/Desktop/tombombadil/TOMBOMBADIL7700
7701	group_10341	/Users/sanchezh/Desktop/tombombadil/TOMBOMBADIL7701
7702	group_10324	/Users/sanchezh/Desktop/tombombadil/TOMBOMBADIL7702
7703	group_10320	/Users/sanchezh/Desktop/tombombadil/TOMBOMBADIL7703
7704	group_10316	/Users/sanchezh/Desktop/tombombadil/TOMBOMBADIL7704
7705	group_10307	/Users/sanchezh/Desktop/tombombadil/TOMBOMBADIL7705
7706	group_10306	/Users/sanchezh/Desktop/tombombadil/TOMBOMBADIL7706
7707	group_10297	/Users/sanchezh/Desktop/tombombadil/TOMBOMBADIL7707
7708	relE	/Users/sanchezh/Desktop/tombombadil/TOMBOMBADIL7708
7709	group_10273	/Users/sanchezh/Desktop/tombombadil/TOMBOMBADIL7709
7710	group_10264	/Users/sanchezh/Desktop/tombombadil/TOMBOMBADIL7710
7711	group_10256	/Users/sanchezh/Desktop/tombombadil/TOMBOMBADIL7711
7712	group_10245	/Users/sanchezh/Desktop/tombombadil/TOMBOMBADIL7712
7713	group_10222	/Users/sanchezh/Desktop/tombombadil/TOMBOMBADIL7713
7714	group_10203	/Users/sanchezh/Desktop/tombombadil/TOMBOMBADIL7714
7715	group_10198	/Users/sanchezh/Desktop/tombombadil/TOMBOMBADIL7715
7716	group_10177	/Users/sanchezh/Desktop/tombombadil/TOMBOMBADIL7716
7717	group_10174	/Users/sanchezh/Desktop/tombombadil/TOMBOMBADIL7717
7718	group_10169	/Users/sanchezh/Desktop/tombombadil/TOMBOMBADIL7718
7719	group_10112	/Users/sanchezh/Desktop/tombombadil/TOMBOMBADIL7719
7720	group_10111	/Users/sanchezh/Desktop/tombombadil/TOMBOMBADIL7720
7721	group_10088	/Users/sanchezh/Desktop/tombombadil/TOMBOMBADIL7721
7722	group_10060	/Users/sanchezh/Desktop/tombombadil/TOMBOMBADIL7722
7723	group_10059	/Users/sanchezh/Desktop/tombombadil/TOMBOMBADIL7723
7724	group_10057	/Users/sanchezh/Desktop/tombombadil/TOMBOMBADIL7724
7725	group_10045	/Users/sanchezh/Desktop/tombombadil/TOMBOMBADIL7725
7726	group_10035	/Users/sanchezh/Desktop/tombombadil/TOMBOMBADIL7726
7727	group_10024	/Users/sanchezh/Desktop/tombombadil/TOMBOMBADIL7727
7728	group_10013	/Users/sanchezh/Desktop/tombombadil/TOMBOMBADIL7728
7729	group_10004	/Users/sanchezh/Desktop/tombombadil/TOMBOMBADIL7729
7730	group_9984	/Users/sanchezh/Desktop/tombombadil/TOMBOMBADIL7730
7731	group_9977	/Users/sanchezh/Desktop/tombombadil/TOMBOMBADIL7731
7732	group_9962	/Users/sanchezh/Desktop/tombombadil/TOMBOMBADIL7732
7733	group_9954	/Users/sanchezh/Desktop/tombombadil/TOMBOMBADIL7733
7734	group_9941	/Users/sanchezh/Desktop/tombombadil/TOMBOMBADIL7734
7735	group_9938	/Users/sanchezh/Desktop/tombombadil/TOMBOMBADIL7735
7736	group_9936	/Users/sanchezh/Desktop/tombombadil/TOMBOMBADIL7736
7737	group_9929	/Users/sanchezh/Desktop/tombombadil/TOMBOMBADIL7737
7738	group_9902	/Users/sanchezh/Desktop/tombombadil/TOMBOMBADIL7738
7739	group_9887	/Users/sanchezh/Desktop/tombombadil/TOMBOMBADIL7739
7740	group_9886	/Users/sanchezh/Desktop/tombombadil/TOMBOMBADIL7740
7741	group_9878	/Users/sanchezh/Desktop/tombombadil/TOMBOMBADIL7741
7742	group_9865	/Users/sanchezh/Desktop/tombombadil/TOMBOMBADIL7742
7743	group_9864	/Users/sanchezh/Desktop/tombombadil/TOMBOMBADIL7743
7744	group_9862	/Users/sanchezh/Desktop/tombombadil/TOMBOMBADIL7744
7745	group_9855	/Users/sanchezh/Desktop/tombombadil/TOMBOMBADIL7745
7746	group_9838	/Users/sanchezh/Desktop/tombombadil/TOMBOMBADIL7746
7747	group_9836	/Users/sanchezh/Desktop/tombombadil/TOMBOMBADIL7747
7748	group_9833	/Users/sanchezh/Desktop/tombombadil/TOMBOMBADIL7748
7749	group_9819	/Users/sanchezh/Desktop/tombombadil/TOMBOMBADIL7749
7750	group_9816	/Users/sanchezh/Desktop/tombombadil/TOMBOMBADIL7750
7751	group_9780	/Users/sanchezh/Desktop/tombombadil/TOMBOMBADIL7751
7752	group_9778	/Users/sanchezh/Desktop/tombombadil/TOMBOMBADIL7752
7753	group_9752	/Users/sanchezh/Desktop/tombombadil/TOMBOMBADIL7753
7754	group_9750	/Users/sanchezh/Desktop/tombombadil/TOMBOMBADIL7754
7755	group_9728	/Users/sanchezh/Desktop/tombombadil/TOMBOMBADIL7755
7756	group_9720	/Users/sanchezh/Desktop/tombombadil/TOMBOMBADIL7756
7757	group_9690	/Users/sanchezh/Desktop/tombombadil/TOMBOMBADIL7757
7758	group_9687	/Users/sanchezh/Desktop/tombombadil/TOMBOMBADIL7758
7759	group_9645	/Users/sanchezh/Desktop/tombombadil/TOMBOMBADIL7759
7760	group_9641	/Users/sanchezh/Desktop/tombombadil/TOMBOMBADIL7760
7761	group_9587	/Users/sanchezh/Desktop/tombombadil/TOMBOMBADIL7761
7762	group_9563	/Users/sanchezh/Desktop/tombombadil/TOMBOMBADIL7762
7763	group_9561	/Users/sanchezh/Desktop/tombombadil/TOMBOMBADIL7763
7764	group_9545	/Users/sanchezh/Desktop/tombombadil/TOMBOMBADIL7764
7765	group_9543	/Users/sanchezh/Desktop/tombombadil/TOMBOMBADIL7765
7766	group_9541	/Users/sanchezh/Desktop/tombombadil/TOMBOMBADIL7766
7767	group_9533	/Users/sanchezh/Desktop/tombombadil/TOMBOMBADIL7767
7768	group_9529	/Users/sanchezh/Desktop/tombombadil/TOMBOMBADIL7768
7769	group_9527	/Users/sanchezh/Desktop/tombombadil/TOMBOMBADIL7769
7770	group_9473	/Users/sanchezh/Desktop/tombombadil/TOMBOMBADIL7770
7771	group_9465	/Users/sanchezh/Desktop/tombombadil/TOMBOMBADIL7771
7772	group_9464	/Users/sanchezh/Desktop/tombombadil/TOMBOMBADIL7772
7773	group_9460	/Users/sanchezh/Desktop/tombombadil/TOMBOMBADIL7773
7774	group_9457	/Users/sanchezh/Desktop/tombombadil/TOMBOMBADIL7774
7775	group_9454	/Users/sanchezh/Desktop/tombombadil/TOMBOMBADIL7775
7776	group_9451	/Users/sanchezh/Desktop/tombombadil/TOMBOMBADIL7776
7777	group_9439	/Users/sanchezh/Desktop/tombombadil/TOMBOMBADIL7777
7778	group_9438	/Users/sanchezh/Desktop/tombombadil/TOMBOMBADIL7778
7779	group_9434	/Users/sanchezh/Desktop/tombombadil/TOMBOMBADIL7779
7780	group_9426	/Users/sanchezh/Desktop/tombombadil/TOMBOMBADIL7780
7781	group_9421	/Users/sanchezh/Desktop/tombombadil/TOMBOMBADIL7781
7782	group_9392	/Users/sanchezh/Desktop/tombombadil/TOMBOMBADIL7782
7783	group_9364	/Users/sanchezh/Desktop/tombombadil/TOMBOMBADIL7783
7784	group_9344	/Users/sanchezh/Desktop/tombombadil/TOMBOMBADIL7784
7785	group_9340	/Users/sanchezh/Desktop/tombombadil/TOMBOMBADIL7785
7786	group_9329	/Users/sanchezh/Desktop/tombombadil/TOMBOMBADIL7786
7787	group_9308	/Users/sanchezh/Desktop/tombombadil/TOMBOMBADIL7787
7788	group_9285	/Users/sanchezh/Desktop/tombombadil/TOMBOMBADIL7788
7789	group_9281	/Users/sanchezh/Desktop/tombombadil/TOMBOMBADIL7789
7790	group_9267	/Users/sanchezh/Desktop/tombombadil/TOMBOMBADIL7790
7791	group_9231	/Users/sanchezh/Desktop/tombombadil/TOMBOMBADIL7791
7792	group_9225	/Users/sanchezh/Desktop/tombombadil/TOMBOMBADIL7792
7793	group_9196	/Users/sanchezh/Desktop/tombombadil/TOMBOMBADIL7793
7794	group_9187	/Users/sanchezh/Desktop/tombombadil/TOMBOMBADIL7794
7795	group_9155	/Users/sanchezh/Desktop/tombombadil/TOMBOMBADIL7795
7796	group_9130	/Users/sanchezh/Desktop/tombombadil/TOMBOMBADIL7796
7797	group_9127	/Users/sanchezh/Desktop/tombombadil/TOMBOMBADIL7797
7798	group_9126	/Users/sanchezh/Desktop/tombombadil/TOMBOMBADIL7798
7799	group_9105	/Users/sanchezh/Desktop/tombombadil/TOMBOMBADIL7799
7800	group_9071	/Users/sanchezh/Desktop/tombombadil/TOMBOMBADIL7800
7801	group_9052	/Users/sanchezh/Desktop/tombombadil/TOMBOMBADIL7801
7802	group_9024	/Users/sanchezh/Desktop/tombombadil/TOMBOMBADIL7802
7803	group_8996	/Users/sanchezh/Desktop/tombombadil/TOMBOMBADIL7803
7804	group_8979	/Users/sanchezh/Desktop/tombombadil/TOMBOMBADIL7804
7805	group_8961	/Users/sanchezh/Desktop/tombombadil/TOMBOMBADIL7805
7806	group_8958	/Users/sanchezh/Desktop/tombombadil/TOMBOMBADIL7806
7807	group_8953	/Users/sanchezh/Desktop/tombombadil/TOMBOMBADIL7807
7808	group_8952	/Users/sanchezh/Desktop/tombombadil/TOMBOMBADIL7808
7809	group_8948	/Users/sanchezh/Desktop/tombombadil/TOMBOMBADIL7809
7810	group_8929	/Users/sanchezh/Desktop/tombombadil/TOMBOMBADIL7810
7811	group_8910	/Users/sanchezh/Desktop/tombombadil/TOMBOMBADIL7811
7812	group_8906	/Users/sanchezh/Desktop/tombombadil/TOMBOMBADIL7812
7813	group_8893	/Users/sanchezh/Desktop/tombombadil/TOMBOMBADIL7813
7814	group_8890	/Users/sanchezh/Desktop/tombombadil/TOMBOMBADIL7814
7815	group_8864	/Users/sanchezh/Desktop/tombombadil/TOMBOMBADIL7815
7816	group_8839	/Users/sanchezh/Desktop/tombombadil/TOMBOMBADIL7816
7817	group_8831	/Users/sanchezh/Desktop/tombombadil/TOMBOMBADIL7817
7818	group_8830	/Users/sanchezh/Desktop/tombombadil/TOMBOMBADIL7818
7819	group_8818	/Users/sanchezh/Desktop/tombombadil/TOMBOMBADIL7819
7820	group_8746	/Users/sanchezh/Desktop/tombombadil/TOMBOMBADIL7820
7821	group_8724	/Users/sanchezh/Desktop/tombombadil/TOMBOMBADIL7821
7822	group_8715	/Users/sanchezh/Desktop/tombombadil/TOMBOMBADIL7822
7823	group_8691	/Users/sanchezh/Desktop/tombombadil/TOMBOMBADIL7823
7824	group_8671	/Users/sanchezh/Desktop/tombombadil/TOMBOMBADIL7824
7825	group_8646	/Users/sanchezh/Desktop/tombombadil/TOMBOMBADIL7825
7826	group_8597	/Users/sanchezh/Desktop/tombombadil/TOMBOMBADIL7826
7827	group_8596	/Users/sanchezh/Desktop/tombombadil/TOMBOMBADIL7827
7828	group_8545	/Users/sanchezh/Desktop/tombombadil/TOMBOMBADIL7828
7829	group_8543	/Users/sanchezh/Desktop/tombombadil/TOMBOMBADIL7829
7830	group_8467	/Users/sanchezh/Desktop/tombombadil/TOMBOMBADIL7830
7831	group_8463	/Users/sanchezh/Desktop/tombombadil/TOMBOMBADIL7831
7832	group_8457	/Users/sanchezh/Desktop/tombombadil/TOMBOMBADIL7832
7833	group_8456	/Users/sanchezh/Desktop/tombombadil/TOMBOMBADIL7833
7834	group_8451	/Users/sanchezh/Desktop/tombombadil/TOMBOMBADIL7834
7835	group_8408	/Users/sanchezh/Desktop/tombombadil/TOMBOMBADIL7835
7836	group_8389	/Users/sanchezh/Desktop/tombombadil/TOMBOMBADIL7836
7837	group_8377	/Users/sanchezh/Desktop/tombombadil/TOMBOMBADIL7837
7838	group_8365	/Users/sanchezh/Desktop/tombombadil/TOMBOMBADIL7838
7839	group_8352	/Users/sanchezh/Desktop/tombombadil/TOMBOMBADIL7839
7840	group_8326	/Users/sanchezh/Desktop/tombombadil/TOMBOMBADIL7840
7841	group_8270	/Users/sanchezh/Desktop/tombombadil/TOMBOMBADIL7841
7842	group_8268	/Users/sanchezh/Desktop/tombombadil/TOMBOMBADIL7842
7843	group_8247	/Users/sanchezh/Desktop/tombombadil/TOMBOMBADIL7843
7844	group_8230	/Users/sanchezh/Desktop/tombombadil/TOMBOMBADIL7844
7845	group_8217	/Users/sanchezh/Desktop/tombombadil/TOMBOMBADIL7845
7846	group_8210	/Users/sanchezh/Desktop/tombombadil/TOMBOMBADIL7846
7847	group_8192	/Users/sanchezh/Desktop/tombombadil/TOMBOMBADIL7847
7848	group_8166	/Users/sanchezh/Desktop/tombombadil/TOMBOMBADIL7848
7849	group_8122	/Users/sanchezh/Desktop/tombombadil/TOMBOMBADIL7849
7850	group_8094	/Users/sanchezh/Desktop/tombombadil/TOMBOMBADIL7850
7851	group_8065	/Users/sanchezh/Desktop/tombombadil/TOMBOMBADIL7851
7852	group_8025	/Users/sanchezh/Desktop/tombombadil/TOMBOMBADIL7852
7853	group_8014	/Users/sanchezh/Desktop/tombombadil/TOMBOMBADIL7853
7854	group_7897	/Users/sanchezh/Desktop/tombombadil/TOMBOMBADIL7854
7855	group_7889	/Users/sanchezh/Desktop/tombombadil/TOMBOMBADIL7855
7856	group_7884	/Users/sanchezh/Desktop/tombombadil/TOMBOMBADIL7856
7857	group_7850	/Users/sanchezh/Desktop/tombombadil/TOMBOMBADIL7857
7858	group_7842	/Users/sanchezh/Desktop/tombombadil/TOMBOMBADIL7858
7859	group_7827	/Users/sanchezh/Desktop/tombombadil/TOMBOMBADIL7859
7860	group_7765	/Users/sanchezh/Desktop/tombombadil/TOMBOMBADIL7860
7861	group_7757	/Users/sanchezh/Desktop/tombombadil/TOMBOMBADIL7861
7862	group_7754	/Users/sanchezh/Desktop/tombombadil/TOMBOMBADIL7862
7863	group_7749	/Users/sanchezh/Desktop/tombombadil/TOMBOMBADIL7863
7864	group_7733	/Users/sanchezh/Desktop/tombombadil/TOMBOMBADIL7864
7865	group_7727	/Users/sanchezh/Desktop/tombombadil/TOMBOMBADIL7865
7866	group_7694	/Users/sanchezh/Desktop/tombombadil/TOMBOMBADIL7866
7867	group_7693	/Users/sanchezh/Desktop/tombombadil/TOMBOMBADIL7867
7868	group_7687	/Users/sanchezh/Desktop/tombombadil/TOMBOMBADIL7868
7869	group_7685	/Users/sanchezh/Desktop/tombombadil/TOMBOMBADIL7869
7870	group_7681	/Users/sanchezh/Desktop/tombombadil/TOMBOMBADIL7870
7871	group_7680	/Users/sanchezh/Desktop/tombombadil/TOMBOMBADIL7871
7872	group_7678	/Users/sanchezh/Desktop/tombombadil/TOMBOMBADIL7872
7873	group_7677	/Users/sanchezh/Desktop/tombombadil/TOMBOMBADIL7873
7874	group_7676	/Users/sanchezh/Desktop/tombombadil/TOMBOMBADIL7874
7875	group_7674	/Users/sanchezh/Desktop/tombombadil/TOMBOMBADIL7875
7876	group_7636	/Users/sanchezh/Desktop/tombombadil/TOMBOMBADIL7876
7877	group_7630	/Users/sanchezh/Desktop/tombombadil/TOMBOMBADIL7877
7878	group_7610	/Users/sanchezh/Desktop/tombombadil/TOMBOMBADIL7878
7879	group_7583	/Users/sanchezh/Desktop/tombombadil/TOMBOMBADIL7879
7880	group_7577	/Users/sanchezh/Desktop/tombombadil/TOMBOMBADIL7880
7881	group_7573	/Users/sanchezh/Desktop/tombombadil/TOMBOMBADIL7881
7882	group_7505	/Users/sanchezh/Desktop/tombombadil/TOMBOMBADIL7882
7883	group_7453	/Users/sanchezh/Desktop/tombombadil/TOMBOMBADIL7883
7884	group_7434	/Users/sanchezh/Desktop/tombombadil/TOMBOMBADIL7884
7885	group_7431	/Users/sanchezh/Desktop/tombombadil/TOMBOMBADIL7885
7886	group_7429	/Users/sanchezh/Desktop/tombombadil/TOMBOMBADIL7886
7887	group_7407	/Users/sanchezh/Desktop/tombombadil/TOMBOMBADIL7887
7888	group_7396	/Users/sanchezh/Desktop/tombombadil/TOMBOMBADIL7888
7889	group_7382	/Users/sanchezh/Desktop/tombombadil/TOMBOMBADIL7889
7890	group_7351	/Users/sanchezh/Desktop/tombombadil/TOMBOMBADIL7890
7891	group_7350	/Users/sanchezh/Desktop/tombombadil/TOMBOMBADIL7891
7892	group_7345	/Users/sanchezh/Desktop/tombombadil/TOMBOMBADIL7892
7893	group_7334	/Users/sanchezh/Desktop/tombombadil/TOMBOMBADIL7893
7894	group_7287	/Users/sanchezh/Desktop/tombombadil/TOMBOMBADIL7894
7895	group_7276	/Users/sanchezh/Desktop/tombombadil/TOMBOMBADIL7895
7896	group_7271	/Users/sanchezh/Desktop/tombombadil/TOMBOMBADIL7896
7897	group_7266	/Users/sanchezh/Desktop/tombombadil/TOMBOMBADIL7897
7898	group_7261	/Users/sanchezh/Desktop/tombombadil/TOMBOMBADIL7898
7899	group_7260	/Users/sanchezh/Desktop/tombombadil/TOMBOMBADIL7899
7900	group_7253	/Users/sanchezh/Desktop/tombombadil/TOMBOMBADIL7900
7901	group_7227	/Users/sanchezh/Desktop/tombombadil/TOMBOMBADIL7901
7902	group_7207	/Users/sanchezh/Desktop/tombombadil/TOMBOMBADIL7902
7903	group_7205	/Users/sanchezh/Desktop/tombombadil/TOMBOMBADIL7903
7904	group_7196	/Users/sanchezh/Desktop/tombombadil/TOMBOMBADIL7904
7905	group_7166	/Users/sanchezh/Desktop/tombombadil/TOMBOMBADIL7905
7906	group_7163	/Users/sanchezh/Desktop/tombombadil/TOMBOMBADIL7906
7907	group_7142	/Users/sanchezh/Desktop/tombombadil/TOMBOMBADIL7907
7908	group_7141	/Users/sanchezh/Desktop/tombombadil/TOMBOMBADIL7908
7909	group_7138	/Users/sanchezh/Desktop/tombombadil/TOMBOMBADIL7909
7910	group_7097	/Users/sanchezh/Desktop/tombombadil/TOMBOMBADIL7910
7911	group_7095	/Users/sanchezh/Desktop/tombombadil/TOMBOMBADIL7911
7912	group_7066	/Users/sanchezh/Desktop/tombombadil/TOMBOMBADIL7912
7913	group_7045	/Users/sanchezh/Desktop/tombombadil/TOMBOMBADIL7913
7914	group_7033	/Users/sanchezh/Desktop/tombombadil/TOMBOMBADIL7914
7915	group_6998	/Users/sanchezh/Desktop/tombombadil/TOMBOMBADIL7915
7916	group_6962	/Users/sanchezh/Desktop/tombombadil/TOMBOMBADIL7916
7917	group_6958	/Users/sanchezh/Desktop/tombombadil/TOMBOMBADIL7917
7918	group_6957	/Users/sanchezh/Desktop/tombombadil/TOMBOMBADIL7918
7919	group_6932	/Users/sanchezh/Desktop/tombombadil/TOMBOMBADIL7919
7920	group_6916	/Users/sanchezh/Desktop/tombombadil/TOMBOMBADIL7920
7921	group_6867	/Users/sanchezh/Desktop/tombombadil/TOMBOMBADIL7921
7922	group_6849	/Users/sanchezh/Desktop/tombombadil/TOMBOMBADIL7922
7923	group_6837	/Users/sanchezh/Desktop/tombombadil/TOMBOMBADIL7923
7924	group_6813	/Users/sanchezh/Desktop/tombombadil/TOMBOMBADIL7924
7925	group_6811	/Users/sanchezh/Desktop/tombombadil/TOMBOMBADIL7925
7926	group_6809	/Users/sanchezh/Desktop/tombombadil/TOMBOMBADIL7926
7927	group_6786	/Users/sanchezh/Desktop/tombombadil/TOMBOMBADIL7927
7928	group_6785	/Users/sanchezh/Desktop/tombombadil/TOMBOMBADIL7928
7929	group_6762	/Users/sanchezh/Desktop/tombombadil/TOMBOMBADIL7929
7930	group_6753	/Users/sanchezh/Desktop/tombombadil/TOMBOMBADIL7930
7931	group_6744	/Users/sanchezh/Desktop/tombombadil/TOMBOMBADIL7931
7932	group_6742	/Users/sanchezh/Desktop/tombombadil/TOMBOMBADIL7932
7933	group_6737	/Users/sanchezh/Desktop/tombombadil/TOMBOMBADIL7933
7934	group_6722	/Users/sanchezh/Desktop/tombombadil/TOMBOMBADIL7934
7935	group_6715	/Users/sanchezh/Desktop/tombombadil/TOMBOMBADIL7935
7936	group_6682	/Users/sanchezh/Desktop/tombombadil/TOMBOMBADIL7936
7937	group_6681	/Users/sanchezh/Desktop/tombombadil/TOMBOMBADIL7937
7938	group_6665	/Users/sanchezh/Desktop/tombombadil/TOMBOMBADIL7938
7939	group_6645	/Users/sanchezh/Desktop/tombombadil/TOMBOMBADIL7939
7940	group_6609	/Users/sanchezh/Desktop/tombombadil/TOMBOMBADIL7940
7941	group_6608	/Users/sanchezh/Desktop/tombombadil/TOMBOMBADIL7941
7942	group_6599	/Users/sanchezh/Desktop/tombombadil/TOMBOMBADIL7942
7943	group_6588	/Users/sanchezh/Desktop/tombombadil/TOMBOMBADIL7943
7944	group_6585	/Users/sanchezh/Desktop/tombombadil/TOMBOMBADIL7944
7945	group_6560	/Users/sanchezh/Desktop/tombombadil/TOMBOMBADIL7945
7946	group_6557	/Users/sanchezh/Desktop/tombombadil/TOMBOMBADIL7946
7947	group_6517	/Users/sanchezh/Desktop/tombombadil/TOMBOMBADIL7947
7948	group_6502	/Users/sanchezh/Desktop/tombombadil/TOMBOMBADIL7948
7949	group_6497	/Users/sanchezh/Desktop/tombombadil/TOMBOMBADIL7949
7950	traQ	/Users/sanchezh/Desktop/tombombadil/TOMBOMBADIL7950
7951	group_6468	/Users/sanchezh/Desktop/tombombadil/TOMBOMBADIL7951
7952	group_6428	/Users/sanchezh/Desktop/tombombadil/TOMBOMBADIL7952
7953	group_6396	/Users/sanchezh/Desktop/tombombadil/TOMBOMBADIL7953
7954	group_6390	/Users/sanchezh/Desktop/tombombadil/TOMBOMBADIL7954
7955	group_6383	/Users/sanchezh/Desktop/tombombadil/TOMBOMBADIL7955
7956	group_6345	/Users/sanchezh/Desktop/tombombadil/TOMBOMBADIL7956
7957	group_6340	/Users/sanchezh/Desktop/tombombadil/TOMBOMBADIL7957
7958	group_6318	/Users/sanchezh/Desktop/tombombadil/TOMBOMBADIL7958
7959	group_6302	/Users/sanchezh/Desktop/tombombadil/TOMBOMBADIL7959
7960	group_6301	/Users/sanchezh/Desktop/tombombadil/TOMBOMBADIL7960
7961	group_6277	/Users/sanchezh/Desktop/tombombadil/TOMBOMBADIL7961
7962	group_6256	/Users/sanchezh/Desktop/tombombadil/TOMBOMBADIL7962
7963	group_6248	/Users/sanchezh/Desktop/tombombadil/TOMBOMBADIL7963
7964	group_6228	/Users/sanchezh/Desktop/tombombadil/TOMBOMBADIL7964
7965	group_6222	/Users/sanchezh/Desktop/tombombadil/TOMBOMBADIL7965
7966	group_6208	/Users/sanchezh/Desktop/tombombadil/TOMBOMBADIL7966
7967	group_6191	/Users/sanchezh/Desktop/tombombadil/TOMBOMBADIL7967
7968	jetD	/Users/sanchezh/Desktop/tombombadil/TOMBOMBADIL7968
7969	group_6184	/Users/sanchezh/Desktop/tombombadil/TOMBOMBADIL7969
7970	group_6134	/Users/sanchezh/Desktop/tombombadil/TOMBOMBADIL7970
7971	group_6108	/Users/sanchezh/Desktop/tombombadil/TOMBOMBADIL7971
7972	group_6050	/Users/sanchezh/Desktop/tombombadil/TOMBOMBADIL7972
7973	group_6046	/Users/sanchezh/Desktop/tombombadil/TOMBOMBADIL7973
7974	group_6030	/Users/sanchezh/Desktop/tombombadil/TOMBOMBADIL7974
7975	group_6017	/Users/sanchezh/Desktop/tombombadil/TOMBOMBADIL7975
7976	group_6016	/Users/sanchezh/Desktop/tombombadil/TOMBOMBADIL7976
7977	group_6014	/Users/sanchezh/Desktop/tombombadil/TOMBOMBADIL7977
7978	group_6012	/Users/sanchezh/Desktop/tombombadil/TOMBOMBADIL7978
7979	group_6011	/Users/sanchezh/Desktop/tombombadil/TOMBOMBADIL7979
7980	group_5999	/Users/sanchezh/Desktop/tombombadil/TOMBOMBADIL7980
7981	group_5963	/Users/sanchezh/Desktop/tombombadil/TOMBOMBADIL7981
7982	group_5958	/Users/sanchezh/Desktop/tombombadil/TOMBOMBADIL7982
7983	group_5956	/Users/sanchezh/Desktop/tombombadil/TOMBOMBADIL7983
7984	group_5949	/Users/sanchezh/Desktop/tombombadil/TOMBOMBADIL7984
7985	group_5909	/Users/sanchezh/Desktop/tombombadil/TOMBOMBADIL7985
7986	group_5873	/Users/sanchezh/Desktop/tombombadil/TOMBOMBADIL7986
7987	group_5840	/Users/sanchezh/Desktop/tombombadil/TOMBOMBADIL7987
7988	group_5787	/Users/sanchezh/Desktop/tombombadil/TOMBOMBADIL7988
7989	group_5772	/Users/sanchezh/Desktop/tombombadil/TOMBOMBADIL7989
7990	group_5765	/Users/sanchezh/Desktop/tombombadil/TOMBOMBADIL7990
7991	group_5758	/Users/sanchezh/Desktop/tombombadil/TOMBOMBADIL7991
7992	group_5740	/Users/sanchezh/Desktop/tombombadil/TOMBOMBADIL7992
7993	group_5727	/Users/sanchezh/Desktop/tombombadil/TOMBOMBADIL7993
7994	group_5696	/Users/sanchezh/Desktop/tombombadil/TOMBOMBADIL7994
7995	group_5686	/Users/sanchezh/Desktop/tombombadil/TOMBOMBADIL7995
7996	group_5668	/Users/sanchezh/Desktop/tombombadil/TOMBOMBADIL7996
7997	group_5642	/Users/sanchezh/Desktop/tombombadil/TOMBOMBADIL7997
7998	group_5627	/Users/sanchezh/Desktop/tombombadil/TOMBOMBADIL7998
7999	group_5616	/Users/sanchezh/Desktop/tombombadil/TOMBOMBADIL7999
8000	group_5606	/Users/sanchezh/Desktop/tombombadil/TOMBOMBADIL8000
8001	group_5600	/Users/sanchezh/Desktop/tombombadil/TOMBOMBADIL8001
8002	group_5593	/Users/sanchezh/Desktop/tombombadil/TOMBOMBADIL8002
8003	group_5576	/Users/sanchezh/Desktop/tombombadil/TOMBOMBADIL8003
8004	group_5567	/Users/sanchezh/Desktop/tombombadil/TOMBOMBADIL8004
8005	group_5525	/Users/sanchezh/Desktop/tombombadil/TOMBOMBADIL8005
8006	group_5524	/Users/sanchezh/Desktop/tombombadil/TOMBOMBADIL8006
8007	group_5517	/Users/sanchezh/Desktop/tombombadil/TOMBOMBADIL8007
8008	group_5503	/Users/sanchezh/Desktop/tombombadil/TOMBOMBADIL8008
8009	group_5489	/Users/sanchezh/Desktop/tombombadil/TOMBOMBADIL8009
8010	group_5485	/Users/sanchezh/Desktop/tombombadil/TOMBOMBADIL8010
8011	group_5482	/Users/sanchezh/Desktop/tombombadil/TOMBOMBADIL8011
8012	group_5472	/Users/sanchezh/Desktop/tombombadil/TOMBOMBADIL8012
8013	group_5463	/Users/sanchezh/Desktop/tombombadil/TOMBOMBADIL8013
8014	group_5462	/Users/sanchezh/Desktop/tombombadil/TOMBOMBADIL8014
8015	group_5454	/Users/sanchezh/Desktop/tombombadil/TOMBOMBADIL8015
8016	group_5429	/Users/sanchezh/Desktop/tombombadil/TOMBOMBADIL8016
8017	group_5422	/Users/sanchezh/Desktop/tombombadil/TOMBOMBADIL8017
8018	degT	/Users/sanchezh/Desktop/tombombadil/TOMBOMBADIL8018
8019	group_5359	/Users/sanchezh/Desktop/tombombadil/TOMBOMBADIL8019
8020	group_5358	/Users/sanchezh/Desktop/tombombadil/TOMBOMBADIL8020
8021	group_5334	/Users/sanchezh/Desktop/tombombadil/TOMBOMBADIL8021
8022	group_5328	/Users/sanchezh/Desktop/tombombadil/TOMBOMBADIL8022
8023	group_5318	/Users/sanchezh/Desktop/tombombadil/TOMBOMBADIL8023
8024	group_5298	/Users/sanchezh/Desktop/tombombadil/TOMBOMBADIL8024
8025	group_5297	/Users/sanchezh/Desktop/tombombadil/TOMBOMBADIL8025
8026	group_5279	/Users/sanchezh/Desktop/tombombadil/TOMBOMBADIL8026
8027	group_5247	/Users/sanchezh/Desktop/tombombadil/TOMBOMBADIL8027
8028	group_5235	/Users/sanchezh/Desktop/tombombadil/TOMBOMBADIL8028
8029	group_5225	/Users/sanchezh/Desktop/tombombadil/TOMBOMBADIL8029
8030	group_5220	/Users/sanchezh/Desktop/tombombadil/TOMBOMBADIL8030
8031	group_5205	/Users/sanchezh/Desktop/tombombadil/TOMBOMBADIL8031
8032	group_5198	/Users/sanchezh/Desktop/tombombadil/TOMBOMBADIL8032
8033	group_5186	/Users/sanchezh/Desktop/tombombadil/TOMBOMBADIL8033
8034	group_5162	/Users/sanchezh/Desktop/tombombadil/TOMBOMBADIL8034
8035	group_5160	/Users/sanchezh/Desktop/tombombadil/TOMBOMBADIL8035
8036	group_5159	/Users/sanchezh/Desktop/tombombadil/TOMBOMBADIL8036
8037	group_5149	/Users/sanchezh/Desktop/tombombadil/TOMBOMBADIL8037
8038	group_5128	/Users/sanchezh/Desktop/tombombadil/TOMBOMBADIL8038
8039	group_5126	/Users/sanchezh/Desktop/tombombadil/TOMBOMBADIL8039
8040	group_5121	/Users/sanchezh/Desktop/tombombadil/TOMBOMBADIL8040
8041	group_5120	/Users/sanchezh/Desktop/tombombadil/TOMBOMBADIL8041
8042	group_5119	/Users/sanchezh/Desktop/tombombadil/TOMBOMBADIL8042
8043	group_5109	/Users/sanchezh/Desktop/tombombadil/TOMBOMBADIL8043
8044	group_5107	/Users/sanchezh/Desktop/tombombadil/TOMBOMBADIL8044
8045	group_5101	/Users/sanchezh/Desktop/tombombadil/TOMBOMBADIL8045
8046	group_5081	/Users/sanchezh/Desktop/tombombadil/TOMBOMBADIL8046
8047	group_5046	/Users/sanchezh/Desktop/tombombadil/TOMBOMBADIL8047
8048	group_5041	/Users/sanchezh/Desktop/tombombadil/TOMBOMBADIL8048
8049	group_5014	/Users/sanchezh/Desktop/tombombadil/TOMBOMBADIL8049
8050	group_5007	/Users/sanchezh/Desktop/tombombadil/TOMBOMBADIL8050
8051	group_5003	/Users/sanchezh/Desktop/tombombadil/TOMBOMBADIL8051
8052	group_4994	/Users/sanchezh/Desktop/tombombadil/TOMBOMBADIL8052
8053	group_4990	/Users/sanchezh/Desktop/tombombadil/TOMBOMBADIL8053
8054	group_4989	/Users/sanchezh/Desktop/tombombadil/TOMBOMBADIL8054
8055	group_4981	/Users/sanchezh/Desktop/tombombadil/TOMBOMBADIL8055
8056	group_4954	/Users/sanchezh/Desktop/tombombadil/TOMBOMBADIL8056
8057	group_4952	/Users/sanchezh/Desktop/tombombadil/TOMBOMBADIL8057
8058	group_4932	/Users/sanchezh/Desktop/tombombadil/TOMBOMBADIL8058
8059	group_4919	/Users/sanchezh/Desktop/tombombadil/TOMBOMBADIL8059
8060	group_4909	/Users/sanchezh/Desktop/tombombadil/TOMBOMBADIL8060
8061	group_4907	/Users/sanchezh/Desktop/tombombadil/TOMBOMBADIL8061
8062	group_4891	/Users/sanchezh/Desktop/tombombadil/TOMBOMBADIL8062
8063	group_4868	/Users/sanchezh/Desktop/tombombadil/TOMBOMBADIL8063
8064	group_4867	/Users/sanchezh/Desktop/tombombadil/TOMBOMBADIL8064
8065	group_4855	/Users/sanchezh/Desktop/tombombadil/TOMBOMBADIL8065
8066	group_4851	/Users/sanchezh/Desktop/tombombadil/TOMBOMBADIL8066
8067	group_4850	/Users/sanchezh/Desktop/tombombadil/TOMBOMBADIL8067
8068	group_4844	/Users/sanchezh/Desktop/tombombadil/TOMBOMBADIL8068
8069	group_4805	/Users/sanchezh/Desktop/tombombadil/TOMBOMBADIL8069
8070	group_4797	/Users/sanchezh/Desktop/tombombadil/TOMBOMBADIL8070
8071	group_4792	/Users/sanchezh/Desktop/tombombadil/TOMBOMBADIL8071
8072	group_4772	/Users/sanchezh/Desktop/tombombadil/TOMBOMBADIL8072
8073	group_4766	/Users/sanchezh/Desktop/tombombadil/TOMBOMBADIL8073
8074	group_4733	/Users/sanchezh/Desktop/tombombadil/TOMBOMBADIL8074
8075	group_4732	/Users/sanchezh/Desktop/tombombadil/TOMBOMBADIL8075
8076	group_4729	/Users/sanchezh/Desktop/tombombadil/TOMBOMBADIL8076
8077	group_4721	/Users/sanchezh/Desktop/tombombadil/TOMBOMBADIL8077
8078	group_4703	/Users/sanchezh/Desktop/tombombadil/TOMBOMBADIL8078
8079	group_4646	/Users/sanchezh/Desktop/tombombadil/TOMBOMBADIL8079
8080	group_4644	/Users/sanchezh/Desktop/tombombadil/TOMBOMBADIL8080
8081	group_4617	/Users/sanchezh/Desktop/tombombadil/TOMBOMBADIL8081
8082	group_4606	/Users/sanchezh/Desktop/tombombadil/TOMBOMBADIL8082
8083	group_4604	/Users/sanchezh/Desktop/tombombadil/TOMBOMBADIL8083
8084	group_4602	/Users/sanchezh/Desktop/tombombadil/TOMBOMBADIL8084
8085	group_4591	/Users/sanchezh/Desktop/tombombadil/TOMBOMBADIL8085
8086	group_4574	/Users/sanchezh/Desktop/tombombadil/TOMBOMBADIL8086
8087	group_4573	/Users/sanchezh/Desktop/tombombadil/TOMBOMBADIL8087
8088	group_4550	/Users/sanchezh/Desktop/tombombadil/TOMBOMBADIL8088
8089	group_4547	/Users/sanchezh/Desktop/tombombadil/TOMBOMBADIL8089
8090	group_4532	/Users/sanchezh/Desktop/tombombadil/TOMBOMBADIL8090
8091	group_4515	/Users/sanchezh/Desktop/tombombadil/TOMBOMBADIL8091
8092	group_4500	/Users/sanchezh/Desktop/tombombadil/TOMBOMBADIL8092
8093	group_4481	/Users/sanchezh/Desktop/tombombadil/TOMBOMBADIL8093
8094	group_4475	/Users/sanchezh/Desktop/tombombadil/TOMBOMBADIL8094
8095	group_4470	/Users/sanchezh/Desktop/tombombadil/TOMBOMBADIL8095
8096	group_4461	/Users/sanchezh/Desktop/tombombadil/TOMBOMBADIL8096
8097	group_4458	/Users/sanchezh/Desktop/tombombadil/TOMBOMBADIL8097
8098	group_4457	/Users/sanchezh/Desktop/tombombadil/TOMBOMBADIL8098
8099	group_4424	/Users/sanchezh/Desktop/tombombadil/TOMBOMBADIL8099
8100	group_4404	/Users/sanchezh/Desktop/tombombadil/TOMBOMBADIL8100
8101	group_4384	/Users/sanchezh/Desktop/tombombadil/TOMBOMBADIL8101
8102	group_4375	/Users/sanchezh/Desktop/tombombadil/TOMBOMBADIL8102
8103	group_4357	/Users/sanchezh/Desktop/tombombadil/TOMBOMBADIL8103
8104	group_4344	/Users/sanchezh/Desktop/tombombadil/TOMBOMBADIL8104
8105	group_4338	/Users/sanchezh/Desktop/tombombadil/TOMBOMBADIL8105
8106	group_4289	/Users/sanchezh/Desktop/tombombadil/TOMBOMBADIL8106
8107	group_4281	/Users/sanchezh/Desktop/tombombadil/TOMBOMBADIL8107
8108	group_4269	/Users/sanchezh/Desktop/tombombadil/TOMBOMBADIL8108
8109	group_4265	/Users/sanchezh/Desktop/tombombadil/TOMBOMBADIL8109
8110	group_4247	/Users/sanchezh/Desktop/tombombadil/TOMBOMBADIL8110
8111	group_4246	/Users/sanchezh/Desktop/tombombadil/TOMBOMBADIL8111
8112	group_4236	/Users/sanchezh/Desktop/tombombadil/TOMBOMBADIL8112
8113	group_4225	/Users/sanchezh/Desktop/tombombadil/TOMBOMBADIL8113
8114	group_4218	/Users/sanchezh/Desktop/tombombadil/TOMBOMBADIL8114
8115	group_4190	/Users/sanchezh/Desktop/tombombadil/TOMBOMBADIL8115
8116	group_4182	/Users/sanchezh/Desktop/tombombadil/TOMBOMBADIL8116
8117	group_4181	/Users/sanchezh/Desktop/tombombadil/TOMBOMBADIL8117
8118	group_4164	/Users/sanchezh/Desktop/tombombadil/TOMBOMBADIL8118
8119	group_4163	/Users/sanchezh/Desktop/tombombadil/TOMBOMBADIL8119
8120	group_4151	/Users/sanchezh/Desktop/tombombadil/TOMBOMBADIL8120
8121	group_4142	/Users/sanchezh/Desktop/tombombadil/TOMBOMBADIL8121
8122	group_4141	/Users/sanchezh/Desktop/tombombadil/TOMBOMBADIL8122
8123	group_4140	/Users/sanchezh/Desktop/tombombadil/TOMBOMBADIL8123
8124	group_4139	/Users/sanchezh/Desktop/tombombadil/TOMBOMBADIL8124
8125	group_4138	/Users/sanchezh/Desktop/tombombadil/TOMBOMBADIL8125
8126	group_4133	/Users/sanchezh/Desktop/tombombadil/TOMBOMBADIL8126
8127	group_4131	/Users/sanchezh/Desktop/tombombadil/TOMBOMBADIL8127
8128	group_4130	/Users/sanchezh/Desktop/tombombadil/TOMBOMBADIL8128
8129	group_4113	/Users/sanchezh/Desktop/tombombadil/TOMBOMBADIL8129
8130	group_4109	/Users/sanchezh/Desktop/tombombadil/TOMBOMBADIL8130
8131	group_4107	/Users/sanchezh/Desktop/tombombadil/TOMBOMBADIL8131
8132	group_4065	/Users/sanchezh/Desktop/tombombadil/TOMBOMBADIL8132
8133	group_4059	/Users/sanchezh/Desktop/tombombadil/TOMBOMBADIL8133
8134	group_4057	/Users/sanchezh/Desktop/tombombadil/TOMBOMBADIL8134
8135	group_4051	/Users/sanchezh/Desktop/tombombadil/TOMBOMBADIL8135
8136	group_4046	/Users/sanchezh/Desktop/tombombadil/TOMBOMBADIL8136
8137	group_4044	/Users/sanchezh/Desktop/tombombadil/TOMBOMBADIL8137
8138	group_4030	/Users/sanchezh/Desktop/tombombadil/TOMBOMBADIL8138
8139	group_4027	/Users/sanchezh/Desktop/tombombadil/TOMBOMBADIL8139
8140	group_4004	/Users/sanchezh/Desktop/tombombadil/TOMBOMBADIL8140
8141	group_3997	/Users/sanchezh/Desktop/tombombadil/TOMBOMBADIL8141
8142	group_3988	/Users/sanchezh/Desktop/tombombadil/TOMBOMBADIL8142
8143	irrE	/Users/sanchezh/Desktop/tombombadil/TOMBOMBADIL8143
8144	group_3974	/Users/sanchezh/Desktop/tombombadil/TOMBOMBADIL8144
8145	group_3968	/Users/sanchezh/Desktop/tombombadil/TOMBOMBADIL8145
8146	group_3964	/Users/sanchezh/Desktop/tombombadil/TOMBOMBADIL8146
8147	group_3943	/Users/sanchezh/Desktop/tombombadil/TOMBOMBADIL8147
8148	group_3937	/Users/sanchezh/Desktop/tombombadil/TOMBOMBADIL8148
8149	group_3934	/Users/sanchezh/Desktop/tombombadil/TOMBOMBADIL8149
8150	group_3926	/Users/sanchezh/Desktop/tombombadil/TOMBOMBADIL8150
8151	group_3893	/Users/sanchezh/Desktop/tombombadil/TOMBOMBADIL8151
8152	group_3874	/Users/sanchezh/Desktop/tombombadil/TOMBOMBADIL8152
8153	group_3868	/Users/sanchezh/Desktop/tombombadil/TOMBOMBADIL8153
8154	group_3861	/Users/sanchezh/Desktop/tombombadil/TOMBOMBADIL8154
8155	group_3860	/Users/sanchezh/Desktop/tombombadil/TOMBOMBADIL8155
8156	group_3856	/Users/sanchezh/Desktop/tombombadil/TOMBOMBADIL8156
8157	group_3846	/Users/sanchezh/Desktop/tombombadil/TOMBOMBADIL8157
8158	group_3845	/Users/sanchezh/Desktop/tombombadil/TOMBOMBADIL8158
8159	group_3820	/Users/sanchezh/Desktop/tombombadil/TOMBOMBADIL8159
8160	group_3803	/Users/sanchezh/Desktop/tombombadil/TOMBOMBADIL8160
8161	group_3769	/Users/sanchezh/Desktop/tombombadil/TOMBOMBADIL8161
8162	group_3765	/Users/sanchezh/Desktop/tombombadil/TOMBOMBADIL8162
8163	group_3717	/Users/sanchezh/Desktop/tombombadil/TOMBOMBADIL8163
8164	group_3712	/Users/sanchezh/Desktop/tombombadil/TOMBOMBADIL8164
8165	group_3693	/Users/sanchezh/Desktop/tombombadil/TOMBOMBADIL8165
8166	group_3682	/Users/sanchezh/Desktop/tombombadil/TOMBOMBADIL8166
8167	group_3664	/Users/sanchezh/Desktop/tombombadil/TOMBOMBADIL8167
8168	group_3660	/Users/sanchezh/Desktop/tombombadil/TOMBOMBADIL8168
8169	group_3656	/Users/sanchezh/Desktop/tombombadil/TOMBOMBADIL8169
8170	group_3614	/Users/sanchezh/Desktop/tombombadil/TOMBOMBADIL8170
8171	group_3600	/Users/sanchezh/Desktop/tombombadil/TOMBOMBADIL8171
8172	group_3577	/Users/sanchezh/Desktop/tombombadil/TOMBOMBADIL8172
8173	group_3576	/Users/sanchezh/Desktop/tombombadil/TOMBOMBADIL8173
8174	group_3564	/Users/sanchezh/Desktop/tombombadil/TOMBOMBADIL8174
8175	group_3555	/Users/sanchezh/Desktop/tombombadil/TOMBOMBADIL8175
8176	group_3536	/Users/sanchezh/Desktop/tombombadil/TOMBOMBADIL8176
8177	group_3514	/Users/sanchezh/Desktop/tombombadil/TOMBOMBADIL8177
8178	group_3503	/Users/sanchezh/Desktop/tombombadil/TOMBOMBADIL8178
8179	tuaD	/Users/sanchezh/Desktop/tombombadil/TOMBOMBADIL8179
8180	wbuB	/Users/sanchezh/Desktop/tombombadil/TOMBOMBADIL8180
8181	group_3466	/Users/sanchezh/Desktop/tombombadil/TOMBOMBADIL8181
8182	group_3458	/Users/sanchezh/Desktop/tombombadil/TOMBOMBADIL8182
8183	group_3455	/Users/sanchezh/Desktop/tombombadil/TOMBOMBADIL8183
8184	group_3416	/Users/sanchezh/Desktop/tombombadil/TOMBOMBADIL8184
8185	group_3406	/Users/sanchezh/Desktop/tombombadil/TOMBOMBADIL8185
8186	group_3353	/Users/sanchezh/Desktop/tombombadil/TOMBOMBADIL8186
8187	group_3329	/Users/sanchezh/Desktop/tombombadil/TOMBOMBADIL8187
8188	group_3327	/Users/sanchezh/Desktop/tombombadil/TOMBOMBADIL8188
8189	group_3315	/Users/sanchezh/Desktop/tombombadil/TOMBOMBADIL8189
8190	group_3311	/Users/sanchezh/Desktop/tombombadil/TOMBOMBADIL8190
8191	group_3309	/Users/sanchezh/Desktop/tombombadil/TOMBOMBADIL8191
8192	group_3305	/Users/sanchezh/Desktop/tombombadil/TOMBOMBADIL8192
8193	group_3290	/Users/sanchezh/Desktop/tombombadil/TOMBOMBADIL8193
8194	group_3286	/Users/sanchezh/Desktop/tombombadil/TOMBOMBADIL8194
8195	group_3285	/Users/sanchezh/Desktop/tombombadil/TOMBOMBADIL8195
8196	group_3259	/Users/sanchezh/Desktop/tombombadil/TOMBOMBADIL8196
8197	group_3238	/Users/sanchezh/Desktop/tombombadil/TOMBOMBADIL8197
8198	group_3235	/Users/sanchezh/Desktop/tombombadil/TOMBOMBADIL8198
8199	group_3176	/Users/sanchezh/Desktop/tombombadil/TOMBOMBADIL8199
8200	group_3171	/Users/sanchezh/Desktop/tombombadil/TOMBOMBADIL8200
8201	group_3153	/Users/sanchezh/Desktop/tombombadil/TOMBOMBADIL8201
8202	group_3146	/Users/sanchezh/Desktop/tombombadil/TOMBOMBADIL8202
8203	group_3132	/Users/sanchezh/Desktop/tombombadil/TOMBOMBADIL8203
8204	group_3120	/Users/sanchezh/Desktop/tombombadil/TOMBOMBADIL8204
8205	group_3119	/Users/sanchezh/Desktop/tombombadil/TOMBOMBADIL8205
8206	group_3118	/Users/sanchezh/Desktop/tombombadil/TOMBOMBADIL8206
8207	group_3117	/Users/sanchezh/Desktop/tombombadil/TOMBOMBADIL8207
8208	group_3011	/Users/sanchezh/Desktop/tombombadil/TOMBOMBADIL8208
8209	group_3001	/Users/sanchezh/Desktop/tombombadil/TOMBOMBADIL8209
8210	group_2998	/Users/sanchezh/Desktop/tombombadil/TOMBOMBADIL8210
8211	group_2992	/Users/sanchezh/Desktop/tombombadil/TOMBOMBADIL8211
8212	group_2974	/Users/sanchezh/Desktop/tombombadil/TOMBOMBADIL8212
8213	group_2969	/Users/sanchezh/Desktop/tombombadil/TOMBOMBADIL8213
8214	group_2967	/Users/sanchezh/Desktop/tombombadil/TOMBOMBADIL8214
8215	group_2963	/Users/sanchezh/Desktop/tombombadil/TOMBOMBADIL8215
8216	group_2961	/Users/sanchezh/Desktop/tombombadil/TOMBOMBADIL8216
8217	group_2957	/Users/sanchezh/Desktop/tombombadil/TOMBOMBADIL8217
8218	group_2953	/Users/sanchezh/Desktop/tombombadil/TOMBOMBADIL8218
8219	group_2944	/Users/sanchezh/Desktop/tombombadil/TOMBOMBADIL8219
8220	group_2933	/Users/sanchezh/Desktop/tombombadil/TOMBOMBADIL8220
8221	group_2911	/Users/sanchezh/Desktop/tombombadil/TOMBOMBADIL8221
8222	cfxA	/Users/sanchezh/Desktop/tombombadil/TOMBOMBADIL8222
8223	group_2908	/Users/sanchezh/Desktop/tombombadil/TOMBOMBADIL8223
8224	group_2907	/Users/sanchezh/Desktop/tombombadil/TOMBOMBADIL8224
8225	group_2877	/Users/sanchezh/Desktop/tombombadil/TOMBOMBADIL8225
8226	group_2874	/Users/sanchezh/Desktop/tombombadil/TOMBOMBADIL8226
8227	group_2873	/Users/sanchezh/Desktop/tombombadil/TOMBOMBADIL8227
8228	group_2868	/Users/sanchezh/Desktop/tombombadil/TOMBOMBADIL8228
8229	group_2861	/Users/sanchezh/Desktop/tombombadil/TOMBOMBADIL8229
8230	group_2858	/Users/sanchezh/Desktop/tombombadil/TOMBOMBADIL8230
8231	group_2832	/Users/sanchezh/Desktop/tombombadil/TOMBOMBADIL8231
8232	group_2831	/Users/sanchezh/Desktop/tombombadil/TOMBOMBADIL8232
8233	group_2828	/Users/sanchezh/Desktop/tombombadil/TOMBOMBADIL8233
8234	group_2827	/Users/sanchezh/Desktop/tombombadil/TOMBOMBADIL8234
8235	group_2826	/Users/sanchezh/Desktop/tombombadil/TOMBOMBADIL8235
8236	group_2825	/Users/sanchezh/Desktop/tombombadil/TOMBOMBADIL8236
8237	group_2762	/Users/sanchezh/Desktop/tombombadil/TOMBOMBADIL8237
8238	group_2760	/Users/sanchezh/Desktop/tombombadil/TOMBOMBADIL8238
8239	group_2740	/Users/sanchezh/Desktop/tombombadil/TOMBOMBADIL8239
8240	group_2733	/Users/sanchezh/Desktop/tombombadil/TOMBOMBADIL8240
8241	group_2730	/Users/sanchezh/Desktop/tombombadil/TOMBOMBADIL8241
8242	group_2728	/Users/sanchezh/Desktop/tombombadil/TOMBOMBADIL8242
8243	group_2722	/Users/sanchezh/Desktop/tombombadil/TOMBOMBADIL8243
8244	group_2721	/Users/sanchezh/Desktop/tombombadil/TOMBOMBADIL8244
8245	group_2700	/Users/sanchezh/Desktop/tombombadil/TOMBOMBADIL8245
8246	group_2688	/Users/sanchezh/Desktop/tombombadil/TOMBOMBADIL8246
8247	group_2650	/Users/sanchezh/Desktop/tombombadil/TOMBOMBADIL8247
8248	group_2519	/Users/sanchezh/Desktop/tombombadil/TOMBOMBADIL8248
8249	group_2487	/Users/sanchezh/Desktop/tombombadil/TOMBOMBADIL8249
8250	group_2433	/Users/sanchezh/Desktop/tombombadil/TOMBOMBADIL8250
8251	group_2430	/Users/sanchezh/Desktop/tombombadil/TOMBOMBADIL8251
8252	group_2428	/Users/sanchezh/Desktop/tombombadil/TOMBOMBADIL8252
8253	rhuM	/Users/sanchezh/Desktop/tombombadil/TOMBOMBADIL8253
8254	group_2426	/Users/sanchezh/Desktop/tombombadil/TOMBOMBADIL8254
8255	group_2422	/Users/sanchezh/Desktop/tombombadil/TOMBOMBADIL8255
8256	group_2420	/Users/sanchezh/Desktop/tombombadil/TOMBOMBADIL8256
8257	group_2407	/Users/sanchezh/Desktop/tombombadil/TOMBOMBADIL8257
8258	group_2397	/Users/sanchezh/Desktop/tombombadil/TOMBOMBADIL8258
8259	group_2384	/Users/sanchezh/Desktop/tombombadil/TOMBOMBADIL8259
8260	group_2307	/Users/sanchezh/Desktop/tombombadil/TOMBOMBADIL8260
8261	group_2287	/Users/sanchezh/Desktop/tombombadil/TOMBOMBADIL8261
8262	group_2250	/Users/sanchezh/Desktop/tombombadil/TOMBOMBADIL8262
8263	group_2247	/Users/sanchezh/Desktop/tombombadil/TOMBOMBADIL8263
8264	group_2244	/Users/sanchezh/Desktop/tombombadil/TOMBOMBADIL8264
8265	group_2232	/Users/sanchezh/Desktop/tombombadil/TOMBOMBADIL8265
8266	group_2228	/Users/sanchezh/Desktop/tombombadil/TOMBOMBADIL8266
8267	group_2192	/Users/sanchezh/Desktop/tombombadil/TOMBOMBADIL8267
8268	group_2180	/Users/sanchezh/Desktop/tombombadil/TOMBOMBADIL8268
8269	group_2176	/Users/sanchezh/Desktop/tombombadil/TOMBOMBADIL8269
8270	group_2143	/Users/sanchezh/Desktop/tombombadil/TOMBOMBADIL8270
8271	group_2141	/Users/sanchezh/Desktop/tombombadil/TOMBOMBADIL8271
8272	group_2129	/Users/sanchezh/Desktop/tombombadil/TOMBOMBADIL8272
8273	group_2128	/Users/sanchezh/Desktop/tombombadil/TOMBOMBADIL8273
8274	group_2127	/Users/sanchezh/Desktop/tombombadil/TOMBOMBADIL8274
8275	group_2098	/Users/sanchezh/Desktop/tombombadil/TOMBOMBADIL8275
8276	group_2094	/Users/sanchezh/Desktop/tombombadil/TOMBOMBADIL8276
8277	group_2091	/Users/sanchezh/Desktop/tombombadil/TOMBOMBADIL8277
8278	group_2056	/Users/sanchezh/Desktop/tombombadil/TOMBOMBADIL8278
8279	group_2049	/Users/sanchezh/Desktop/tombombadil/TOMBOMBADIL8279
8280	group_2043	/Users/sanchezh/Desktop/tombombadil/TOMBOMBADIL8280
8281	group_2042	/Users/sanchezh/Desktop/tombombadil/TOMBOMBADIL8281
8282	group_1997	/Users/sanchezh/Desktop/tombombadil/TOMBOMBADIL8282
8283	group_1987	/Users/sanchezh/Desktop/tombombadil/TOMBOMBADIL8283
8284	queC	/Users/sanchezh/Desktop/tombombadil/TOMBOMBADIL8284
8285	group_1971	/Users/sanchezh/Desktop/tombombadil/TOMBOMBADIL8285
8286	group_1962	/Users/sanchezh/Desktop/tombombadil/TOMBOMBADIL8286
8287	group_1959	/Users/sanchezh/Desktop/tombombadil/TOMBOMBADIL8287
8288	group_1952	/Users/sanchezh/Desktop/tombombadil/TOMBOMBADIL8288
8289	group_1934	/Users/sanchezh/Desktop/tombombadil/TOMBOMBADIL8289
8290	group_1905	/Users/sanchezh/Desktop/tombombadil/TOMBOMBADIL8290
8291	group_1858	/Users/sanchezh/Desktop/tombombadil/TOMBOMBADIL8291
8292	group_1849	/Users/sanchezh/Desktop/tombombadil/TOMBOMBADIL8292
8293	group_1848	/Users/sanchezh/Desktop/tombombadil/TOMBOMBADIL8293
8294	group_1830	/Users/sanchezh/Desktop/tombombadil/TOMBOMBADIL8294
8295	group_1794	/Users/sanchezh/Desktop/tombombadil/TOMBOMBADIL8295
8296	group_1791	/Users/sanchezh/Desktop/tombombadil/TOMBOMBADIL8296
8297	group_1779	/Users/sanchezh/Desktop/tombombadil/TOMBOMBADIL8297
8298	group_1777	/Users/sanchezh/Desktop/tombombadil/TOMBOMBADIL8298
8299	group_1742	/Users/sanchezh/Desktop/tombombadil/TOMBOMBADIL8299
8300	group_1718	/Users/sanchezh/Desktop/tombombadil/TOMBOMBADIL8300
8301	group_1696	/Users/sanchezh/Desktop/tombombadil/TOMBOMBADIL8301
8302	group_1678	/Users/sanchezh/Desktop/tombombadil/TOMBOMBADIL8302
8303	group_1672	/Users/sanchezh/Desktop/tombombadil/TOMBOMBADIL8303
8304	group_1658	/Users/sanchezh/Desktop/tombombadil/TOMBOMBADIL8304
8305	group_1652	/Users/sanchezh/Desktop/tombombadil/TOMBOMBADIL8305
8306	group_1642	/Users/sanchezh/Desktop/tombombadil/TOMBOMBADIL8306
8307	group_1636	/Users/sanchezh/Desktop/tombombadil/TOMBOMBADIL8307
8308	group_1615	/Users/sanchezh/Desktop/tombombadil/TOMBOMBADIL8308
8309	group_1605	/Users/sanchezh/Desktop/tombombadil/TOMBOMBADIL8309
8310	group_1604	/Users/sanchezh/Desktop/tombombadil/TOMBOMBADIL8310
8311	group_1597	/Users/sanchezh/Desktop/tombombadil/TOMBOMBADIL8311
8312	group_1584	/Users/sanchezh/Desktop/tombombadil/TOMBOMBADIL8312
8313	group_1577	/Users/sanchezh/Desktop/tombombadil/TOMBOMBADIL8313
8314	group_1574	/Users/sanchezh/Desktop/tombombadil/TOMBOMBADIL8314
8315	group_1518	/Users/sanchezh/Desktop/tombombadil/TOMBOMBADIL8315
8316	group_1512	/Users/sanchezh/Desktop/tombombadil/TOMBOMBADIL8316
8317	group_1494	/Users/sanchezh/Desktop/tombombadil/TOMBOMBADIL8317
8318	group_1428	/Users/sanchezh/Desktop/tombombadil/TOMBOMBADIL8318
8319	group_1401	/Users/sanchezh/Desktop/tombombadil/TOMBOMBADIL8319
8320	group_1377	/Users/sanchezh/Desktop/tombombadil/TOMBOMBADIL8320
8321	group_1359	/Users/sanchezh/Desktop/tombombadil/TOMBOMBADIL8321
8322	group_1352	/Users/sanchezh/Desktop/tombombadil/TOMBOMBADIL8322
8323	group_1349	/Users/sanchezh/Desktop/tombombadil/TOMBOMBADIL8323
8324	group_1326	/Users/sanchezh/Desktop/tombombadil/TOMBOMBADIL8324
8325	group_1309	/Users/sanchezh/Desktop/tombombadil/TOMBOMBADIL8325
8326	group_1280	/Users/sanchezh/Desktop/tombombadil/TOMBOMBADIL8326
8327	group_1261	/Users/sanchezh/Desktop/tombombadil/TOMBOMBADIL8327
8328	group_1247	/Users/sanchezh/Desktop/tombombadil/TOMBOMBADIL8328
8329	group_1245	/Users/sanchezh/Desktop/tombombadil/TOMBOMBADIL8329
8330	group_1230	/Users/sanchezh/Desktop/tombombadil/TOMBOMBADIL8330
8331	group_1221	/Users/sanchezh/Desktop/tombombadil/TOMBOMBADIL8331
8332	group_1217	/Users/sanchezh/Desktop/tombombadil/TOMBOMBADIL8332
8333	virE	/Users/sanchezh/Desktop/tombombadil/TOMBOMBADIL8333
8334	group_1188	/Users/sanchezh/Desktop/tombombadil/TOMBOMBADIL8334
8335	group_1162	/Users/sanchezh/Desktop/tombombadil/TOMBOMBADIL8335
8336	group_1147	/Users/sanchezh/Desktop/tombombadil/TOMBOMBADIL8336
8337	group_1114	/Users/sanchezh/Desktop/tombombadil/TOMBOMBADIL8337
8338	group_1108	/Users/sanchezh/Desktop/tombombadil/TOMBOMBADIL8338
8339	group_1105	/Users/sanchezh/Desktop/tombombadil/TOMBOMBADIL8339
8340	group_1095	/Users/sanchezh/Desktop/tombombadil/TOMBOMBADIL8340
8341	group_1052	/Users/sanchezh/Desktop/tombombadil/TOMBOMBADIL8341
8342	group_1049	/Users/sanchezh/Desktop/tombombadil/TOMBOMBADIL8342
8343	group_1046	/Users/sanchezh/Desktop/tombombadil/TOMBOMBADIL8343
8344	group_1032	/Users/sanchezh/Desktop/tombombadil/TOMBOMBADIL8344
8345	group_1003	/Users/sanchezh/Desktop/tombombadil/TOMBOMBADIL8345
8346	group_988	/Users/sanchezh/Desktop/tombombadil/TOMBOMBADIL8346
8347	group_985	/Users/sanchezh/Desktop/tombombadil/TOMBOMBADIL8347
8348	group_981	/Users/sanchezh/Desktop/tombombadil/TOMBOMBADIL8348
8349	group_979	/Users/sanchezh/Desktop/tombombadil/TOMBOMBADIL8349
8350	group_977	/Users/sanchezh/Desktop/tombombadil/TOMBOMBADIL8350
8351	group_969	/Users/sanchezh/Desktop/tombombadil/TOMBOMBADIL8351
8352	group_951	/Users/sanchezh/Desktop/tombombadil/TOMBOMBADIL8352
8353	group_937	/Users/sanchezh/Desktop/tombombadil/TOMBOMBADIL8353
8354	group_914	/Users/sanchezh/Desktop/tombombadil/TOMBOMBADIL8354
8355	group_913	/Users/sanchezh/Desktop/tombombadil/TOMBOMBADIL8355
8356	group_912	/Users/sanchezh/Desktop/tombombadil/TOMBOMBADIL8356
8357	group_859	/Users/sanchezh/Desktop/tombombadil/TOMBOMBADIL8357
8358	group_855	/Users/sanchezh/Desktop/tombombadil/TOMBOMBADIL8358
8359	group_826	/Users/sanchezh/Desktop/tombombadil/TOMBOMBADIL8359
8360	group_819	/Users/sanchezh/Desktop/tombombadil/TOMBOMBADIL8360
8361	group_786	/Users/sanchezh/Desktop/tombombadil/TOMBOMBADIL8361
8362	group_781	/Users/sanchezh/Desktop/tombombadil/TOMBOMBADIL8362
8363	group_759	/Users/sanchezh/Desktop/tombombadil/TOMBOMBADIL8363
8364	group_743	/Users/sanchezh/Desktop/tombombadil/TOMBOMBADIL8364
8365	group_689	/Users/sanchezh/Desktop/tombombadil/TOMBOMBADIL8365
8366	group_684	/Users/sanchezh/Desktop/tombombadil/TOMBOMBADIL8366
8367	group_633	/Users/sanchezh/Desktop/tombombadil/TOMBOMBADIL8367
8368	group_617	/Users/sanchezh/Desktop/tombombadil/TOMBOMBADIL8368
8369	group_595	/Users/sanchezh/Desktop/tombombadil/TOMBOMBADIL8369
8370	group_569	/Users/sanchezh/Desktop/tombombadil/TOMBOMBADIL8370
8371	group_567	/Users/sanchezh/Desktop/tombombadil/TOMBOMBADIL8371
8372	group_565	/Users/sanchezh/Desktop/tombombadil/TOMBOMBADIL8372
8373	group_559	/Users/sanchezh/Desktop/tombombadil/TOMBOMBADIL8373
8374	group_546	/Users/sanchezh/Desktop/tombombadil/TOMBOMBADIL8374
8375	group_530	/Users/sanchezh/Desktop/tombombadil/TOMBOMBADIL8375
8376	group_526	/Users/sanchezh/Desktop/tombombadil/TOMBOMBADIL8376
8377	group_524	/Users/sanchezh/Desktop/tombombadil/TOMBOMBADIL8377
8378	group_516	/Users/sanchezh/Desktop/tombombadil/TOMBOMBADIL8378
8379	group_506	/Users/sanchezh/Desktop/tombombadil/TOMBOMBADIL8379
8380	group_484	/Users/sanchezh/Desktop/tombombadil/TOMBOMBADIL8380
8381	group_461	/Users/sanchezh/Desktop/tombombadil/TOMBOMBADIL8381
8382	group_457	/Users/sanchezh/Desktop/tombombadil/TOMBOMBADIL8382
8383	group_449	/Users/sanchezh/Desktop/tombombadil/TOMBOMBADIL8383
8384	group_431	/Users/sanchezh/Desktop/tombombadil/TOMBOMBADIL8384
8385	group_400	/Users/sanchezh/Desktop/tombombadil/TOMBOMBADIL8385
8386	group_394	/Users/sanchezh/Desktop/tombombadil/TOMBOMBADIL8386
8387	group_393	/Users/sanchezh/Desktop/tombombadil/TOMBOMBADIL8387
8388	group_392	/Users/sanchezh/Desktop/tombombadil/TOMBOMBADIL8388
8389	group_362	/Users/sanchezh/Desktop/tombombadil/TOMBOMBADIL8389
8390	group_360	/Users/sanchezh/Desktop/tombombadil/TOMBOMBADIL8390
8391	group_340	/Users/sanchezh/Desktop/tombombadil/TOMBOMBADIL8391
8392	group_331	/Users/sanchezh/Desktop/tombombadil/TOMBOMBADIL8392
8393	group_314	/Users/sanchezh/Desktop/tombombadil/TOMBOMBADIL8393
8394	group_305	/Users/sanchezh/Desktop/tombombadil/TOMBOMBADIL8394
8395	group_301	/Users/sanchezh/Desktop/tombombadil/TOMBOMBADIL8395
8396	group_300	/Users/sanchezh/Desktop/tombombadil/TOMBOMBADIL8396
8397	group_292	/Users/sanchezh/Desktop/tombombadil/TOMBOMBADIL8397
8398	group_239	/Users/sanchezh/Desktop/tombombadil/TOMBOMBADIL8398
8399	group_238	/Users/sanchezh/Desktop/tombombadil/TOMBOMBADIL8399
8400	acrB	/Users/sanchezh/Desktop/tombombadil/TOMBOMBADIL8400
8401	group_215	/Users/sanchezh/Desktop/tombombadil/TOMBOMBADIL8401
8402	group_208	/Users/sanchezh/Desktop/tombombadil/TOMBOMBADIL8402
8403	group_201	/Users/sanchezh/Desktop/tombombadil/TOMBOMBADIL8403
8404	group_185	/Users/sanchezh/Desktop/tombombadil/TOMBOMBADIL8404
8405	group_182	/Users/sanchezh/Desktop/tombombadil/TOMBOMBADIL8405
8406	group_177	/Users/sanchezh/Desktop/tombombadil/TOMBOMBADIL8406
8407	group_170	/Users/sanchezh/Desktop/tombombadil/TOMBOMBADIL8407
8408	group_168	/Users/sanchezh/Desktop/tombombadil/TOMBOMBADIL8408
8409	group_162	/Users/sanchezh/Desktop/tombombadil/TOMBOMBADIL8409
8410	mukB	/Users/sanchezh/Desktop/tombombadil/TOMBOMBADIL8410
8411	group_159	/Users/sanchezh/Desktop/tombombadil/TOMBOMBADIL8411
8412	group_149	/Users/sanchezh/Desktop/tombombadil/TOMBOMBADIL8412
8413	yqhH	/Users/sanchezh/Desktop/tombombadil/TOMBOMBADIL8413
8414	traM	/Users/sanchezh/Desktop/tombombadil/TOMBOMBADIL8414
8415	group_117	/Users/sanchezh/Desktop/tombombadil/TOMBOMBADIL8415
8416	group_115	/Users/sanchezh/Desktop/tombombadil/TOMBOMBADIL8416
8417	group_92	/Users/sanchezh/Desktop/tombombadil/TOMBOMBADIL8417
8418	group_87	/Users/sanchezh/Desktop/tombombadil/TOMBOMBADIL8418
8419	group_77	/Users/sanchezh/Desktop/tombombadil/TOMBOMBADIL8419
8420	group_75	/Users/sanchezh/Desktop/tombombadil/TOMBOMBADIL8420
8421	group_70	/Users/sanchezh/Desktop/tombombadil/TOMBOMBADIL8421
8422	group_68	/Users/sanchezh/Desktop/tombombadil/TOMBOMBADIL8422
8423	group_63	/Users/sanchezh/Desktop/tombombadil/TOMBOMBADIL8423
8424	group_60	/Users/sanchezh/Desktop/tombombadil/TOMBOMBADIL8424
8425	group_47	/Users/sanchezh/Desktop/tombombadil/TOMBOMBADIL8425
8426	group_41	/Users/sanchezh/Desktop/tombombadil/TOMBOMBADIL8426
8427	group_23	/Users/sanchezh/Desktop/tombombadil/TOMBOMBADIL8427
8428	group_5	/Users/sanchezh/Desktop/tombombadil/TOMBOMBADIL8428
8429	group_16473	/Users/sanchezh/Desktop/tombombadil/TOMBOMBADIL8429
8430	group_16470	/Users/sanchezh/Desktop/tombombadil/TOMBOMBADIL8430
8431	group_16461	/Users/sanchezh/Desktop/tombombadil/TOMBOMBADIL8431
8432	group_16424	/Users/sanchezh/Desktop/tombombadil/TOMBOMBADIL8432
8433	group_16393	/Users/sanchezh/Desktop/tombombadil/TOMBOMBADIL8433
8434	group_16364	/Users/sanchezh/Desktop/tombombadil/TOMBOMBADIL8434
8435	group_16330	/Users/sanchezh/Desktop/tombombadil/TOMBOMBADIL8435
8436	group_16264	/Users/sanchezh/Desktop/tombombadil/TOMBOMBADIL8436
8437	group_16231	/Users/sanchezh/Desktop/tombombadil/TOMBOMBADIL8437
8438	group_16223	/Users/sanchezh/Desktop/tombombadil/TOMBOMBADIL8438
8439	group_16221	/Users/sanchezh/Desktop/tombombadil/TOMBOMBADIL8439
8440	group_16220	/Users/sanchezh/Desktop/tombombadil/TOMBOMBADIL8440
8441	group_16202	/Users/sanchezh/Desktop/tombombadil/TOMBOMBADIL8441
8442	group_16113	/Users/sanchezh/Desktop/tombombadil/TOMBOMBADIL8442
8443	group_16109	/Users/sanchezh/Desktop/tombombadil/TOMBOMBADIL8443
8444	group_16108	/Users/sanchezh/Desktop/tombombadil/TOMBOMBADIL8444
8445	group_16107	/Users/sanchezh/Desktop/tombombadil/TOMBOMBADIL8445
8446	group_16105	/Users/sanchezh/Desktop/tombombadil/TOMBOMBADIL8446
8447	group_16104	/Users/sanchezh/Desktop/tombombadil/TOMBOMBADIL8447
8448	group_16103	/Users/sanchezh/Desktop/tombombadil/TOMBOMBADIL8448
8449	group_16102	/Users/sanchezh/Desktop/tombombadil/TOMBOMBADIL8449
8450	group_16100	/Users/sanchezh/Desktop/tombombadil/TOMBOMBADIL8450
8451	group_16097	/Users/sanchezh/Desktop/tombombadil/TOMBOMBADIL8451
8452	group_16095	/Users/sanchezh/Desktop/tombombadil/TOMBOMBADIL8452
8453	group_16093	/Users/sanchezh/Desktop/tombombadil/TOMBOMBADIL8453
8454	group_16091	/Users/sanchezh/Desktop/tombombadil/TOMBOMBADIL8454
8455	group_16090	/Users/sanchezh/Desktop/tombombadil/TOMBOMBADIL8455
8456	group_16086	/Users/sanchezh/Desktop/tombombadil/TOMBOMBADIL8456
8457	group_16085	/Users/sanchezh/Desktop/tombombadil/TOMBOMBADIL8457
8458	group_16084	/Users/sanchezh/Desktop/tombombadil/TOMBOMBADIL8458
8459	group_16083	/Users/sanchezh/Desktop/tombombadil/TOMBOMBADIL8459
8460	group_16082	/Users/sanchezh/Desktop/tombombadil/TOMBOMBADIL8460
8461	group_16072	/Users/sanchezh/Desktop/tombombadil/TOMBOMBADIL8461
8462	group_16071	/Users/sanchezh/Desktop/tombombadil/TOMBOMBADIL8462
8463	group_16068	/Users/sanchezh/Desktop/tombombadil/TOMBOMBADIL8463
8464	group_16067	/Users/sanchezh/Desktop/tombombadil/TOMBOMBADIL8464
8465	group_16061	/Users/sanchezh/Desktop/tombombadil/TOMBOMBADIL8465
8466	group_16060	/Users/sanchezh/Desktop/tombombadil/TOMBOMBADIL8466
8467	group_16059	/Users/sanchezh/Desktop/tombombadil/TOMBOMBADIL8467
8468	group_16052	/Users/sanchezh/Desktop/tombombadil/TOMBOMBADIL8468
8469	group_16049	/Users/sanchezh/Desktop/tombombadil/TOMBOMBADIL8469
8470	group_16047	/Users/sanchezh/Desktop/tombombadil/TOMBOMBADIL8470
8471	group_16041	/Users/sanchezh/Desktop/tombombadil/TOMBOMBADIL8471
8472	group_15991	/Users/sanchezh/Desktop/tombombadil/TOMBOMBADIL8472
8473	group_15974	/Users/sanchezh/Desktop/tombombadil/TOMBOMBADIL8473
8474	group_15959	/Users/sanchezh/Desktop/tombombadil/TOMBOMBADIL8474
8475	group_15958	/Users/sanchezh/Desktop/tombombadil/TOMBOMBADIL8475
8476	group_15957	/Users/sanchezh/Desktop/tombombadil/TOMBOMBADIL8476
8477	group_15956	/Users/sanchezh/Desktop/tombombadil/TOMBOMBADIL8477
8478	group_15939	/Users/sanchezh/Desktop/tombombadil/TOMBOMBADIL8478
8479	group_15922	/Users/sanchezh/Desktop/tombombadil/TOMBOMBADIL8479
8480	group_15919	/Users/sanchezh/Desktop/tombombadil/TOMBOMBADIL8480
8481	group_15918	/Users/sanchezh/Desktop/tombombadil/TOMBOMBADIL8481
8482	group_15915	/Users/sanchezh/Desktop/tombombadil/TOMBOMBADIL8482
8483	group_15887	/Users/sanchezh/Desktop/tombombadil/TOMBOMBADIL8483
8484	group_15877	/Users/sanchezh/Desktop/tombombadil/TOMBOMBADIL8484
8485	group_15876	/Users/sanchezh/Desktop/tombombadil/TOMBOMBADIL8485
8486	group_15875	/Users/sanchezh/Desktop/tombombadil/TOMBOMBADIL8486
8487	group_15867	/Users/sanchezh/Desktop/tombombadil/TOMBOMBADIL8487
8488	group_15862	/Users/sanchezh/Desktop/tombombadil/TOMBOMBADIL8488
8489	group_15842	/Users/sanchezh/Desktop/tombombadil/TOMBOMBADIL8489
8490	group_15841	/Users/sanchezh/Desktop/tombombadil/TOMBOMBADIL8490
8491	group_15839	/Users/sanchezh/Desktop/tombombadil/TOMBOMBADIL8491
8492	group_15832	/Users/sanchezh/Desktop/tombombadil/TOMBOMBADIL8492
8493	group_15823	/Users/sanchezh/Desktop/tombombadil/TOMBOMBADIL8493
8494	group_15809	/Users/sanchezh/Desktop/tombombadil/TOMBOMBADIL8494
8495	group_15803	/Users/sanchezh/Desktop/tombombadil/TOMBOMBADIL8495
8496	group_15799	/Users/sanchezh/Desktop/tombombadil/TOMBOMBADIL8496
8497	group_15779	/Users/sanchezh/Desktop/tombombadil/TOMBOMBADIL8497
8498	group_15777	/Users/sanchezh/Desktop/tombombadil/TOMBOMBADIL8498
8499	group_15772	/Users/sanchezh/Desktop/tombombadil/TOMBOMBADIL8499
8500	group_15769	/Users/sanchezh/Desktop/tombombadil/TOMBOMBADIL8500
8501	group_15767	/Users/sanchezh/Desktop/tombombadil/TOMBOMBADIL8501
8502	group_15766	/Users/sanchezh/Desktop/tombombadil/TOMBOMBADIL8502
8503	group_15765	/Users/sanchezh/Desktop/tombombadil/TOMBOMBADIL8503
8504	group_15757	/Users/sanchezh/Desktop/tombombadil/TOMBOMBADIL8504
8505	group_15746	/Users/sanchezh/Desktop/tombombadil/TOMBOMBADIL8505
8506	group_15741	/Users/sanchezh/Desktop/tombombadil/TOMBOMBADIL8506
8507	group_15740	/Users/sanchezh/Desktop/tombombadil/TOMBOMBADIL8507
8508	group_15739	/Users/sanchezh/Desktop/tombombadil/TOMBOMBADIL8508
8509	group_15723	/Users/sanchezh/Desktop/tombombadil/TOMBOMBADIL8509
8510	group_15718	/Users/sanchezh/Desktop/tombombadil/TOMBOMBADIL8510
8511	group_15708	/Users/sanchezh/Desktop/tombombadil/TOMBOMBADIL8511
8512	group_15687	/Users/sanchezh/Desktop/tombombadil/TOMBOMBADIL8512
8513	group_15682	/Users/sanchezh/Desktop/tombombadil/TOMBOMBADIL8513
8514	group_15662	/Users/sanchezh/Desktop/tombombadil/TOMBOMBADIL8514
8515	group_15650	/Users/sanchezh/Desktop/tombombadil/TOMBOMBADIL8515
8516	group_15636	/Users/sanchezh/Desktop/tombombadil/TOMBOMBADIL8516
8517	group_15635	/Users/sanchezh/Desktop/tombombadil/TOMBOMBADIL8517
8518	group_15627	/Users/sanchezh/Desktop/tombombadil/TOMBOMBADIL8518
8519	group_15603	/Users/sanchezh/Desktop/tombombadil/TOMBOMBADIL8519
8520	group_15601	/Users/sanchezh/Desktop/tombombadil/TOMBOMBADIL8520
8521	group_15600	/Users/sanchezh/Desktop/tombombadil/TOMBOMBADIL8521
8522	group_15590	/Users/sanchezh/Desktop/tombombadil/TOMBOMBADIL8522
8523	group_15586	/Users/sanchezh/Desktop/tombombadil/TOMBOMBADIL8523
8524	group_15571	/Users/sanchezh/Desktop/tombombadil/TOMBOMBADIL8524
8525	group_15566	/Users/sanchezh/Desktop/tombombadil/TOMBOMBADIL8525
8526	group_15565	/Users/sanchezh/Desktop/tombombadil/TOMBOMBADIL8526
8527	group_15548	/Users/sanchezh/Desktop/tombombadil/TOMBOMBADIL8527
8528	group_15547	/Users/sanchezh/Desktop/tombombadil/TOMBOMBADIL8528
8529	group_15539	/Users/sanchezh/Desktop/tombombadil/TOMBOMBADIL8529
8530	group_15532	/Users/sanchezh/Desktop/tombombadil/TOMBOMBADIL8530
8531	group_15524	/Users/sanchezh/Desktop/tombombadil/TOMBOMBADIL8531
8532	group_15519	/Users/sanchezh/Desktop/tombombadil/TOMBOMBADIL8532
8533	group_15504	/Users/sanchezh/Desktop/tombombadil/TOMBOMBADIL8533
8534	group_15485	/Users/sanchezh/Desktop/tombombadil/TOMBOMBADIL8534
8535	group_15483	/Users/sanchezh/Desktop/tombombadil/TOMBOMBADIL8535
8536	group_15476	/Users/sanchezh/Desktop/tombombadil/TOMBOMBADIL8536
8537	group_15469	/Users/sanchezh/Desktop/tombombadil/TOMBOMBADIL8537
8538	group_15452	/Users/sanchezh/Desktop/tombombadil/TOMBOMBADIL8538
8539	group_15434	/Users/sanchezh/Desktop/tombombadil/TOMBOMBADIL8539
8540	group_15433	/Users/sanchezh/Desktop/tombombadil/TOMBOMBADIL8540
8541	group_15432	/Users/sanchezh/Desktop/tombombadil/TOMBOMBADIL8541
8542	group_15419	/Users/sanchezh/Desktop/tombombadil/TOMBOMBADIL8542
8543	group_15410	/Users/sanchezh/Desktop/tombombadil/TOMBOMBADIL8543
8544	group_15408	/Users/sanchezh/Desktop/tombombadil/TOMBOMBADIL8544
8545	group_15397	/Users/sanchezh/Desktop/tombombadil/TOMBOMBADIL8545
8546	group_15386	/Users/sanchezh/Desktop/tombombadil/TOMBOMBADIL8546
8547	group_15382	/Users/sanchezh/Desktop/tombombadil/TOMBOMBADIL8547
8548	group_15353	/Users/sanchezh/Desktop/tombombadil/TOMBOMBADIL8548
8549	group_15352	/Users/sanchezh/Desktop/tombombadil/TOMBOMBADIL8549
8550	group_15335	/Users/sanchezh/Desktop/tombombadil/TOMBOMBADIL8550
8551	group_15334	/Users/sanchezh/Desktop/tombombadil/TOMBOMBADIL8551
8552	group_15333	/Users/sanchezh/Desktop/tombombadil/TOMBOMBADIL8552
8553	group_15304	/Users/sanchezh/Desktop/tombombadil/TOMBOMBADIL8553
8554	group_15299	/Users/sanchezh/Desktop/tombombadil/TOMBOMBADIL8554
8555	group_15298	/Users/sanchezh/Desktop/tombombadil/TOMBOMBADIL8555
8556	group_15297	/Users/sanchezh/Desktop/tombombadil/TOMBOMBADIL8556
8557	group_15294	/Users/sanchezh/Desktop/tombombadil/TOMBOMBADIL8557
8558	group_15293	/Users/sanchezh/Desktop/tombombadil/TOMBOMBADIL8558
8559	group_15282	/Users/sanchezh/Desktop/tombombadil/TOMBOMBADIL8559
8560	group_15280	/Users/sanchezh/Desktop/tombombadil/TOMBOMBADIL8560
8561	group_15271	/Users/sanchezh/Desktop/tombombadil/TOMBOMBADIL8561
8562	group_15232	/Users/sanchezh/Desktop/tombombadil/TOMBOMBADIL8562
8563	group_15231	/Users/sanchezh/Desktop/tombombadil/TOMBOMBADIL8563
8564	group_15230	/Users/sanchezh/Desktop/tombombadil/TOMBOMBADIL8564
8565	group_15228	/Users/sanchezh/Desktop/tombombadil/TOMBOMBADIL8565
8566	group_15197	/Users/sanchezh/Desktop/tombombadil/TOMBOMBADIL8566
8567	group_15186	/Users/sanchezh/Desktop/tombombadil/TOMBOMBADIL8567
8568	group_15185	/Users/sanchezh/Desktop/tombombadil/TOMBOMBADIL8568
8569	group_15181	/Users/sanchezh/Desktop/tombombadil/TOMBOMBADIL8569
8570	group_15170	/Users/sanchezh/Desktop/tombombadil/TOMBOMBADIL8570
8571	group_15159	/Users/sanchezh/Desktop/tombombadil/TOMBOMBADIL8571
8572	group_15156	/Users/sanchezh/Desktop/tombombadil/TOMBOMBADIL8572
8573	group_15155	/Users/sanchezh/Desktop/tombombadil/TOMBOMBADIL8573
8574	group_15146	/Users/sanchezh/Desktop/tombombadil/TOMBOMBADIL8574
8575	group_15141	/Users/sanchezh/Desktop/tombombadil/TOMBOMBADIL8575
8576	group_15137	/Users/sanchezh/Desktop/tombombadil/TOMBOMBADIL8576
8577	group_15136	/Users/sanchezh/Desktop/tombombadil/TOMBOMBADIL8577
8578	group_15124	/Users/sanchezh/Desktop/tombombadil/TOMBOMBADIL8578
8579	group_15122	/Users/sanchezh/Desktop/tombombadil/TOMBOMBADIL8579
8580	group_15113	/Users/sanchezh/Desktop/tombombadil/TOMBOMBADIL8580
8581	group_15099	/Users/sanchezh/Desktop/tombombadil/TOMBOMBADIL8581
8582	group_15070	/Users/sanchezh/Desktop/tombombadil/TOMBOMBADIL8582
8583	group_15069	/Users/sanchezh/Desktop/tombombadil/TOMBOMBADIL8583
8584	group_15061	/Users/sanchezh/Desktop/tombombadil/TOMBOMBADIL8584
8585	group_15059	/Users/sanchezh/Desktop/tombombadil/TOMBOMBADIL8585
8586	group_15034	/Users/sanchezh/Desktop/tombombadil/TOMBOMBADIL8586
8587	group_15033	/Users/sanchezh/Desktop/tombombadil/TOMBOMBADIL8587
8588	group_15019	/Users/sanchezh/Desktop/tombombadil/TOMBOMBADIL8588
8589	group_15017	/Users/sanchezh/Desktop/tombombadil/TOMBOMBADIL8589
8590	group_15002	/Users/sanchezh/Desktop/tombombadil/TOMBOMBADIL8590
8591	group_14996	/Users/sanchezh/Desktop/tombombadil/TOMBOMBADIL8591
8592	group_14995	/Users/sanchezh/Desktop/tombombadil/TOMBOMBADIL8592
8593	group_14984	/Users/sanchezh/Desktop/tombombadil/TOMBOMBADIL8593
8594	group_14952	/Users/sanchezh/Desktop/tombombadil/TOMBOMBADIL8594
8595	group_14914	/Users/sanchezh/Desktop/tombombadil/TOMBOMBADIL8595
8596	group_14907	/Users/sanchezh/Desktop/tombombadil/TOMBOMBADIL8596
8597	group_14906	/Users/sanchezh/Desktop/tombombadil/TOMBOMBADIL8597
8598	group_14893	/Users/sanchezh/Desktop/tombombadil/TOMBOMBADIL8598
8599	group_14885	/Users/sanchezh/Desktop/tombombadil/TOMBOMBADIL8599
8600	group_14858	/Users/sanchezh/Desktop/tombombadil/TOMBOMBADIL8600
8601	group_14847	/Users/sanchezh/Desktop/tombombadil/TOMBOMBADIL8601
8602	group_14839	/Users/sanchezh/Desktop/tombombadil/TOMBOMBADIL8602
8603	group_14835	/Users/sanchezh/Desktop/tombombadil/TOMBOMBADIL8603
8604	group_14834	/Users/sanchezh/Desktop/tombombadil/TOMBOMBADIL8604
8605	group_14815	/Users/sanchezh/Desktop/tombombadil/TOMBOMBADIL8605
8606	group_14805	/Users/sanchezh/Desktop/tombombadil/TOMBOMBADIL8606
8607	group_14804	/Users/sanchezh/Desktop/tombombadil/TOMBOMBADIL8607
8608	group_14803	/Users/sanchezh/Desktop/tombombadil/TOMBOMBADIL8608
8609	group_14790	/Users/sanchezh/Desktop/tombombadil/TOMBOMBADIL8609
8610	group_14786	/Users/sanchezh/Desktop/tombombadil/TOMBOMBADIL8610
8611	group_14755	/Users/sanchezh/Desktop/tombombadil/TOMBOMBADIL8611
8612	group_14748	/Users/sanchezh/Desktop/tombombadil/TOMBOMBADIL8612
8613	group_14731	/Users/sanchezh/Desktop/tombombadil/TOMBOMBADIL8613
8614	group_14714	/Users/sanchezh/Desktop/tombombadil/TOMBOMBADIL8614
8615	group_14713	/Users/sanchezh/Desktop/tombombadil/TOMBOMBADIL8615
8616	group_14702	/Users/sanchezh/Desktop/tombombadil/TOMBOMBADIL8616
8617	group_14692	/Users/sanchezh/Desktop/tombombadil/TOMBOMBADIL8617
8618	group_14679	/Users/sanchezh/Desktop/tombombadil/TOMBOMBADIL8618
8619	group_14678	/Users/sanchezh/Desktop/tombombadil/TOMBOMBADIL8619
8620	group_14677	/Users/sanchezh/Desktop/tombombadil/TOMBOMBADIL8620
8621	group_14661	/Users/sanchezh/Desktop/tombombadil/TOMBOMBADIL8621
8622	group_14658	/Users/sanchezh/Desktop/tombombadil/TOMBOMBADIL8622
8623	group_14631	/Users/sanchezh/Desktop/tombombadil/TOMBOMBADIL8623
8624	group_14630	/Users/sanchezh/Desktop/tombombadil/TOMBOMBADIL8624
8625	group_14610	/Users/sanchezh/Desktop/tombombadil/TOMBOMBADIL8625
8626	group_14596	/Users/sanchezh/Desktop/tombombadil/TOMBOMBADIL8626
8627	group_14595	/Users/sanchezh/Desktop/tombombadil/TOMBOMBADIL8627
8628	group_14594	/Users/sanchezh/Desktop/tombombadil/TOMBOMBADIL8628
8629	group_14593	/Users/sanchezh/Desktop/tombombadil/TOMBOMBADIL8629
8630	group_14568	/Users/sanchezh/Desktop/tombombadil/TOMBOMBADIL8630
8631	group_14559	/Users/sanchezh/Desktop/tombombadil/TOMBOMBADIL8631
8632	group_14557	/Users/sanchezh/Desktop/tombombadil/TOMBOMBADIL8632
8633	group_14552	/Users/sanchezh/Desktop/tombombadil/TOMBOMBADIL8633
8634	group_14532	/Users/sanchezh/Desktop/tombombadil/TOMBOMBADIL8634
8635	group_14530	/Users/sanchezh/Desktop/tombombadil/TOMBOMBADIL8635
8636	group_14509	/Users/sanchezh/Desktop/tombombadil/TOMBOMBADIL8636
8637	group_14508	/Users/sanchezh/Desktop/tombombadil/TOMBOMBADIL8637
8638	group_14507	/Users/sanchezh/Desktop/tombombadil/TOMBOMBADIL8638
8639	group_14506	/Users/sanchezh/Desktop/tombombadil/TOMBOMBADIL8639
8640	group_14499	/Users/sanchezh/Desktop/tombombadil/TOMBOMBADIL8640
8641	group_14472	/Users/sanchezh/Desktop/tombombadil/TOMBOMBADIL8641
8642	group_14471	/Users/sanchezh/Desktop/tombombadil/TOMBOMBADIL8642
8643	group_14464	/Users/sanchezh/Desktop/tombombadil/TOMBOMBADIL8643
8644	group_14463	/Users/sanchezh/Desktop/tombombadil/TOMBOMBADIL8644
8645	group_14462	/Users/sanchezh/Desktop/tombombadil/TOMBOMBADIL8645
8646	group_14450	/Users/sanchezh/Desktop/tombombadil/TOMBOMBADIL8646
8647	group_14447	/Users/sanchezh/Desktop/tombombadil/TOMBOMBADIL8647
8648	group_14439	/Users/sanchezh/Desktop/tombombadil/TOMBOMBADIL8648
8649	group_14428	/Users/sanchezh/Desktop/tombombadil/TOMBOMBADIL8649
8650	group_14426	/Users/sanchezh/Desktop/tombombadil/TOMBOMBADIL8650
8651	group_14425	/Users/sanchezh/Desktop/tombombadil/TOMBOMBADIL8651
8652	group_14414	/Users/sanchezh/Desktop/tombombadil/TOMBOMBADIL8652
8653	group_14395	/Users/sanchezh/Desktop/tombombadil/TOMBOMBADIL8653
8654	group_14387	/Users/sanchezh/Desktop/tombombadil/TOMBOMBADIL8654
8655	group_14382	/Users/sanchezh/Desktop/tombombadil/TOMBOMBADIL8655
8656	group_14377	/Users/sanchezh/Desktop/tombombadil/TOMBOMBADIL8656
8657	group_14371	/Users/sanchezh/Desktop/tombombadil/TOMBOMBADIL8657
8658	group_14350	/Users/sanchezh/Desktop/tombombadil/TOMBOMBADIL8658
8659	group_14349	/Users/sanchezh/Desktop/tombombadil/TOMBOMBADIL8659
8660	group_14348	/Users/sanchezh/Desktop/tombombadil/TOMBOMBADIL8660
8661	group_14347	/Users/sanchezh/Desktop/tombombadil/TOMBOMBADIL8661
8662	group_14318	/Users/sanchezh/Desktop/tombombadil/TOMBOMBADIL8662
8663	group_14315	/Users/sanchezh/Desktop/tombombadil/TOMBOMBADIL8663
8664	group_14302	/Users/sanchezh/Desktop/tombombadil/TOMBOMBADIL8664
8665	group_14263	/Users/sanchezh/Desktop/tombombadil/TOMBOMBADIL8665
8666	group_14262	/Users/sanchezh/Desktop/tombombadil/TOMBOMBADIL8666
8667	group_14261	/Users/sanchezh/Desktop/tombombadil/TOMBOMBADIL8667
8668	group_14245	/Users/sanchezh/Desktop/tombombadil/TOMBOMBADIL8668
8669	group_14224	/Users/sanchezh/Desktop/tombombadil/TOMBOMBADIL8669
8670	group_14223	/Users/sanchezh/Desktop/tombombadil/TOMBOMBADIL8670
8671	group_14215	/Users/sanchezh/Desktop/tombombadil/TOMBOMBADIL8671
8672	group_14210	/Users/sanchezh/Desktop/tombombadil/TOMBOMBADIL8672
8673	group_14202	/Users/sanchezh/Desktop/tombombadil/TOMBOMBADIL8673
8674	group_14201	/Users/sanchezh/Desktop/tombombadil/TOMBOMBADIL8674
8675	group_14200	/Users/sanchezh/Desktop/tombombadil/TOMBOMBADIL8675
8676	group_14196	/Users/sanchezh/Desktop/tombombadil/TOMBOMBADIL8676
8677	group_14191	/Users/sanchezh/Desktop/tombombadil/TOMBOMBADIL8677
8678	group_14190	/Users/sanchezh/Desktop/tombombadil/TOMBOMBADIL8678
8679	group_14174	/Users/sanchezh/Desktop/tombombadil/TOMBOMBADIL8679
8680	group_14172	/Users/sanchezh/Desktop/tombombadil/TOMBOMBADIL8680
8681	group_14162	/Users/sanchezh/Desktop/tombombadil/TOMBOMBADIL8681
8682	group_14157	/Users/sanchezh/Desktop/tombombadil/TOMBOMBADIL8682
8683	group_14156	/Users/sanchezh/Desktop/tombombadil/TOMBOMBADIL8683
8684	group_14133	/Users/sanchezh/Desktop/tombombadil/TOMBOMBADIL8684
8685	group_14132	/Users/sanchezh/Desktop/tombombadil/TOMBOMBADIL8685
8686	group_14117	/Users/sanchezh/Desktop/tombombadil/TOMBOMBADIL8686
8687	group_14099	/Users/sanchezh/Desktop/tombombadil/TOMBOMBADIL8687
8688	group_14088	/Users/sanchezh/Desktop/tombombadil/TOMBOMBADIL8688
8689	group_14079	/Users/sanchezh/Desktop/tombombadil/TOMBOMBADIL8689
8690	group_14071	/Users/sanchezh/Desktop/tombombadil/TOMBOMBADIL8690
8691	group_14068	/Users/sanchezh/Desktop/tombombadil/TOMBOMBADIL8691
8692	group_14067	/Users/sanchezh/Desktop/tombombadil/TOMBOMBADIL8692
8693	group_14066	/Users/sanchezh/Desktop/tombombadil/TOMBOMBADIL8693
8694	group_14057	/Users/sanchezh/Desktop/tombombadil/TOMBOMBADIL8694
8695	group_14056	/Users/sanchezh/Desktop/tombombadil/TOMBOMBADIL8695
8696	group_14055	/Users/sanchezh/Desktop/tombombadil/TOMBOMBADIL8696
8697	group_14039	/Users/sanchezh/Desktop/tombombadil/TOMBOMBADIL8697
8698	group_14038	/Users/sanchezh/Desktop/tombombadil/TOMBOMBADIL8698
8699	group_14037	/Users/sanchezh/Desktop/tombombadil/TOMBOMBADIL8699
8700	group_14023	/Users/sanchezh/Desktop/tombombadil/TOMBOMBADIL8700
8701	group_14018	/Users/sanchezh/Desktop/tombombadil/TOMBOMBADIL8701
8702	group_13998	/Users/sanchezh/Desktop/tombombadil/TOMBOMBADIL8702
8703	group_13985	/Users/sanchezh/Desktop/tombombadil/TOMBOMBADIL8703
8704	group_13984	/Users/sanchezh/Desktop/tombombadil/TOMBOMBADIL8704
8705	group_13983	/Users/sanchezh/Desktop/tombombadil/TOMBOMBADIL8705
8706	group_13961	/Users/sanchezh/Desktop/tombombadil/TOMBOMBADIL8706
8707	group_13952	/Users/sanchezh/Desktop/tombombadil/TOMBOMBADIL8707
8708	group_13951	/Users/sanchezh/Desktop/tombombadil/TOMBOMBADIL8708
8709	group_13950	/Users/sanchezh/Desktop/tombombadil/TOMBOMBADIL8709
8710	group_13949	/Users/sanchezh/Desktop/tombombadil/TOMBOMBADIL8710
8711	group_13933	/Users/sanchezh/Desktop/tombombadil/TOMBOMBADIL8711
8712	group_13917	/Users/sanchezh/Desktop/tombombadil/TOMBOMBADIL8712
8713	group_13916	/Users/sanchezh/Desktop/tombombadil/TOMBOMBADIL8713
8714	group_13915	/Users/sanchezh/Desktop/tombombadil/TOMBOMBADIL8714
8715	group_13914	/Users/sanchezh/Desktop/tombombadil/TOMBOMBADIL8715
8716	group_13907	/Users/sanchezh/Desktop/tombombadil/TOMBOMBADIL8716
8717	group_13901	/Users/sanchezh/Desktop/tombombadil/TOMBOMBADIL8717
8718	group_13895	/Users/sanchezh/Desktop/tombombadil/TOMBOMBADIL8718
8719	group_13891	/Users/sanchezh/Desktop/tombombadil/TOMBOMBADIL8719
8720	group_13871	/Users/sanchezh/Desktop/tombombadil/TOMBOMBADIL8720
8721	group_13862	/Users/sanchezh/Desktop/tombombadil/TOMBOMBADIL8721
8722	group_13854	/Users/sanchezh/Desktop/tombombadil/TOMBOMBADIL8722
8723	group_13847	/Users/sanchezh/Desktop/tombombadil/TOMBOMBADIL8723
8724	group_13846	/Users/sanchezh/Desktop/tombombadil/TOMBOMBADIL8724
8725	group_13835	/Users/sanchezh/Desktop/tombombadil/TOMBOMBADIL8725
8726	group_13831	/Users/sanchezh/Desktop/tombombadil/TOMBOMBADIL8726
8727	group_13828	/Users/sanchezh/Desktop/tombombadil/TOMBOMBADIL8727
8728	group_13809	/Users/sanchezh/Desktop/tombombadil/TOMBOMBADIL8728
8729	group_13808	/Users/sanchezh/Desktop/tombombadil/TOMBOMBADIL8729
8730	group_13807	/Users/sanchezh/Desktop/tombombadil/TOMBOMBADIL8730
8731	group_13806	/Users/sanchezh/Desktop/tombombadil/TOMBOMBADIL8731
8732	group_13804	/Users/sanchezh/Desktop/tombombadil/TOMBOMBADIL8732
8733	group_13791	/Users/sanchezh/Desktop/tombombadil/TOMBOMBADIL8733
8734	group_13785	/Users/sanchezh/Desktop/tombombadil/TOMBOMBADIL8734
8735	group_13770	/Users/sanchezh/Desktop/tombombadil/TOMBOMBADIL8735
8736	group_13769	/Users/sanchezh/Desktop/tombombadil/TOMBOMBADIL8736
8737	group_13768	/Users/sanchezh/Desktop/tombombadil/TOMBOMBADIL8737
8738	group_13741	/Users/sanchezh/Desktop/tombombadil/TOMBOMBADIL8738
8739	group_13737	/Users/sanchezh/Desktop/tombombadil/TOMBOMBADIL8739
8740	group_13736	/Users/sanchezh/Desktop/tombombadil/TOMBOMBADIL8740
8741	group_13735	/Users/sanchezh/Desktop/tombombadil/TOMBOMBADIL8741
8742	group_13728	/Users/sanchezh/Desktop/tombombadil/TOMBOMBADIL8742
8743	group_13725	/Users/sanchezh/Desktop/tombombadil/TOMBOMBADIL8743
8744	group_13704	/Users/sanchezh/Desktop/tombombadil/TOMBOMBADIL8744
8745	group_13703	/Users/sanchezh/Desktop/tombombadil/TOMBOMBADIL8745
8746	group_13702	/Users/sanchezh/Desktop/tombombadil/TOMBOMBADIL8746
8747	group_13693	/Users/sanchezh/Desktop/tombombadil/TOMBOMBADIL8747
8748	group_13691	/Users/sanchezh/Desktop/tombombadil/TOMBOMBADIL8748
8749	group_13690	/Users/sanchezh/Desktop/tombombadil/TOMBOMBADIL8749
8750	group_13684	/Users/sanchezh/Desktop/tombombadil/TOMBOMBADIL8750
8751	group_13680	/Users/sanchezh/Desktop/tombombadil/TOMBOMBADIL8751
8752	group_13679	/Users/sanchezh/Desktop/tombombadil/TOMBOMBADIL8752
8753	group_13668	/Users/sanchezh/Desktop/tombombadil/TOMBOMBADIL8753
8754	group_13657	/Users/sanchezh/Desktop/tombombadil/TOMBOMBADIL8754
8755	group_13638	/Users/sanchezh/Desktop/tombombadil/TOMBOMBADIL8755
8756	group_13630	/Users/sanchezh/Desktop/tombombadil/TOMBOMBADIL8756
8757	group_13622	/Users/sanchezh/Desktop/tombombadil/TOMBOMBADIL8757
8758	group_13614	/Users/sanchezh/Desktop/tombombadil/TOMBOMBADIL8758
8759	group_13612	/Users/sanchezh/Desktop/tombombadil/TOMBOMBADIL8759
8760	group_13600	/Users/sanchezh/Desktop/tombombadil/TOMBOMBADIL8760
8761	group_13595	/Users/sanchezh/Desktop/tombombadil/TOMBOMBADIL8761
8762	group_13594	/Users/sanchezh/Desktop/tombombadil/TOMBOMBADIL8762
8763	group_13593	/Users/sanchezh/Desktop/tombombadil/TOMBOMBADIL8763
8764	group_13567	/Users/sanchezh/Desktop/tombombadil/TOMBOMBADIL8764
8765	group_13547	/Users/sanchezh/Desktop/tombombadil/TOMBOMBADIL8765
8766	group_13546	/Users/sanchezh/Desktop/tombombadil/TOMBOMBADIL8766
8767	group_13526	/Users/sanchezh/Desktop/tombombadil/TOMBOMBADIL8767
8768	group_13482	/Users/sanchezh/Desktop/tombombadil/TOMBOMBADIL8768
8769	group_13467	/Users/sanchezh/Desktop/tombombadil/TOMBOMBADIL8769
8770	group_13464	/Users/sanchezh/Desktop/tombombadil/TOMBOMBADIL8770
8771	group_13463	/Users/sanchezh/Desktop/tombombadil/TOMBOMBADIL8771
8772	group_13455	/Users/sanchezh/Desktop/tombombadil/TOMBOMBADIL8772
8773	group_13438	/Users/sanchezh/Desktop/tombombadil/TOMBOMBADIL8773
8774	group_13429	/Users/sanchezh/Desktop/tombombadil/TOMBOMBADIL8774
8775	group_13403	/Users/sanchezh/Desktop/tombombadil/TOMBOMBADIL8775
8776	group_13395	/Users/sanchezh/Desktop/tombombadil/TOMBOMBADIL8776
8777	group_13388	/Users/sanchezh/Desktop/tombombadil/TOMBOMBADIL8777
8778	group_13373	/Users/sanchezh/Desktop/tombombadil/TOMBOMBADIL8778
8779	group_13367	/Users/sanchezh/Desktop/tombombadil/TOMBOMBADIL8779
8780	group_13349	/Users/sanchezh/Desktop/tombombadil/TOMBOMBADIL8780
8781	group_13348	/Users/sanchezh/Desktop/tombombadil/TOMBOMBADIL8781
8782	group_13337	/Users/sanchezh/Desktop/tombombadil/TOMBOMBADIL8782
8783	group_13327	/Users/sanchezh/Desktop/tombombadil/TOMBOMBADIL8783
8784	group_13315	/Users/sanchezh/Desktop/tombombadil/TOMBOMBADIL8784
8785	group_13314	/Users/sanchezh/Desktop/tombombadil/TOMBOMBADIL8785
8786	group_13289	/Users/sanchezh/Desktop/tombombadil/TOMBOMBADIL8786
8787	group_13270	/Users/sanchezh/Desktop/tombombadil/TOMBOMBADIL8787
8788	group_13269	/Users/sanchezh/Desktop/tombombadil/TOMBOMBADIL8788
8789	group_13267	/Users/sanchezh/Desktop/tombombadil/TOMBOMBADIL8789
8790	group_13266	/Users/sanchezh/Desktop/tombombadil/TOMBOMBADIL8790
8791	group_13252	/Users/sanchezh/Desktop/tombombadil/TOMBOMBADIL8791
8792	group_13241	/Users/sanchezh/Desktop/tombombadil/TOMBOMBADIL8792
8793	group_13235	/Users/sanchezh/Desktop/tombombadil/TOMBOMBADIL8793
8794	group_13232	/Users/sanchezh/Desktop/tombombadil/TOMBOMBADIL8794
8795	group_13231	/Users/sanchezh/Desktop/tombombadil/TOMBOMBADIL8795
8796	group_13227	/Users/sanchezh/Desktop/tombombadil/TOMBOMBADIL8796
8797	group_13217	/Users/sanchezh/Desktop/tombombadil/TOMBOMBADIL8797
8798	group_13209	/Users/sanchezh/Desktop/tombombadil/TOMBOMBADIL8798
8799	group_13196	/Users/sanchezh/Desktop/tombombadil/TOMBOMBADIL8799
8800	group_13194	/Users/sanchezh/Desktop/tombombadil/TOMBOMBADIL8800
8801	group_13193	/Users/sanchezh/Desktop/tombombadil/TOMBOMBADIL8801
8802	group_13167	/Users/sanchezh/Desktop/tombombadil/TOMBOMBADIL8802
8803	group_13165	/Users/sanchezh/Desktop/tombombadil/TOMBOMBADIL8803
8804	group_13162	/Users/sanchezh/Desktop/tombombadil/TOMBOMBADIL8804
8805	group_13161	/Users/sanchezh/Desktop/tombombadil/TOMBOMBADIL8805
8806	group_13126	/Users/sanchezh/Desktop/tombombadil/TOMBOMBADIL8806
8807	group_13120	/Users/sanchezh/Desktop/tombombadil/TOMBOMBADIL8807
8808	group_13094	/Users/sanchezh/Desktop/tombombadil/TOMBOMBADIL8808
8809	group_13092	/Users/sanchezh/Desktop/tombombadil/TOMBOMBADIL8809
8810	group_13087	/Users/sanchezh/Desktop/tombombadil/TOMBOMBADIL8810
8811	group_13085	/Users/sanchezh/Desktop/tombombadil/TOMBOMBADIL8811
8812	group_13084	/Users/sanchezh/Desktop/tombombadil/TOMBOMBADIL8812
8813	group_13061	/Users/sanchezh/Desktop/tombombadil/TOMBOMBADIL8813
8814	group_13055	/Users/sanchezh/Desktop/tombombadil/TOMBOMBADIL8814
8815	group_13048	/Users/sanchezh/Desktop/tombombadil/TOMBOMBADIL8815
8816	group_13037	/Users/sanchezh/Desktop/tombombadil/TOMBOMBADIL8816
8817	group_12988	/Users/sanchezh/Desktop/tombombadil/TOMBOMBADIL8817
8818	group_12987	/Users/sanchezh/Desktop/tombombadil/TOMBOMBADIL8818
8819	group_12976	/Users/sanchezh/Desktop/tombombadil/TOMBOMBADIL8819
8820	group_12974	/Users/sanchezh/Desktop/tombombadil/TOMBOMBADIL8820
8821	group_12956	/Users/sanchezh/Desktop/tombombadil/TOMBOMBADIL8821
8822	group_12955	/Users/sanchezh/Desktop/tombombadil/TOMBOMBADIL8822
8823	group_12932	/Users/sanchezh/Desktop/tombombadil/TOMBOMBADIL8823
8824	group_12911	/Users/sanchezh/Desktop/tombombadil/TOMBOMBADIL8824
8825	group_12885	/Users/sanchezh/Desktop/tombombadil/TOMBOMBADIL8825
8826	group_12884	/Users/sanchezh/Desktop/tombombadil/TOMBOMBADIL8826
8827	group_12880	/Users/sanchezh/Desktop/tombombadil/TOMBOMBADIL8827
8828	group_12856	/Users/sanchezh/Desktop/tombombadil/TOMBOMBADIL8828
8829	group_12854	/Users/sanchezh/Desktop/tombombadil/TOMBOMBADIL8829
8830	group_12849	/Users/sanchezh/Desktop/tombombadil/TOMBOMBADIL8830
8831	group_12838	/Users/sanchezh/Desktop/tombombadil/TOMBOMBADIL8831
8832	group_12835	/Users/sanchezh/Desktop/tombombadil/TOMBOMBADIL8832
8833	group_12833	/Users/sanchezh/Desktop/tombombadil/TOMBOMBADIL8833
8834	group_12832	/Users/sanchezh/Desktop/tombombadil/TOMBOMBADIL8834
8835	lacI	/Users/sanchezh/Desktop/tombombadil/TOMBOMBADIL8835
8836	group_12819	/Users/sanchezh/Desktop/tombombadil/TOMBOMBADIL8836
8837	group_12812	/Users/sanchezh/Desktop/tombombadil/TOMBOMBADIL8837
8838	group_12811	/Users/sanchezh/Desktop/tombombadil/TOMBOMBADIL8838
8839	group_12810	/Users/sanchezh/Desktop/tombombadil/TOMBOMBADIL8839
8840	group_12797	/Users/sanchezh/Desktop/tombombadil/TOMBOMBADIL8840
8841	group_12760	/Users/sanchezh/Desktop/tombombadil/TOMBOMBADIL8841
8842	group_12759	/Users/sanchezh/Desktop/tombombadil/TOMBOMBADIL8842
8843	group_12754	/Users/sanchezh/Desktop/tombombadil/TOMBOMBADIL8843
8844	group_12734	/Users/sanchezh/Desktop/tombombadil/TOMBOMBADIL8844
8845	group_12706	/Users/sanchezh/Desktop/tombombadil/TOMBOMBADIL8845
8846	group_12705	/Users/sanchezh/Desktop/tombombadil/TOMBOMBADIL8846
8847	group_12687	/Users/sanchezh/Desktop/tombombadil/TOMBOMBADIL8847
8848	group_12686	/Users/sanchezh/Desktop/tombombadil/TOMBOMBADIL8848
8849	group_12678	/Users/sanchezh/Desktop/tombombadil/TOMBOMBADIL8849
8850	group_12676	/Users/sanchezh/Desktop/tombombadil/TOMBOMBADIL8850
8851	group_12669	/Users/sanchezh/Desktop/tombombadil/TOMBOMBADIL8851
8852	group_12667	/Users/sanchezh/Desktop/tombombadil/TOMBOMBADIL8852
8853	group_12651	/Users/sanchezh/Desktop/tombombadil/TOMBOMBADIL8853
8854	group_12650	/Users/sanchezh/Desktop/tombombadil/TOMBOMBADIL8854
8855	group_12649	/Users/sanchezh/Desktop/tombombadil/TOMBOMBADIL8855
8856	group_12628	/Users/sanchezh/Desktop/tombombadil/TOMBOMBADIL8856
8857	group_12623	/Users/sanchezh/Desktop/tombombadil/TOMBOMBADIL8857
8858	group_12621	/Users/sanchezh/Desktop/tombombadil/TOMBOMBADIL8858
8859	group_12620	/Users/sanchezh/Desktop/tombombadil/TOMBOMBADIL8859
8860	group_12613	/Users/sanchezh/Desktop/tombombadil/TOMBOMBADIL8860
8861	group_12607	/Users/sanchezh/Desktop/tombombadil/TOMBOMBADIL8861
8862	group_12601	/Users/sanchezh/Desktop/tombombadil/TOMBOMBADIL8862
8863	group_12594	/Users/sanchezh/Desktop/tombombadil/TOMBOMBADIL8863
8864	group_12577	/Users/sanchezh/Desktop/tombombadil/TOMBOMBADIL8864
8865	group_12545	/Users/sanchezh/Desktop/tombombadil/TOMBOMBADIL8865
8866	group_12544	/Users/sanchezh/Desktop/tombombadil/TOMBOMBADIL8866
8867	group_12528	/Users/sanchezh/Desktop/tombombadil/TOMBOMBADIL8867
8868	group_12520	/Users/sanchezh/Desktop/tombombadil/TOMBOMBADIL8868
8869	group_12519	/Users/sanchezh/Desktop/tombombadil/TOMBOMBADIL8869
8870	terB	/Users/sanchezh/Desktop/tombombadil/TOMBOMBADIL8870
8871	group_12503	/Users/sanchezh/Desktop/tombombadil/TOMBOMBADIL8871
8872	group_12500	/Users/sanchezh/Desktop/tombombadil/TOMBOMBADIL8872
8873	group_12478	/Users/sanchezh/Desktop/tombombadil/TOMBOMBADIL8873
8874	group_12470	/Users/sanchezh/Desktop/tombombadil/TOMBOMBADIL8874
8875	group_12465	/Users/sanchezh/Desktop/tombombadil/TOMBOMBADIL8875
8876	parA	/Users/sanchezh/Desktop/tombombadil/TOMBOMBADIL8876
8877	group_12464	/Users/sanchezh/Desktop/tombombadil/TOMBOMBADIL8877
8878	group_12463	/Users/sanchezh/Desktop/tombombadil/TOMBOMBADIL8878
8879	group_12437	/Users/sanchezh/Desktop/tombombadil/TOMBOMBADIL8879
8880	group_12433	/Users/sanchezh/Desktop/tombombadil/TOMBOMBADIL8880
8881	nlpE	/Users/sanchezh/Desktop/tombombadil/TOMBOMBADIL8881
8882	group_12405	/Users/sanchezh/Desktop/tombombadil/TOMBOMBADIL8882
8883	group_12403	/Users/sanchezh/Desktop/tombombadil/TOMBOMBADIL8883
8884	group_12378	/Users/sanchezh/Desktop/tombombadil/TOMBOMBADIL8884
8885	group_12367	/Users/sanchezh/Desktop/tombombadil/TOMBOMBADIL8885
8886	group_12345	/Users/sanchezh/Desktop/tombombadil/TOMBOMBADIL8886
8887	group_12337	/Users/sanchezh/Desktop/tombombadil/TOMBOMBADIL8887
8888	group_12336	/Users/sanchezh/Desktop/tombombadil/TOMBOMBADIL8888
8889	group_12318	/Users/sanchezh/Desktop/tombombadil/TOMBOMBADIL8889
8890	group_12317	/Users/sanchezh/Desktop/tombombadil/TOMBOMBADIL8890
8891	group_12316	/Users/sanchezh/Desktop/tombombadil/TOMBOMBADIL8891
8892	group_12315	/Users/sanchezh/Desktop/tombombadil/TOMBOMBADIL8892
8893	group_12296	/Users/sanchezh/Desktop/tombombadil/TOMBOMBADIL8893
8894	group_12286	/Users/sanchezh/Desktop/tombombadil/TOMBOMBADIL8894
8895	group_12264	/Users/sanchezh/Desktop/tombombadil/TOMBOMBADIL8895
8896	group_12249	/Users/sanchezh/Desktop/tombombadil/TOMBOMBADIL8896
8897	group_12245	/Users/sanchezh/Desktop/tombombadil/TOMBOMBADIL8897
8898	group_12241	/Users/sanchezh/Desktop/tombombadil/TOMBOMBADIL8898
8899	group_12235	/Users/sanchezh/Desktop/tombombadil/TOMBOMBADIL8899
8900	group_12234	/Users/sanchezh/Desktop/tombombadil/TOMBOMBADIL8900
8901	group_12218	/Users/sanchezh/Desktop/tombombadil/TOMBOMBADIL8901
8902	group_12197	/Users/sanchezh/Desktop/tombombadil/TOMBOMBADIL8902
8903	group_12185	/Users/sanchezh/Desktop/tombombadil/TOMBOMBADIL8903
8904	group_12177	/Users/sanchezh/Desktop/tombombadil/TOMBOMBADIL8904
8905	group_12176	/Users/sanchezh/Desktop/tombombadil/TOMBOMBADIL8905
8906	group_12153	/Users/sanchezh/Desktop/tombombadil/TOMBOMBADIL8906
8907	group_12152	/Users/sanchezh/Desktop/tombombadil/TOMBOMBADIL8907
8908	group_12150	/Users/sanchezh/Desktop/tombombadil/TOMBOMBADIL8908
8909	group_12122	/Users/sanchezh/Desktop/tombombadil/TOMBOMBADIL8909
8910	group_12121	/Users/sanchezh/Desktop/tombombadil/TOMBOMBADIL8910
8911	group_12115	/Users/sanchezh/Desktop/tombombadil/TOMBOMBADIL8911
8912	group_12105	/Users/sanchezh/Desktop/tombombadil/TOMBOMBADIL8912
8913	group_12104	/Users/sanchezh/Desktop/tombombadil/TOMBOMBADIL8913
8914	group_12097	/Users/sanchezh/Desktop/tombombadil/TOMBOMBADIL8914
8915	group_12094	/Users/sanchezh/Desktop/tombombadil/TOMBOMBADIL8915
8916	group_12083	/Users/sanchezh/Desktop/tombombadil/TOMBOMBADIL8916
8917	group_12074	/Users/sanchezh/Desktop/tombombadil/TOMBOMBADIL8917
8918	group_12052	/Users/sanchezh/Desktop/tombombadil/TOMBOMBADIL8918
8919	group_12051	/Users/sanchezh/Desktop/tombombadil/TOMBOMBADIL8919
8920	group_12037	/Users/sanchezh/Desktop/tombombadil/TOMBOMBADIL8920
8921	group_12036	/Users/sanchezh/Desktop/tombombadil/TOMBOMBADIL8921
8922	group_12034	/Users/sanchezh/Desktop/tombombadil/TOMBOMBADIL8922
8923	group_12017	/Users/sanchezh/Desktop/tombombadil/TOMBOMBADIL8923
8924	group_12009	/Users/sanchezh/Desktop/tombombadil/TOMBOMBADIL8924
8925	group_11999	/Users/sanchezh/Desktop/tombombadil/TOMBOMBADIL8925
8926	group_11987	/Users/sanchezh/Desktop/tombombadil/TOMBOMBADIL8926
8927	group_11976	/Users/sanchezh/Desktop/tombombadil/TOMBOMBADIL8927
8928	group_11961	/Users/sanchezh/Desktop/tombombadil/TOMBOMBADIL8928
8929	recX	/Users/sanchezh/Desktop/tombombadil/TOMBOMBADIL8929
8930	group_11948	/Users/sanchezh/Desktop/tombombadil/TOMBOMBADIL8930
8931	group_11941	/Users/sanchezh/Desktop/tombombadil/TOMBOMBADIL8931
8932	group_11933	/Users/sanchezh/Desktop/tombombadil/TOMBOMBADIL8932
8933	group_11895	/Users/sanchezh/Desktop/tombombadil/TOMBOMBADIL8933
8934	group_11894	/Users/sanchezh/Desktop/tombombadil/TOMBOMBADIL8934
8935	group_11889	/Users/sanchezh/Desktop/tombombadil/TOMBOMBADIL8935
8936	group_11875	/Users/sanchezh/Desktop/tombombadil/TOMBOMBADIL8936
8937	group_11862	/Users/sanchezh/Desktop/tombombadil/TOMBOMBADIL8937
8938	group_11860	/Users/sanchezh/Desktop/tombombadil/TOMBOMBADIL8938
8939	group_11840	/Users/sanchezh/Desktop/tombombadil/TOMBOMBADIL8939
8940	group_11830	/Users/sanchezh/Desktop/tombombadil/TOMBOMBADIL8940
8941	group_11828	/Users/sanchezh/Desktop/tombombadil/TOMBOMBADIL8941
8942	group_11809	/Users/sanchezh/Desktop/tombombadil/TOMBOMBADIL8942
8943	group_11807	/Users/sanchezh/Desktop/tombombadil/TOMBOMBADIL8943
8944	group_11806	/Users/sanchezh/Desktop/tombombadil/TOMBOMBADIL8944
8945	group_11776	/Users/sanchezh/Desktop/tombombadil/TOMBOMBADIL8945
8946	group_11759	/Users/sanchezh/Desktop/tombombadil/TOMBOMBADIL8946
8947	group_11757	/Users/sanchezh/Desktop/tombombadil/TOMBOMBADIL8947
8948	group_11749	/Users/sanchezh/Desktop/tombombadil/TOMBOMBADIL8948
8949	group_11748	/Users/sanchezh/Desktop/tombombadil/TOMBOMBADIL8949
8950	group_11735	/Users/sanchezh/Desktop/tombombadil/TOMBOMBADIL8950
8951	group_11722	/Users/sanchezh/Desktop/tombombadil/TOMBOMBADIL8951
8952	group_11721	/Users/sanchezh/Desktop/tombombadil/TOMBOMBADIL8952
8953	group_11715	/Users/sanchezh/Desktop/tombombadil/TOMBOMBADIL8953
8954	group_11709	/Users/sanchezh/Desktop/tombombadil/TOMBOMBADIL8954
8955	group_11693	/Users/sanchezh/Desktop/tombombadil/TOMBOMBADIL8955
8956	group_11692	/Users/sanchezh/Desktop/tombombadil/TOMBOMBADIL8956
8957	group_11689	/Users/sanchezh/Desktop/tombombadil/TOMBOMBADIL8957
8958	group_11683	/Users/sanchezh/Desktop/tombombadil/TOMBOMBADIL8958
8959	group_11673	/Users/sanchezh/Desktop/tombombadil/TOMBOMBADIL8959
8960	group_11671	/Users/sanchezh/Desktop/tombombadil/TOMBOMBADIL8960
8961	group_11670	/Users/sanchezh/Desktop/tombombadil/TOMBOMBADIL8961
8962	group_11669	/Users/sanchezh/Desktop/tombombadil/TOMBOMBADIL8962
8963	group_11668	/Users/sanchezh/Desktop/tombombadil/TOMBOMBADIL8963
8964	group_11659	/Users/sanchezh/Desktop/tombombadil/TOMBOMBADIL8964
8965	group_11649	/Users/sanchezh/Desktop/tombombadil/TOMBOMBADIL8965
8966	group_11609	/Users/sanchezh/Desktop/tombombadil/TOMBOMBADIL8966
8967	group_11608	/Users/sanchezh/Desktop/tombombadil/TOMBOMBADIL8967
8968	group_11589	/Users/sanchezh/Desktop/tombombadil/TOMBOMBADIL8968
8969	group_11581	/Users/sanchezh/Desktop/tombombadil/TOMBOMBADIL8969
8970	group_11571	/Users/sanchezh/Desktop/tombombadil/TOMBOMBADIL8970
8971	group_11555	/Users/sanchezh/Desktop/tombombadil/TOMBOMBADIL8971
8972	group_11554	/Users/sanchezh/Desktop/tombombadil/TOMBOMBADIL8972
8973	group_11538	/Users/sanchezh/Desktop/tombombadil/TOMBOMBADIL8973
8974	group_11536	/Users/sanchezh/Desktop/tombombadil/TOMBOMBADIL8974
8975	group_11514	/Users/sanchezh/Desktop/tombombadil/TOMBOMBADIL8975
8976	group_11500	/Users/sanchezh/Desktop/tombombadil/TOMBOMBADIL8976
8977	group_11499	/Users/sanchezh/Desktop/tombombadil/TOMBOMBADIL8977
8978	group_11490	/Users/sanchezh/Desktop/tombombadil/TOMBOMBADIL8978
8979	group_11489	/Users/sanchezh/Desktop/tombombadil/TOMBOMBADIL8979
8980	group_11485	/Users/sanchezh/Desktop/tombombadil/TOMBOMBADIL8980
8981	group_11481	/Users/sanchezh/Desktop/tombombadil/TOMBOMBADIL8981
8982	group_11470	/Users/sanchezh/Desktop/tombombadil/TOMBOMBADIL8982
8983	group_11454	/Users/sanchezh/Desktop/tombombadil/TOMBOMBADIL8983
8984	group_11452	/Users/sanchezh/Desktop/tombombadil/TOMBOMBADIL8984
8985	group_11407	/Users/sanchezh/Desktop/tombombadil/TOMBOMBADIL8985
8986	group_11406	/Users/sanchezh/Desktop/tombombadil/TOMBOMBADIL8986
8987	group_11405	/Users/sanchezh/Desktop/tombombadil/TOMBOMBADIL8987
8988	group_11404	/Users/sanchezh/Desktop/tombombadil/TOMBOMBADIL8988
8989	group_11374	/Users/sanchezh/Desktop/tombombadil/TOMBOMBADIL8989
8990	group_11365	/Users/sanchezh/Desktop/tombombadil/TOMBOMBADIL8990
8991	group_11359	/Users/sanchezh/Desktop/tombombadil/TOMBOMBADIL8991
8992	thsB	/Users/sanchezh/Desktop/tombombadil/TOMBOMBADIL8992
8993	group_11336	/Users/sanchezh/Desktop/tombombadil/TOMBOMBADIL8993
8994	group_11335	/Users/sanchezh/Desktop/tombombadil/TOMBOMBADIL8994
8995	group_11327	/Users/sanchezh/Desktop/tombombadil/TOMBOMBADIL8995
8996	group_11319	/Users/sanchezh/Desktop/tombombadil/TOMBOMBADIL8996
8997	group_11305	/Users/sanchezh/Desktop/tombombadil/TOMBOMBADIL8997
8998	group_11295	/Users/sanchezh/Desktop/tombombadil/TOMBOMBADIL8998
8999	group_11294	/Users/sanchezh/Desktop/tombombadil/TOMBOMBADIL8999
9000	group_11292	/Users/sanchezh/Desktop/tombombadil/TOMBOMBADIL9000
9001	group_11278	/Users/sanchezh/Desktop/tombombadil/TOMBOMBADIL9001
9002	group_11275	/Users/sanchezh/Desktop/tombombadil/TOMBOMBADIL9002
9003	group_11271	/Users/sanchezh/Desktop/tombombadil/TOMBOMBADIL9003
9004	group_11257	/Users/sanchezh/Desktop/tombombadil/TOMBOMBADIL9004
9005	group_11249	/Users/sanchezh/Desktop/tombombadil/TOMBOMBADIL9005
9006	group_11248	/Users/sanchezh/Desktop/tombombadil/TOMBOMBADIL9006
9007	group_11246	/Users/sanchezh/Desktop/tombombadil/TOMBOMBADIL9007
9008	group_11240	/Users/sanchezh/Desktop/tombombadil/TOMBOMBADIL9008
9009	group_11188	/Users/sanchezh/Desktop/tombombadil/TOMBOMBADIL9009
9010	group_11168	/Users/sanchezh/Desktop/tombombadil/TOMBOMBADIL9010
9011	group_11167	/Users/sanchezh/Desktop/tombombadil/TOMBOMBADIL9011
9012	group_11166	/Users/sanchezh/Desktop/tombombadil/TOMBOMBADIL9012
9013	group_11140	/Users/sanchezh/Desktop/tombombadil/TOMBOMBADIL9013
9014	group_11125	/Users/sanchezh/Desktop/tombombadil/TOMBOMBADIL9014
9015	group_11113	/Users/sanchezh/Desktop/tombombadil/TOMBOMBADIL9015
9016	group_11090	/Users/sanchezh/Desktop/tombombadil/TOMBOMBADIL9016
9017	group_11089	/Users/sanchezh/Desktop/tombombadil/TOMBOMBADIL9017
9018	group_11088	/Users/sanchezh/Desktop/tombombadil/TOMBOMBADIL9018
9019	group_11087	/Users/sanchezh/Desktop/tombombadil/TOMBOMBADIL9019
9020	group_11086	/Users/sanchezh/Desktop/tombombadil/TOMBOMBADIL9020
9021	group_11056	/Users/sanchezh/Desktop/tombombadil/TOMBOMBADIL9021
9022	group_11046	/Users/sanchezh/Desktop/tombombadil/TOMBOMBADIL9022
9023	group_11045	/Users/sanchezh/Desktop/tombombadil/TOMBOMBADIL9023
9024	group_11042	/Users/sanchezh/Desktop/tombombadil/TOMBOMBADIL9024
9025	group_11034	/Users/sanchezh/Desktop/tombombadil/TOMBOMBADIL9025
9026	group_11033	/Users/sanchezh/Desktop/tombombadil/TOMBOMBADIL9026
9027	group_11032	/Users/sanchezh/Desktop/tombombadil/TOMBOMBADIL9027
9028	group_11031	/Users/sanchezh/Desktop/tombombadil/TOMBOMBADIL9028
9029	group_11030	/Users/sanchezh/Desktop/tombombadil/TOMBOMBADIL9029
9030	group_11001	/Users/sanchezh/Desktop/tombombadil/TOMBOMBADIL9030
9031	group_10996	/Users/sanchezh/Desktop/tombombadil/TOMBOMBADIL9031
9032	group_10967	/Users/sanchezh/Desktop/tombombadil/TOMBOMBADIL9032
9033	group_10966	/Users/sanchezh/Desktop/tombombadil/TOMBOMBADIL9033
9034	group_10965	/Users/sanchezh/Desktop/tombombadil/TOMBOMBADIL9034
9035	group_10958	/Users/sanchezh/Desktop/tombombadil/TOMBOMBADIL9035
9036	group_10954	/Users/sanchezh/Desktop/tombombadil/TOMBOMBADIL9036
9037	group_10945	/Users/sanchezh/Desktop/tombombadil/TOMBOMBADIL9037
9038	group_10944	/Users/sanchezh/Desktop/tombombadil/TOMBOMBADIL9038
9039	group_10942	/Users/sanchezh/Desktop/tombombadil/TOMBOMBADIL9039
9040	group_10941	/Users/sanchezh/Desktop/tombombadil/TOMBOMBADIL9040
9041	group_10937	/Users/sanchezh/Desktop/tombombadil/TOMBOMBADIL9041
9042	group_10923	/Users/sanchezh/Desktop/tombombadil/TOMBOMBADIL9042
9043	group_10922	/Users/sanchezh/Desktop/tombombadil/TOMBOMBADIL9043
9044	group_10920	/Users/sanchezh/Desktop/tombombadil/TOMBOMBADIL9044
9045	group_10913	/Users/sanchezh/Desktop/tombombadil/TOMBOMBADIL9045
9046	group_10912	/Users/sanchezh/Desktop/tombombadil/TOMBOMBADIL9046
9047	group_10905	/Users/sanchezh/Desktop/tombombadil/TOMBOMBADIL9047
9048	group_10874	/Users/sanchezh/Desktop/tombombadil/TOMBOMBADIL9048
9049	group_10865	/Users/sanchezh/Desktop/tombombadil/TOMBOMBADIL9049
9050	group_10853	/Users/sanchezh/Desktop/tombombadil/TOMBOMBADIL9050
9051	group_10846	/Users/sanchezh/Desktop/tombombadil/TOMBOMBADIL9051
9052	group_10830	/Users/sanchezh/Desktop/tombombadil/TOMBOMBADIL9052
9053	group_10829	/Users/sanchezh/Desktop/tombombadil/TOMBOMBADIL9053
9054	group_10813	/Users/sanchezh/Desktop/tombombadil/TOMBOMBADIL9054
9055	group_10806	/Users/sanchezh/Desktop/tombombadil/TOMBOMBADIL9055
9056	group_10785	/Users/sanchezh/Desktop/tombombadil/TOMBOMBADIL9056
9057	group_10783	/Users/sanchezh/Desktop/tombombadil/TOMBOMBADIL9057
9058	group_10775	/Users/sanchezh/Desktop/tombombadil/TOMBOMBADIL9058
9059	group_10759	/Users/sanchezh/Desktop/tombombadil/TOMBOMBADIL9059
9060	group_10735	/Users/sanchezh/Desktop/tombombadil/TOMBOMBADIL9060
9061	group_10726	/Users/sanchezh/Desktop/tombombadil/TOMBOMBADIL9061
9062	group_10724	/Users/sanchezh/Desktop/tombombadil/TOMBOMBADIL9062
9063	group_10704	/Users/sanchezh/Desktop/tombombadil/TOMBOMBADIL9063
9064	group_10683	/Users/sanchezh/Desktop/tombombadil/TOMBOMBADIL9064
9065	group_10650	/Users/sanchezh/Desktop/tombombadil/TOMBOMBADIL9065
9066	group_10648	/Users/sanchezh/Desktop/tombombadil/TOMBOMBADIL9066
9067	group_10638	/Users/sanchezh/Desktop/tombombadil/TOMBOMBADIL9067
9068	group_10635	/Users/sanchezh/Desktop/tombombadil/TOMBOMBADIL9068
9069	group_10620	/Users/sanchezh/Desktop/tombombadil/TOMBOMBADIL9069
9070	group_10615	/Users/sanchezh/Desktop/tombombadil/TOMBOMBADIL9070
9071	group_10591	/Users/sanchezh/Desktop/tombombadil/TOMBOMBADIL9071
9072	group_10580	/Users/sanchezh/Desktop/tombombadil/TOMBOMBADIL9072
9073	group_10556	/Users/sanchezh/Desktop/tombombadil/TOMBOMBADIL9073
9074	group_10555	/Users/sanchezh/Desktop/tombombadil/TOMBOMBADIL9074
9075	group_10552	/Users/sanchezh/Desktop/tombombadil/TOMBOMBADIL9075
9076	group_10547	/Users/sanchezh/Desktop/tombombadil/TOMBOMBADIL9076
9077	group_10541	/Users/sanchezh/Desktop/tombombadil/TOMBOMBADIL9077
9078	group_10540	/Users/sanchezh/Desktop/tombombadil/TOMBOMBADIL9078
9079	group_10539	/Users/sanchezh/Desktop/tombombadil/TOMBOMBADIL9079
9080	group_10536	/Users/sanchezh/Desktop/tombombadil/TOMBOMBADIL9080
9081	group_10534	/Users/sanchezh/Desktop/tombombadil/TOMBOMBADIL9081
9082	group_10527	/Users/sanchezh/Desktop/tombombadil/TOMBOMBADIL9082
9083	group_10525	/Users/sanchezh/Desktop/tombombadil/TOMBOMBADIL9083
9084	group_10521	/Users/sanchezh/Desktop/tombombadil/TOMBOMBADIL9084
9085	group_10504	/Users/sanchezh/Desktop/tombombadil/TOMBOMBADIL9085
9086	group_10503	/Users/sanchezh/Desktop/tombombadil/TOMBOMBADIL9086
9087	group_10492	/Users/sanchezh/Desktop/tombombadil/TOMBOMBADIL9087
9088	group_10485	/Users/sanchezh/Desktop/tombombadil/TOMBOMBADIL9088
9089	group_10484	/Users/sanchezh/Desktop/tombombadil/TOMBOMBADIL9089
9090	group_10480	/Users/sanchezh/Desktop/tombombadil/TOMBOMBADIL9090
9091	group_10463	/Users/sanchezh/Desktop/tombombadil/TOMBOMBADIL9091
9092	group_10458	/Users/sanchezh/Desktop/tombombadil/TOMBOMBADIL9092
9093	group_10442	/Users/sanchezh/Desktop/tombombadil/TOMBOMBADIL9093
9094	group_10441	/Users/sanchezh/Desktop/tombombadil/TOMBOMBADIL9094
9095	group_10430	/Users/sanchezh/Desktop/tombombadil/TOMBOMBADIL9095
9096	group_10422	/Users/sanchezh/Desktop/tombombadil/TOMBOMBADIL9096
9097	group_10416	/Users/sanchezh/Desktop/tombombadil/TOMBOMBADIL9097
9098	group_10414	/Users/sanchezh/Desktop/tombombadil/TOMBOMBADIL9098
9099	group_10408	/Users/sanchezh/Desktop/tombombadil/TOMBOMBADIL9099
9100	traG~~~traC	/Users/sanchezh/Desktop/tombombadil/TOMBOMBADIL9100
9101	group_10404	/Users/sanchezh/Desktop/tombombadil/TOMBOMBADIL9101
9102	group_10401	/Users/sanchezh/Desktop/tombombadil/TOMBOMBADIL9102
9103	group_10392	/Users/sanchezh/Desktop/tombombadil/TOMBOMBADIL9103
9104	group_10380	/Users/sanchezh/Desktop/tombombadil/TOMBOMBADIL9104
9105	group_10378	/Users/sanchezh/Desktop/tombombadil/TOMBOMBADIL9105
9106	group_10354	/Users/sanchezh/Desktop/tombombadil/TOMBOMBADIL9106
9107	group_10353	/Users/sanchezh/Desktop/tombombadil/TOMBOMBADIL9107
9108	group_10344	/Users/sanchezh/Desktop/tombombadil/TOMBOMBADIL9108
9109	group_10304	/Users/sanchezh/Desktop/tombombadil/TOMBOMBADIL9109
9110	group_10300	/Users/sanchezh/Desktop/tombombadil/TOMBOMBADIL9110
9111	group_10293	/Users/sanchezh/Desktop/tombombadil/TOMBOMBADIL9111
9112	group_10289	/Users/sanchezh/Desktop/tombombadil/TOMBOMBADIL9112
9113	group_10283	/Users/sanchezh/Desktop/tombombadil/TOMBOMBADIL9113
9114	group_10280	/Users/sanchezh/Desktop/tombombadil/TOMBOMBADIL9114
9115	group_10268	/Users/sanchezh/Desktop/tombombadil/TOMBOMBADIL9115
9116	group_10267	/Users/sanchezh/Desktop/tombombadil/TOMBOMBADIL9116
9117	group_10260	/Users/sanchezh/Desktop/tombombadil/TOMBOMBADIL9117
9118	group_10259	/Users/sanchezh/Desktop/tombombadil/TOMBOMBADIL9118
9119	group_10251	/Users/sanchezh/Desktop/tombombadil/TOMBOMBADIL9119
9120	group_10235	/Users/sanchezh/Desktop/tombombadil/TOMBOMBADIL9120
9121	group_10219	/Users/sanchezh/Desktop/tombombadil/TOMBOMBADIL9121
9122	group_10182	/Users/sanchezh/Desktop/tombombadil/TOMBOMBADIL9122
9123	group_10172	/Users/sanchezh/Desktop/tombombadil/TOMBOMBADIL9123
9124	group_10170	/Users/sanchezh/Desktop/tombombadil/TOMBOMBADIL9124
9125	group_10164	/Users/sanchezh/Desktop/tombombadil/TOMBOMBADIL9125
9126	group_10155	/Users/sanchezh/Desktop/tombombadil/TOMBOMBADIL9126
9127	group_10141	/Users/sanchezh/Desktop/tombombadil/TOMBOMBADIL9127
9128	group_10130	/Users/sanchezh/Desktop/tombombadil/TOMBOMBADIL9128
9129	group_10129	/Users/sanchezh/Desktop/tombombadil/TOMBOMBADIL9129
9130	group_10125	/Users/sanchezh/Desktop/tombombadil/TOMBOMBADIL9130
9131	group_10117	/Users/sanchezh/Desktop/tombombadil/TOMBOMBADIL9131
9132	group_10100	/Users/sanchezh/Desktop/tombombadil/TOMBOMBADIL9132
9133	group_10098	/Users/sanchezh/Desktop/tombombadil/TOMBOMBADIL9133
9134	group_10089	/Users/sanchezh/Desktop/tombombadil/TOMBOMBADIL9134
9135	group_10078	/Users/sanchezh/Desktop/tombombadil/TOMBOMBADIL9135
9136	group_10075	/Users/sanchezh/Desktop/tombombadil/TOMBOMBADIL9136
9137	group_10033	/Users/sanchezh/Desktop/tombombadil/TOMBOMBADIL9137
9138	group_10032	/Users/sanchezh/Desktop/tombombadil/TOMBOMBADIL9138
9139	group_10023	/Users/sanchezh/Desktop/tombombadil/TOMBOMBADIL9139
9140	group_10010	/Users/sanchezh/Desktop/tombombadil/TOMBOMBADIL9140
9141	ftsK	/Users/sanchezh/Desktop/tombombadil/TOMBOMBADIL9141
9142	group_10005	/Users/sanchezh/Desktop/tombombadil/TOMBOMBADIL9142
9143	group_9996	/Users/sanchezh/Desktop/tombombadil/TOMBOMBADIL9143
9144	group_9980	/Users/sanchezh/Desktop/tombombadil/TOMBOMBADIL9144
9145	group_9973	/Users/sanchezh/Desktop/tombombadil/TOMBOMBADIL9145
9146	group_9935	/Users/sanchezh/Desktop/tombombadil/TOMBOMBADIL9146
9147	group_9924	/Users/sanchezh/Desktop/tombombadil/TOMBOMBADIL9147
9148	group_9897	/Users/sanchezh/Desktop/tombombadil/TOMBOMBADIL9148
9149	group_9891	/Users/sanchezh/Desktop/tombombadil/TOMBOMBADIL9149
9150	group_9776	/Users/sanchezh/Desktop/tombombadil/TOMBOMBADIL9150
9151	group_9774	/Users/sanchezh/Desktop/tombombadil/TOMBOMBADIL9151
9152	group_9749	/Users/sanchezh/Desktop/tombombadil/TOMBOMBADIL9152
9153	group_9748	/Users/sanchezh/Desktop/tombombadil/TOMBOMBADIL9153
9154	group_9714	/Users/sanchezh/Desktop/tombombadil/TOMBOMBADIL9154
9155	group_9709	/Users/sanchezh/Desktop/tombombadil/TOMBOMBADIL9155
9156	group_9702	/Users/sanchezh/Desktop/tombombadil/TOMBOMBADIL9156
9157	group_9688	/Users/sanchezh/Desktop/tombombadil/TOMBOMBADIL9157
9158	group_9659	/Users/sanchezh/Desktop/tombombadil/TOMBOMBADIL9158
9159	group_9657	/Users/sanchezh/Desktop/tombombadil/TOMBOMBADIL9159
9160	group_9650	/Users/sanchezh/Desktop/tombombadil/TOMBOMBADIL9160
9161	group_9648	/Users/sanchezh/Desktop/tombombadil/TOMBOMBADIL9161
9162	group_9638	/Users/sanchezh/Desktop/tombombadil/TOMBOMBADIL9162
9163	group_9622	/Users/sanchezh/Desktop/tombombadil/TOMBOMBADIL9163
9164	group_9582	/Users/sanchezh/Desktop/tombombadil/TOMBOMBADIL9164
9165	group_9526	/Users/sanchezh/Desktop/tombombadil/TOMBOMBADIL9165
9166	group_9520	/Users/sanchezh/Desktop/tombombadil/TOMBOMBADIL9166
9167	group_9517	/Users/sanchezh/Desktop/tombombadil/TOMBOMBADIL9167
9168	group_9515	/Users/sanchezh/Desktop/tombombadil/TOMBOMBADIL9168
9169	group_9513	/Users/sanchezh/Desktop/tombombadil/TOMBOMBADIL9169
9170	group_9510	/Users/sanchezh/Desktop/tombombadil/TOMBOMBADIL9170
9171	group_9505	/Users/sanchezh/Desktop/tombombadil/TOMBOMBADIL9171
9172	group_9485	/Users/sanchezh/Desktop/tombombadil/TOMBOMBADIL9172
9173	group_9477	/Users/sanchezh/Desktop/tombombadil/TOMBOMBADIL9173
9174	group_9475	/Users/sanchezh/Desktop/tombombadil/TOMBOMBADIL9174
9175	group_9470	/Users/sanchezh/Desktop/tombombadil/TOMBOMBADIL9175
9176	group_9463	/Users/sanchezh/Desktop/tombombadil/TOMBOMBADIL9176
9177	group_9445	/Users/sanchezh/Desktop/tombombadil/TOMBOMBADIL9177
9178	group_9423	/Users/sanchezh/Desktop/tombombadil/TOMBOMBADIL9178
9179	group_9405	/Users/sanchezh/Desktop/tombombadil/TOMBOMBADIL9179
9180	group_9386	/Users/sanchezh/Desktop/tombombadil/TOMBOMBADIL9180
9181	group_9367	/Users/sanchezh/Desktop/tombombadil/TOMBOMBADIL9181
9182	group_9352	/Users/sanchezh/Desktop/tombombadil/TOMBOMBADIL9182
9183	group_9326	/Users/sanchezh/Desktop/tombombadil/TOMBOMBADIL9183
9184	group_9324	/Users/sanchezh/Desktop/tombombadil/TOMBOMBADIL9184
9185	group_9291	/Users/sanchezh/Desktop/tombombadil/TOMBOMBADIL9185
9186	group_9290	/Users/sanchezh/Desktop/tombombadil/TOMBOMBADIL9186
9187	group_9238	/Users/sanchezh/Desktop/tombombadil/TOMBOMBADIL9187
9188	fabG1	/Users/sanchezh/Desktop/tombombadil/TOMBOMBADIL9188
9189	group_9198	/Users/sanchezh/Desktop/tombombadil/TOMBOMBADIL9189
9190	group_9192	/Users/sanchezh/Desktop/tombombadil/TOMBOMBADIL9190
9191	group_9191	/Users/sanchezh/Desktop/tombombadil/TOMBOMBADIL9191
9192	group_9189	/Users/sanchezh/Desktop/tombombadil/TOMBOMBADIL9192
9193	group_9182	/Users/sanchezh/Desktop/tombombadil/TOMBOMBADIL9193
9194	group_9160	/Users/sanchezh/Desktop/tombombadil/TOMBOMBADIL9194
9195	group_9156	/Users/sanchezh/Desktop/tombombadil/TOMBOMBADIL9195
9196	group_9153	/Users/sanchezh/Desktop/tombombadil/TOMBOMBADIL9196
9197	group_9145	/Users/sanchezh/Desktop/tombombadil/TOMBOMBADIL9197
9198	group_9124	/Users/sanchezh/Desktop/tombombadil/TOMBOMBADIL9198
9199	group_9116	/Users/sanchezh/Desktop/tombombadil/TOMBOMBADIL9199
9200	group_9104	/Users/sanchezh/Desktop/tombombadil/TOMBOMBADIL9200
9201	group_9102	/Users/sanchezh/Desktop/tombombadil/TOMBOMBADIL9201
9202	group_9096	/Users/sanchezh/Desktop/tombombadil/TOMBOMBADIL9202
9203	group_9075	/Users/sanchezh/Desktop/tombombadil/TOMBOMBADIL9203
9204	group_9063	/Users/sanchezh/Desktop/tombombadil/TOMBOMBADIL9204
9205	group_9062	/Users/sanchezh/Desktop/tombombadil/TOMBOMBADIL9205
9206	group_9047	/Users/sanchezh/Desktop/tombombadil/TOMBOMBADIL9206
9207	group_9022	/Users/sanchezh/Desktop/tombombadil/TOMBOMBADIL9207
9208	group_8974	/Users/sanchezh/Desktop/tombombadil/TOMBOMBADIL9208
9209	group_8970	/Users/sanchezh/Desktop/tombombadil/TOMBOMBADIL9209
9210	group_8969	/Users/sanchezh/Desktop/tombombadil/TOMBOMBADIL9210
9211	group_8966	/Users/sanchezh/Desktop/tombombadil/TOMBOMBADIL9211
9212	group_8964	/Users/sanchezh/Desktop/tombombadil/TOMBOMBADIL9212
9213	group_8956	/Users/sanchezh/Desktop/tombombadil/TOMBOMBADIL9213
9214	group_8927	/Users/sanchezh/Desktop/tombombadil/TOMBOMBADIL9214
9215	group_8913	/Users/sanchezh/Desktop/tombombadil/TOMBOMBADIL9215
9216	group_8912	/Users/sanchezh/Desktop/tombombadil/TOMBOMBADIL9216
9217	group_8896	/Users/sanchezh/Desktop/tombombadil/TOMBOMBADIL9217
9218	group_8866	/Users/sanchezh/Desktop/tombombadil/TOMBOMBADIL9218
9219	group_8863	/Users/sanchezh/Desktop/tombombadil/TOMBOMBADIL9219
9220	group_8862	/Users/sanchezh/Desktop/tombombadil/TOMBOMBADIL9220
9221	group_8836	/Users/sanchezh/Desktop/tombombadil/TOMBOMBADIL9221
9222	group_8832	/Users/sanchezh/Desktop/tombombadil/TOMBOMBADIL9222
9223	group_8825	/Users/sanchezh/Desktop/tombombadil/TOMBOMBADIL9223
9224	group_8783	/Users/sanchezh/Desktop/tombombadil/TOMBOMBADIL9224
9225	group_8749	/Users/sanchezh/Desktop/tombombadil/TOMBOMBADIL9225
9226	group_8730	/Users/sanchezh/Desktop/tombombadil/TOMBOMBADIL9226
9227	group_8602	/Users/sanchezh/Desktop/tombombadil/TOMBOMBADIL9227
9228	group_8598	/Users/sanchezh/Desktop/tombombadil/TOMBOMBADIL9228
9229	group_8553	/Users/sanchezh/Desktop/tombombadil/TOMBOMBADIL9229
9230	group_8552	/Users/sanchezh/Desktop/tombombadil/TOMBOMBADIL9230
9231	group_8465	/Users/sanchezh/Desktop/tombombadil/TOMBOMBADIL9231
9232	group_8447	/Users/sanchezh/Desktop/tombombadil/TOMBOMBADIL9232
9233	group_8439	/Users/sanchezh/Desktop/tombombadil/TOMBOMBADIL9233
9234	group_8399	/Users/sanchezh/Desktop/tombombadil/TOMBOMBADIL9234
9235	group_8379	/Users/sanchezh/Desktop/tombombadil/TOMBOMBADIL9235
9236	group_8368	/Users/sanchezh/Desktop/tombombadil/TOMBOMBADIL9236
9237	group_8367	/Users/sanchezh/Desktop/tombombadil/TOMBOMBADIL9237
9238	group_8359	/Users/sanchezh/Desktop/tombombadil/TOMBOMBADIL9238
9239	group_8344	/Users/sanchezh/Desktop/tombombadil/TOMBOMBADIL9239
9240	group_8321	/Users/sanchezh/Desktop/tombombadil/TOMBOMBADIL9240
9241	group_8319	/Users/sanchezh/Desktop/tombombadil/TOMBOMBADIL9241
9242	group_8299	/Users/sanchezh/Desktop/tombombadil/TOMBOMBADIL9242
9243	group_8294	/Users/sanchezh/Desktop/tombombadil/TOMBOMBADIL9243
9244	group_8290	/Users/sanchezh/Desktop/tombombadil/TOMBOMBADIL9244
9245	group_8267	/Users/sanchezh/Desktop/tombombadil/TOMBOMBADIL9245
9246	group_8265	/Users/sanchezh/Desktop/tombombadil/TOMBOMBADIL9246
9247	group_8263	/Users/sanchezh/Desktop/tombombadil/TOMBOMBADIL9247
9248	group_8229	/Users/sanchezh/Desktop/tombombadil/TOMBOMBADIL9248
9249	group_8218	/Users/sanchezh/Desktop/tombombadil/TOMBOMBADIL9249
9250	group_8204	/Users/sanchezh/Desktop/tombombadil/TOMBOMBADIL9250
9251	group_8176	/Users/sanchezh/Desktop/tombombadil/TOMBOMBADIL9251
9252	group_8097	/Users/sanchezh/Desktop/tombombadil/TOMBOMBADIL9252
9253	blaMUN	/Users/sanchezh/Desktop/tombombadil/TOMBOMBADIL9253
9254	group_8055	/Users/sanchezh/Desktop/tombombadil/TOMBOMBADIL9254
9255	group_8023	/Users/sanchezh/Desktop/tombombadil/TOMBOMBADIL9255
9256	group_7990	/Users/sanchezh/Desktop/tombombadil/TOMBOMBADIL9256
9257	group_7988	/Users/sanchezh/Desktop/tombombadil/TOMBOMBADIL9257
9258	group_7976	/Users/sanchezh/Desktop/tombombadil/TOMBOMBADIL9258
9259	group_7940	/Users/sanchezh/Desktop/tombombadil/TOMBOMBADIL9259
9260	group_7937	/Users/sanchezh/Desktop/tombombadil/TOMBOMBADIL9260
9261	lpoB	/Users/sanchezh/Desktop/tombombadil/TOMBOMBADIL9261
9262	group_7890	/Users/sanchezh/Desktop/tombombadil/TOMBOMBADIL9262
9263	group_7888	/Users/sanchezh/Desktop/tombombadil/TOMBOMBADIL9263
9264	group_7887	/Users/sanchezh/Desktop/tombombadil/TOMBOMBADIL9264
9265	group_7875	/Users/sanchezh/Desktop/tombombadil/TOMBOMBADIL9265
9266	group_7848	/Users/sanchezh/Desktop/tombombadil/TOMBOMBADIL9266
9267	group_7845	/Users/sanchezh/Desktop/tombombadil/TOMBOMBADIL9267
9268	group_7844	/Users/sanchezh/Desktop/tombombadil/TOMBOMBADIL9268
9269	group_7814	/Users/sanchezh/Desktop/tombombadil/TOMBOMBADIL9269
9270	group_7805	/Users/sanchezh/Desktop/tombombadil/TOMBOMBADIL9270
9271	group_7779	/Users/sanchezh/Desktop/tombombadil/TOMBOMBADIL9271
9272	group_7774	/Users/sanchezh/Desktop/tombombadil/TOMBOMBADIL9272
9273	group_7770	/Users/sanchezh/Desktop/tombombadil/TOMBOMBADIL9273
9274	group_7766	/Users/sanchezh/Desktop/tombombadil/TOMBOMBADIL9274
9275	group_7748	/Users/sanchezh/Desktop/tombombadil/TOMBOMBADIL9275
9276	group_7739	/Users/sanchezh/Desktop/tombombadil/TOMBOMBADIL9276
9277	group_7738	/Users/sanchezh/Desktop/tombombadil/TOMBOMBADIL9277
9278	group_7724	/Users/sanchezh/Desktop/tombombadil/TOMBOMBADIL9278
9279	group_7705	/Users/sanchezh/Desktop/tombombadil/TOMBOMBADIL9279
9280	group_7702	/Users/sanchezh/Desktop/tombombadil/TOMBOMBADIL9280
9281	group_7696	/Users/sanchezh/Desktop/tombombadil/TOMBOMBADIL9281
9282	group_7695	/Users/sanchezh/Desktop/tombombadil/TOMBOMBADIL9282
9283	group_7671	/Users/sanchezh/Desktop/tombombadil/TOMBOMBADIL9283
9284	group_7660	/Users/sanchezh/Desktop/tombombadil/TOMBOMBADIL9284
9285	group_7656	/Users/sanchezh/Desktop/tombombadil/TOMBOMBADIL9285
9286	group_7655	/Users/sanchezh/Desktop/tombombadil/TOMBOMBADIL9286
9287	group_7654	/Users/sanchezh/Desktop/tombombadil/TOMBOMBADIL9287
9288	group_7649	/Users/sanchezh/Desktop/tombombadil/TOMBOMBADIL9288
9289	group_7635	/Users/sanchezh/Desktop/tombombadil/TOMBOMBADIL9289
9290	ubiA	/Users/sanchezh/Desktop/tombombadil/TOMBOMBADIL9290
9291	group_7620	/Users/sanchezh/Desktop/tombombadil/TOMBOMBADIL9291
9292	group_7619	/Users/sanchezh/Desktop/tombombadil/TOMBOMBADIL9292
9293	group_7612	/Users/sanchezh/Desktop/tombombadil/TOMBOMBADIL9293
9294	group_7604	/Users/sanchezh/Desktop/tombombadil/TOMBOMBADIL9294
9295	group_7600	/Users/sanchezh/Desktop/tombombadil/TOMBOMBADIL9295
9296	group_7589	/Users/sanchezh/Desktop/tombombadil/TOMBOMBADIL9296
9297	group_7587	/Users/sanchezh/Desktop/tombombadil/TOMBOMBADIL9297
9298	group_7574	/Users/sanchezh/Desktop/tombombadil/TOMBOMBADIL9298
9299	group_7550	/Users/sanchezh/Desktop/tombombadil/TOMBOMBADIL9299
9300	group_7540	/Users/sanchezh/Desktop/tombombadil/TOMBOMBADIL9300
9301	group_7538	/Users/sanchezh/Desktop/tombombadil/TOMBOMBADIL9301
9302	group_7531	/Users/sanchezh/Desktop/tombombadil/TOMBOMBADIL9302
9303	group_7520	/Users/sanchezh/Desktop/tombombadil/TOMBOMBADIL9303
9304	group_7515	/Users/sanchezh/Desktop/tombombadil/TOMBOMBADIL9304
9305	group_7509	/Users/sanchezh/Desktop/tombombadil/TOMBOMBADIL9305
9306	yubB	/Users/sanchezh/Desktop/tombombadil/TOMBOMBADIL9306
9307	group_7504	/Users/sanchezh/Desktop/tombombadil/TOMBOMBADIL9307
9308	group_7484	/Users/sanchezh/Desktop/tombombadil/TOMBOMBADIL9308
9309	group_7475	/Users/sanchezh/Desktop/tombombadil/TOMBOMBADIL9309
9310	group_7471	/Users/sanchezh/Desktop/tombombadil/TOMBOMBADIL9310
9311	group_7470	/Users/sanchezh/Desktop/tombombadil/TOMBOMBADIL9311
9312	group_7428	/Users/sanchezh/Desktop/tombombadil/TOMBOMBADIL9312
9313	group_7406	/Users/sanchezh/Desktop/tombombadil/TOMBOMBADIL9313
9314	group_7405	/Users/sanchezh/Desktop/tombombadil/TOMBOMBADIL9314
9315	group_7404	/Users/sanchezh/Desktop/tombombadil/TOMBOMBADIL9315
9316	group_7402	/Users/sanchezh/Desktop/tombombadil/TOMBOMBADIL9316
9317	group_7378	/Users/sanchezh/Desktop/tombombadil/TOMBOMBADIL9317
9318	group_7353	/Users/sanchezh/Desktop/tombombadil/TOMBOMBADIL9318
9319	group_7342	/Users/sanchezh/Desktop/tombombadil/TOMBOMBADIL9319
9320	group_7313	/Users/sanchezh/Desktop/tombombadil/TOMBOMBADIL9320
9321	group_7308	/Users/sanchezh/Desktop/tombombadil/TOMBOMBADIL9321
9322	group_7259	/Users/sanchezh/Desktop/tombombadil/TOMBOMBADIL9322
9323	group_7258	/Users/sanchezh/Desktop/tombombadil/TOMBOMBADIL9323
9324	group_7219	/Users/sanchezh/Desktop/tombombadil/TOMBOMBADIL9324
9325	group_7202	/Users/sanchezh/Desktop/tombombadil/TOMBOMBADIL9325
9326	group_7171	/Users/sanchezh/Desktop/tombombadil/TOMBOMBADIL9326
9327	group_7154	/Users/sanchezh/Desktop/tombombadil/TOMBOMBADIL9327
9328	group_7144	/Users/sanchezh/Desktop/tombombadil/TOMBOMBADIL9328
9329	group_7127	/Users/sanchezh/Desktop/tombombadil/TOMBOMBADIL9329
9330	group_7118	/Users/sanchezh/Desktop/tombombadil/TOMBOMBADIL9330
9331	group_7116	/Users/sanchezh/Desktop/tombombadil/TOMBOMBADIL9331
9332	group_7111	/Users/sanchezh/Desktop/tombombadil/TOMBOMBADIL9332
9333	group_7108	/Users/sanchezh/Desktop/tombombadil/TOMBOMBADIL9333
9334	group_7104	/Users/sanchezh/Desktop/tombombadil/TOMBOMBADIL9334
9335	group_7098	/Users/sanchezh/Desktop/tombombadil/TOMBOMBADIL9335
9336	group_7067	/Users/sanchezh/Desktop/tombombadil/TOMBOMBADIL9336
9337	group_7061	/Users/sanchezh/Desktop/tombombadil/TOMBOMBADIL9337
9338	brkB	/Users/sanchezh/Desktop/tombombadil/TOMBOMBADIL9338
9339	group_7057	/Users/sanchezh/Desktop/tombombadil/TOMBOMBADIL9339
9340	group_7036	/Users/sanchezh/Desktop/tombombadil/TOMBOMBADIL9340
9341	traB	/Users/sanchezh/Desktop/tombombadil/TOMBOMBADIL9341
9342	group_7027	/Users/sanchezh/Desktop/tombombadil/TOMBOMBADIL9342
9343	group_7024	/Users/sanchezh/Desktop/tombombadil/TOMBOMBADIL9343
9344	group_7021	/Users/sanchezh/Desktop/tombombadil/TOMBOMBADIL9344
9345	group_7012	/Users/sanchezh/Desktop/tombombadil/TOMBOMBADIL9345
9346	group_7003	/Users/sanchezh/Desktop/tombombadil/TOMBOMBADIL9346
9347	group_6995	/Users/sanchezh/Desktop/tombombadil/TOMBOMBADIL9347
9348	group_6994	/Users/sanchezh/Desktop/tombombadil/TOMBOMBADIL9348
9349	group_6963	/Users/sanchezh/Desktop/tombombadil/TOMBOMBADIL9349
9350	group_6956	/Users/sanchezh/Desktop/tombombadil/TOMBOMBADIL9350
9351	group_6954	/Users/sanchezh/Desktop/tombombadil/TOMBOMBADIL9351
9352	group_6953	/Users/sanchezh/Desktop/tombombadil/TOMBOMBADIL9352
9353	group_6945	/Users/sanchezh/Desktop/tombombadil/TOMBOMBADIL9353
9354	group_6915	/Users/sanchezh/Desktop/tombombadil/TOMBOMBADIL9354
9355	group_6896	/Users/sanchezh/Desktop/tombombadil/TOMBOMBADIL9355
9356	group_6862	/Users/sanchezh/Desktop/tombombadil/TOMBOMBADIL9356
9357	group_6856	/Users/sanchezh/Desktop/tombombadil/TOMBOMBADIL9357
9358	group_6797	/Users/sanchezh/Desktop/tombombadil/TOMBOMBADIL9358
9359	group_6777	/Users/sanchezh/Desktop/tombombadil/TOMBOMBADIL9359
9360	group_6769	/Users/sanchezh/Desktop/tombombadil/TOMBOMBADIL9360
9361	group_6768	/Users/sanchezh/Desktop/tombombadil/TOMBOMBADIL9361
9362	group_6758	/Users/sanchezh/Desktop/tombombadil/TOMBOMBADIL9362
9363	group_6739	/Users/sanchezh/Desktop/tombombadil/TOMBOMBADIL9363
9364	group_6702	/Users/sanchezh/Desktop/tombombadil/TOMBOMBADIL9364
9365	group_6686	/Users/sanchezh/Desktop/tombombadil/TOMBOMBADIL9365
9366	group_6677	/Users/sanchezh/Desktop/tombombadil/TOMBOMBADIL9366
9367	group_6672	/Users/sanchezh/Desktop/tombombadil/TOMBOMBADIL9367
9368	group_6670	/Users/sanchezh/Desktop/tombombadil/TOMBOMBADIL9368
9369	group_6647	/Users/sanchezh/Desktop/tombombadil/TOMBOMBADIL9369
9370	group_6639	/Users/sanchezh/Desktop/tombombadil/TOMBOMBADIL9370
9371	group_6581	/Users/sanchezh/Desktop/tombombadil/TOMBOMBADIL9371
9372	group_6551	/Users/sanchezh/Desktop/tombombadil/TOMBOMBADIL9372
9373	group_6524	/Users/sanchezh/Desktop/tombombadil/TOMBOMBADIL9373
9374	group_6522	/Users/sanchezh/Desktop/tombombadil/TOMBOMBADIL9374
9375	group_6498	/Users/sanchezh/Desktop/tombombadil/TOMBOMBADIL9375
9376	group_6496	/Users/sanchezh/Desktop/tombombadil/TOMBOMBADIL9376
9377	group_6483	/Users/sanchezh/Desktop/tombombadil/TOMBOMBADIL9377
9378	group_6446	/Users/sanchezh/Desktop/tombombadil/TOMBOMBADIL9378
9379	group_6441	/Users/sanchezh/Desktop/tombombadil/TOMBOMBADIL9379
9380	group_6414	/Users/sanchezh/Desktop/tombombadil/TOMBOMBADIL9380
9381	group_6398	/Users/sanchezh/Desktop/tombombadil/TOMBOMBADIL9381
9382	group_6364	/Users/sanchezh/Desktop/tombombadil/TOMBOMBADIL9382
9383	group_6357	/Users/sanchezh/Desktop/tombombadil/TOMBOMBADIL9383
9384	group_6335	/Users/sanchezh/Desktop/tombombadil/TOMBOMBADIL9384
9385	group_6268	/Users/sanchezh/Desktop/tombombadil/TOMBOMBADIL9385
9386	group_6266	/Users/sanchezh/Desktop/tombombadil/TOMBOMBADIL9386
9387	group_6264	/Users/sanchezh/Desktop/tombombadil/TOMBOMBADIL9387
9388	group_6263	/Users/sanchezh/Desktop/tombombadil/TOMBOMBADIL9388
9389	group_6225	/Users/sanchezh/Desktop/tombombadil/TOMBOMBADIL9389
9390	group_6211	/Users/sanchezh/Desktop/tombombadil/TOMBOMBADIL9390
9391	group_6192	/Users/sanchezh/Desktop/tombombadil/TOMBOMBADIL9391
9392	group_6151	/Users/sanchezh/Desktop/tombombadil/TOMBOMBADIL9392
9393	group_6144	/Users/sanchezh/Desktop/tombombadil/TOMBOMBADIL9393
9394	group_6141	/Users/sanchezh/Desktop/tombombadil/TOMBOMBADIL9394
9395	group_6076	/Users/sanchezh/Desktop/tombombadil/TOMBOMBADIL9395
9396	group_6044	/Users/sanchezh/Desktop/tombombadil/TOMBOMBADIL9396
9397	group_6013	/Users/sanchezh/Desktop/tombombadil/TOMBOMBADIL9397
9398	group_6007	/Users/sanchezh/Desktop/tombombadil/TOMBOMBADIL9398
9399	group_6002	/Users/sanchezh/Desktop/tombombadil/TOMBOMBADIL9399
9400	group_5998	/Users/sanchezh/Desktop/tombombadil/TOMBOMBADIL9400
9401	group_5987	/Users/sanchezh/Desktop/tombombadil/TOMBOMBADIL9401
9402	group_5967	/Users/sanchezh/Desktop/tombombadil/TOMBOMBADIL9402
9403	group_5943	/Users/sanchezh/Desktop/tombombadil/TOMBOMBADIL9403
9404	group_5927	/Users/sanchezh/Desktop/tombombadil/TOMBOMBADIL9404
9405	group_5915	/Users/sanchezh/Desktop/tombombadil/TOMBOMBADIL9405
9406	group_5880	/Users/sanchezh/Desktop/tombombadil/TOMBOMBADIL9406
9407	group_5837	/Users/sanchezh/Desktop/tombombadil/TOMBOMBADIL9407
9408	group_5826	/Users/sanchezh/Desktop/tombombadil/TOMBOMBADIL9408
9409	group_5809	/Users/sanchezh/Desktop/tombombadil/TOMBOMBADIL9409
9410	group_5770	/Users/sanchezh/Desktop/tombombadil/TOMBOMBADIL9410
9411	group_5769	/Users/sanchezh/Desktop/tombombadil/TOMBOMBADIL9411
9412	group_5764	/Users/sanchezh/Desktop/tombombadil/TOMBOMBADIL9412
9413	group_5742	/Users/sanchezh/Desktop/tombombadil/TOMBOMBADIL9413
9414	group_5729	/Users/sanchezh/Desktop/tombombadil/TOMBOMBADIL9414
9415	group_5711	/Users/sanchezh/Desktop/tombombadil/TOMBOMBADIL9415
9416	group_5697	/Users/sanchezh/Desktop/tombombadil/TOMBOMBADIL9416
9417	group_5683	/Users/sanchezh/Desktop/tombombadil/TOMBOMBADIL9417
9418	group_5673	/Users/sanchezh/Desktop/tombombadil/TOMBOMBADIL9418
9419	group_5670	/Users/sanchezh/Desktop/tombombadil/TOMBOMBADIL9419
9420	group_5669	/Users/sanchezh/Desktop/tombombadil/TOMBOMBADIL9420
9421	group_5664	/Users/sanchezh/Desktop/tombombadil/TOMBOMBADIL9421
9422	group_5643	/Users/sanchezh/Desktop/tombombadil/TOMBOMBADIL9422
9423	group_5640	/Users/sanchezh/Desktop/tombombadil/TOMBOMBADIL9423
9424	group_5632	/Users/sanchezh/Desktop/tombombadil/TOMBOMBADIL9424
9425	group_5608	/Users/sanchezh/Desktop/tombombadil/TOMBOMBADIL9425
9426	group_5595	/Users/sanchezh/Desktop/tombombadil/TOMBOMBADIL9426
9427	group_5591	/Users/sanchezh/Desktop/tombombadil/TOMBOMBADIL9427
9428	group_5574	/Users/sanchezh/Desktop/tombombadil/TOMBOMBADIL9428
9429	group_5560	/Users/sanchezh/Desktop/tombombadil/TOMBOMBADIL9429
9430	group_5548	/Users/sanchezh/Desktop/tombombadil/TOMBOMBADIL9430
9431	group_5514	/Users/sanchezh/Desktop/tombombadil/TOMBOMBADIL9431
9432	group_5513	/Users/sanchezh/Desktop/tombombadil/TOMBOMBADIL9432
9433	group_5491	/Users/sanchezh/Desktop/tombombadil/TOMBOMBADIL9433
9434	group_5490	/Users/sanchezh/Desktop/tombombadil/TOMBOMBADIL9434
9435	group_5475	/Users/sanchezh/Desktop/tombombadil/TOMBOMBADIL9435
9436	group_5466	/Users/sanchezh/Desktop/tombombadil/TOMBOMBADIL9436
9437	group_5465	/Users/sanchezh/Desktop/tombombadil/TOMBOMBADIL9437
9438	group_5450	/Users/sanchezh/Desktop/tombombadil/TOMBOMBADIL9438
9439	group_5437	/Users/sanchezh/Desktop/tombombadil/TOMBOMBADIL9439
9440	group_5430	/Users/sanchezh/Desktop/tombombadil/TOMBOMBADIL9440
9441	group_5399	/Users/sanchezh/Desktop/tombombadil/TOMBOMBADIL9441
9442	group_5387	/Users/sanchezh/Desktop/tombombadil/TOMBOMBADIL9442
9443	group_5360	/Users/sanchezh/Desktop/tombombadil/TOMBOMBADIL9443
9444	group_5303	/Users/sanchezh/Desktop/tombombadil/TOMBOMBADIL9444
9445	group_5270	/Users/sanchezh/Desktop/tombombadil/TOMBOMBADIL9445
9446	group_5262	/Users/sanchezh/Desktop/tombombadil/TOMBOMBADIL9446
9447	group_5251	/Users/sanchezh/Desktop/tombombadil/TOMBOMBADIL9447
9448	group_5250	/Users/sanchezh/Desktop/tombombadil/TOMBOMBADIL9448
9449	group_5206	/Users/sanchezh/Desktop/tombombadil/TOMBOMBADIL9449
9450	group_5167	/Users/sanchezh/Desktop/tombombadil/TOMBOMBADIL9450
9451	group_5166	/Users/sanchezh/Desktop/tombombadil/TOMBOMBADIL9451
9452	group_5165	/Users/sanchezh/Desktop/tombombadil/TOMBOMBADIL9452
9453	group_5164	/Users/sanchezh/Desktop/tombombadil/TOMBOMBADIL9453
9454	group_5154	/Users/sanchezh/Desktop/tombombadil/TOMBOMBADIL9454
9455	group_5152	/Users/sanchezh/Desktop/tombombadil/TOMBOMBADIL9455
9456	group_5136	/Users/sanchezh/Desktop/tombombadil/TOMBOMBADIL9456
9457	group_5134	/Users/sanchezh/Desktop/tombombadil/TOMBOMBADIL9457
9458	group_5132	/Users/sanchezh/Desktop/tombombadil/TOMBOMBADIL9458
9459	traL	/Users/sanchezh/Desktop/tombombadil/TOMBOMBADIL9459
9460	group_5116	/Users/sanchezh/Desktop/tombombadil/TOMBOMBADIL9460
9461	group_5111	/Users/sanchezh/Desktop/tombombadil/TOMBOMBADIL9461
9462	group_5106	/Users/sanchezh/Desktop/tombombadil/TOMBOMBADIL9462
9463	group_5104	/Users/sanchezh/Desktop/tombombadil/TOMBOMBADIL9463
9464	group_5095	/Users/sanchezh/Desktop/tombombadil/TOMBOMBADIL9464
9465	group_5094	/Users/sanchezh/Desktop/tombombadil/TOMBOMBADIL9465
9466	group_5092	/Users/sanchezh/Desktop/tombombadil/TOMBOMBADIL9466
9467	group_5091	/Users/sanchezh/Desktop/tombombadil/TOMBOMBADIL9467
9468	group_5084	/Users/sanchezh/Desktop/tombombadil/TOMBOMBADIL9468
9469	group_5076	/Users/sanchezh/Desktop/tombombadil/TOMBOMBADIL9469
9470	mdtK	/Users/sanchezh/Desktop/tombombadil/TOMBOMBADIL9470
9471	group_5048	/Users/sanchezh/Desktop/tombombadil/TOMBOMBADIL9471
9472	group_5030	/Users/sanchezh/Desktop/tombombadil/TOMBOMBADIL9472
9473	group_5025	/Users/sanchezh/Desktop/tombombadil/TOMBOMBADIL9473
9474	group_5024	/Users/sanchezh/Desktop/tombombadil/TOMBOMBADIL9474
9475	group_5021	/Users/sanchezh/Desktop/tombombadil/TOMBOMBADIL9475
9476	group_5018	/Users/sanchezh/Desktop/tombombadil/TOMBOMBADIL9476
9477	group_5006	/Users/sanchezh/Desktop/tombombadil/TOMBOMBADIL9477
9478	group_5002	/Users/sanchezh/Desktop/tombombadil/TOMBOMBADIL9478
9479	group_4965	/Users/sanchezh/Desktop/tombombadil/TOMBOMBADIL9479
9480	group_4961	/Users/sanchezh/Desktop/tombombadil/TOMBOMBADIL9480
9481	group_4960	/Users/sanchezh/Desktop/tombombadil/TOMBOMBADIL9481
9482	group_4951	/Users/sanchezh/Desktop/tombombadil/TOMBOMBADIL9482
9483	group_4946	/Users/sanchezh/Desktop/tombombadil/TOMBOMBADIL9483
9484	group_4940	/Users/sanchezh/Desktop/tombombadil/TOMBOMBADIL9484
9485	group_4938	/Users/sanchezh/Desktop/tombombadil/TOMBOMBADIL9485
9486	group_4933	/Users/sanchezh/Desktop/tombombadil/TOMBOMBADIL9486
9487	group_4928	/Users/sanchezh/Desktop/tombombadil/TOMBOMBADIL9487
9488	group_4906	/Users/sanchezh/Desktop/tombombadil/TOMBOMBADIL9488
9489	group_4900	/Users/sanchezh/Desktop/tombombadil/TOMBOMBADIL9489
9490	group_4884	/Users/sanchezh/Desktop/tombombadil/TOMBOMBADIL9490
9491	group_4881	/Users/sanchezh/Desktop/tombombadil/TOMBOMBADIL9491
9492	rloB	/Users/sanchezh/Desktop/tombombadil/TOMBOMBADIL9492
9493	group_4861	/Users/sanchezh/Desktop/tombombadil/TOMBOMBADIL9493
9494	group_4842	/Users/sanchezh/Desktop/tombombadil/TOMBOMBADIL9494
9495	group_4839	/Users/sanchezh/Desktop/tombombadil/TOMBOMBADIL9495
9496	group_4833	/Users/sanchezh/Desktop/tombombadil/TOMBOMBADIL9496
9497	group_4827	/Users/sanchezh/Desktop/tombombadil/TOMBOMBADIL9497
9498	group_4810	/Users/sanchezh/Desktop/tombombadil/TOMBOMBADIL9498
9499	group_4803	/Users/sanchezh/Desktop/tombombadil/TOMBOMBADIL9499
9500	group_4802	/Users/sanchezh/Desktop/tombombadil/TOMBOMBADIL9500
9501	group_4777	/Users/sanchezh/Desktop/tombombadil/TOMBOMBADIL9501
9502	group_4775	/Users/sanchezh/Desktop/tombombadil/TOMBOMBADIL9502
9503	group_4774	/Users/sanchezh/Desktop/tombombadil/TOMBOMBADIL9503
9504	group_4773	/Users/sanchezh/Desktop/tombombadil/TOMBOMBADIL9504
9505	group_4765	/Users/sanchezh/Desktop/tombombadil/TOMBOMBADIL9505
9506	group_4741	/Users/sanchezh/Desktop/tombombadil/TOMBOMBADIL9506
9507	group_4739	/Users/sanchezh/Desktop/tombombadil/TOMBOMBADIL9507
9508	group_4734	/Users/sanchezh/Desktop/tombombadil/TOMBOMBADIL9508
9509	group_4714	/Users/sanchezh/Desktop/tombombadil/TOMBOMBADIL9509
9510	group_4709	/Users/sanchezh/Desktop/tombombadil/TOMBOMBADIL9510
9511	group_4708	/Users/sanchezh/Desktop/tombombadil/TOMBOMBADIL9511
9512	group_4704	/Users/sanchezh/Desktop/tombombadil/TOMBOMBADIL9512
9513	group_4687	/Users/sanchezh/Desktop/tombombadil/TOMBOMBADIL9513
9514	group_4680	/Users/sanchezh/Desktop/tombombadil/TOMBOMBADIL9514
9515	group_4661	/Users/sanchezh/Desktop/tombombadil/TOMBOMBADIL9515
9516	group_4649	/Users/sanchezh/Desktop/tombombadil/TOMBOMBADIL9516
9517	group_4645	/Users/sanchezh/Desktop/tombombadil/TOMBOMBADIL9517
9518	group_4643	/Users/sanchezh/Desktop/tombombadil/TOMBOMBADIL9518
9519	group_4621	/Users/sanchezh/Desktop/tombombadil/TOMBOMBADIL9519
9520	group_4618	/Users/sanchezh/Desktop/tombombadil/TOMBOMBADIL9520
9521	group_4608	/Users/sanchezh/Desktop/tombombadil/TOMBOMBADIL9521
9522	group_4601	/Users/sanchezh/Desktop/tombombadil/TOMBOMBADIL9522
9523	group_4600	/Users/sanchezh/Desktop/tombombadil/TOMBOMBADIL9523
9524	group_4596	/Users/sanchezh/Desktop/tombombadil/TOMBOMBADIL9524
9525	group_4584	/Users/sanchezh/Desktop/tombombadil/TOMBOMBADIL9525
9526	group_4570	/Users/sanchezh/Desktop/tombombadil/TOMBOMBADIL9526
9527	group_4551	/Users/sanchezh/Desktop/tombombadil/TOMBOMBADIL9527
9528	group_4527	/Users/sanchezh/Desktop/tombombadil/TOMBOMBADIL9528
9529	group_4488	/Users/sanchezh/Desktop/tombombadil/TOMBOMBADIL9529
9530	group_4487	/Users/sanchezh/Desktop/tombombadil/TOMBOMBADIL9530
9531	group_4451	/Users/sanchezh/Desktop/tombombadil/TOMBOMBADIL9531
9532	group_4435	/Users/sanchezh/Desktop/tombombadil/TOMBOMBADIL9532
9533	group_4433	/Users/sanchezh/Desktop/tombombadil/TOMBOMBADIL9533
9534	group_4432	/Users/sanchezh/Desktop/tombombadil/TOMBOMBADIL9534
9535	group_4423	/Users/sanchezh/Desktop/tombombadil/TOMBOMBADIL9535
9536	group_4417	/Users/sanchezh/Desktop/tombombadil/TOMBOMBADIL9536
9537	group_4402	/Users/sanchezh/Desktop/tombombadil/TOMBOMBADIL9537
9538	group_4400	/Users/sanchezh/Desktop/tombombadil/TOMBOMBADIL9538
9539	group_4391	/Users/sanchezh/Desktop/tombombadil/TOMBOMBADIL9539
9540	group_4367	/Users/sanchezh/Desktop/tombombadil/TOMBOMBADIL9540
9541	group_4366	/Users/sanchezh/Desktop/tombombadil/TOMBOMBADIL9541
9542	group_4364	/Users/sanchezh/Desktop/tombombadil/TOMBOMBADIL9542
9543	group_4362	/Users/sanchezh/Desktop/tombombadil/TOMBOMBADIL9543
9544	group_4360	/Users/sanchezh/Desktop/tombombadil/TOMBOMBADIL9544
9545	group_4349	/Users/sanchezh/Desktop/tombombadil/TOMBOMBADIL9545
9546	group_4348	/Users/sanchezh/Desktop/tombombadil/TOMBOMBADIL9546
9547	group_4340	/Users/sanchezh/Desktop/tombombadil/TOMBOMBADIL9547
9548	group_4329	/Users/sanchezh/Desktop/tombombadil/TOMBOMBADIL9548
9549	group_4302	/Users/sanchezh/Desktop/tombombadil/TOMBOMBADIL9549
9550	group_4271	/Users/sanchezh/Desktop/tombombadil/TOMBOMBADIL9550
9551	group_4270	/Users/sanchezh/Desktop/tombombadil/TOMBOMBADIL9551
9552	group_4254	/Users/sanchezh/Desktop/tombombadil/TOMBOMBADIL9552
9553	group_4239	/Users/sanchezh/Desktop/tombombadil/TOMBOMBADIL9553
9554	group_4235	/Users/sanchezh/Desktop/tombombadil/TOMBOMBADIL9554
9555	group_4231	/Users/sanchezh/Desktop/tombombadil/TOMBOMBADIL9555
9556	group_4217	/Users/sanchezh/Desktop/tombombadil/TOMBOMBADIL9556
9557	group_4212	/Users/sanchezh/Desktop/tombombadil/TOMBOMBADIL9557
9558	group_4204	/Users/sanchezh/Desktop/tombombadil/TOMBOMBADIL9558
9559	group_4196	/Users/sanchezh/Desktop/tombombadil/TOMBOMBADIL9559
9560	group_4180	/Users/sanchezh/Desktop/tombombadil/TOMBOMBADIL9560
9561	group_4175	/Users/sanchezh/Desktop/tombombadil/TOMBOMBADIL9561
9562	group_4159	/Users/sanchezh/Desktop/tombombadil/TOMBOMBADIL9562
9563	group_4158	/Users/sanchezh/Desktop/tombombadil/TOMBOMBADIL9563
9564	group_4148	/Users/sanchezh/Desktop/tombombadil/TOMBOMBADIL9564
9565	group_4147	/Users/sanchezh/Desktop/tombombadil/TOMBOMBADIL9565
9566	group_4128	/Users/sanchezh/Desktop/tombombadil/TOMBOMBADIL9566
9567	group_4127	/Users/sanchezh/Desktop/tombombadil/TOMBOMBADIL9567
9568	group_4100	/Users/sanchezh/Desktop/tombombadil/TOMBOMBADIL9568
9569	group_4096	/Users/sanchezh/Desktop/tombombadil/TOMBOMBADIL9569
9570	group_4072	/Users/sanchezh/Desktop/tombombadil/TOMBOMBADIL9570
9571	group_4070	/Users/sanchezh/Desktop/tombombadil/TOMBOMBADIL9571
9572	group_4068	/Users/sanchezh/Desktop/tombombadil/TOMBOMBADIL9572
9573	group_4067	/Users/sanchezh/Desktop/tombombadil/TOMBOMBADIL9573
9574	group_4064	/Users/sanchezh/Desktop/tombombadil/TOMBOMBADIL9574
9575	group_4058	/Users/sanchezh/Desktop/tombombadil/TOMBOMBADIL9575
9576	group_4041	/Users/sanchezh/Desktop/tombombadil/TOMBOMBADIL9576
9577	group_4037	/Users/sanchezh/Desktop/tombombadil/TOMBOMBADIL9577
9578	group_4034	/Users/sanchezh/Desktop/tombombadil/TOMBOMBADIL9578
9579	group_3984	/Users/sanchezh/Desktop/tombombadil/TOMBOMBADIL9579
9580	group_3980	/Users/sanchezh/Desktop/tombombadil/TOMBOMBADIL9580
9581	group_3973	/Users/sanchezh/Desktop/tombombadil/TOMBOMBADIL9581
9582	group_3966	/Users/sanchezh/Desktop/tombombadil/TOMBOMBADIL9582
9583	group_3956	/Users/sanchezh/Desktop/tombombadil/TOMBOMBADIL9583
9584	group_3933	/Users/sanchezh/Desktop/tombombadil/TOMBOMBADIL9584
9585	group_3932	/Users/sanchezh/Desktop/tombombadil/TOMBOMBADIL9585
9586	group_3931	/Users/sanchezh/Desktop/tombombadil/TOMBOMBADIL9586
9587	group_3928	/Users/sanchezh/Desktop/tombombadil/TOMBOMBADIL9587
9588	group_3910	/Users/sanchezh/Desktop/tombombadil/TOMBOMBADIL9588
9589	group_3908	/Users/sanchezh/Desktop/tombombadil/TOMBOMBADIL9589
9590	group_3901	/Users/sanchezh/Desktop/tombombadil/TOMBOMBADIL9590
9591	group_3896	/Users/sanchezh/Desktop/tombombadil/TOMBOMBADIL9591
9592	group_3858	/Users/sanchezh/Desktop/tombombadil/TOMBOMBADIL9592
9593	group_3840	/Users/sanchezh/Desktop/tombombadil/TOMBOMBADIL9593
9594	group_3839	/Users/sanchezh/Desktop/tombombadil/TOMBOMBADIL9594
9595	group_3834	/Users/sanchezh/Desktop/tombombadil/TOMBOMBADIL9595
9596	group_3832	/Users/sanchezh/Desktop/tombombadil/TOMBOMBADIL9596
9597	group_3827	/Users/sanchezh/Desktop/tombombadil/TOMBOMBADIL9597
9598	group_3818	/Users/sanchezh/Desktop/tombombadil/TOMBOMBADIL9598
9599	group_3817	/Users/sanchezh/Desktop/tombombadil/TOMBOMBADIL9599
9600	group_3809	/Users/sanchezh/Desktop/tombombadil/TOMBOMBADIL9600
9601	group_3802	/Users/sanchezh/Desktop/tombombadil/TOMBOMBADIL9601
9602	group_3785	/Users/sanchezh/Desktop/tombombadil/TOMBOMBADIL9602
9603	group_3781	/Users/sanchezh/Desktop/tombombadil/TOMBOMBADIL9603
9604	group_3764	/Users/sanchezh/Desktop/tombombadil/TOMBOMBADIL9604
9605	group_3736	/Users/sanchezh/Desktop/tombombadil/TOMBOMBADIL9605
9606	group_3735	/Users/sanchezh/Desktop/tombombadil/TOMBOMBADIL9606
9607	group_3730	/Users/sanchezh/Desktop/tombombadil/TOMBOMBADIL9607
9608	group_3710	/Users/sanchezh/Desktop/tombombadil/TOMBOMBADIL9608
9609	group_3702	/Users/sanchezh/Desktop/tombombadil/TOMBOMBADIL9609
9610	group_3673	/Users/sanchezh/Desktop/tombombadil/TOMBOMBADIL9610
9611	group_3665	/Users/sanchezh/Desktop/tombombadil/TOMBOMBADIL9611
9612	group_3629	/Users/sanchezh/Desktop/tombombadil/TOMBOMBADIL9612
9613	group_3626	/Users/sanchezh/Desktop/tombombadil/TOMBOMBADIL9613
9614	group_3572	/Users/sanchezh/Desktop/tombombadil/TOMBOMBADIL9614
9615	group_3563	/Users/sanchezh/Desktop/tombombadil/TOMBOMBADIL9615
9616	group_3546	/Users/sanchezh/Desktop/tombombadil/TOMBOMBADIL9616
9617	group_3532	/Users/sanchezh/Desktop/tombombadil/TOMBOMBADIL9617
9618	group_3527	/Users/sanchezh/Desktop/tombombadil/TOMBOMBADIL9618
9619	group_3525	/Users/sanchezh/Desktop/tombombadil/TOMBOMBADIL9619
9620	group_3512	/Users/sanchezh/Desktop/tombombadil/TOMBOMBADIL9620
9621	group_3501	/Users/sanchezh/Desktop/tombombadil/TOMBOMBADIL9621
9622	group_3497	/Users/sanchezh/Desktop/tombombadil/TOMBOMBADIL9622
9623	group_3491	/Users/sanchezh/Desktop/tombombadil/TOMBOMBADIL9623
9624	group_3483	/Users/sanchezh/Desktop/tombombadil/TOMBOMBADIL9624
9625	group_3480	/Users/sanchezh/Desktop/tombombadil/TOMBOMBADIL9625
9626	group_3467	/Users/sanchezh/Desktop/tombombadil/TOMBOMBADIL9626
9627	group_3450	/Users/sanchezh/Desktop/tombombadil/TOMBOMBADIL9627
9628	group_3421	/Users/sanchezh/Desktop/tombombadil/TOMBOMBADIL9628
9629	group_3418	/Users/sanchezh/Desktop/tombombadil/TOMBOMBADIL9629
9630	group_3415	/Users/sanchezh/Desktop/tombombadil/TOMBOMBADIL9630
9631	group_3404	/Users/sanchezh/Desktop/tombombadil/TOMBOMBADIL9631
9632	group_3403	/Users/sanchezh/Desktop/tombombadil/TOMBOMBADIL9632
9633	group_3395	/Users/sanchezh/Desktop/tombombadil/TOMBOMBADIL9633
9634	group_3392	/Users/sanchezh/Desktop/tombombadil/TOMBOMBADIL9634
9635	group_3382	/Users/sanchezh/Desktop/tombombadil/TOMBOMBADIL9635
9636	group_3367	/Users/sanchezh/Desktop/tombombadil/TOMBOMBADIL9636
9637	group_3364	/Users/sanchezh/Desktop/tombombadil/TOMBOMBADIL9637
9638	group_3331	/Users/sanchezh/Desktop/tombombadil/TOMBOMBADIL9638
9639	group_3326	/Users/sanchezh/Desktop/tombombadil/TOMBOMBADIL9639
9640	group_3314	/Users/sanchezh/Desktop/tombombadil/TOMBOMBADIL9640
9641	group_3312	/Users/sanchezh/Desktop/tombombadil/TOMBOMBADIL9641
9642	group_3310	/Users/sanchezh/Desktop/tombombadil/TOMBOMBADIL9642
9643	group_3299	/Users/sanchezh/Desktop/tombombadil/TOMBOMBADIL9643
9644	group_3294	/Users/sanchezh/Desktop/tombombadil/TOMBOMBADIL9644
9645	group_3270	/Users/sanchezh/Desktop/tombombadil/TOMBOMBADIL9645
9646	group_3256	/Users/sanchezh/Desktop/tombombadil/TOMBOMBADIL9646
9647	group_3248	/Users/sanchezh/Desktop/tombombadil/TOMBOMBADIL9647
9648	group_3232	/Users/sanchezh/Desktop/tombombadil/TOMBOMBADIL9648
9649	group_3198	/Users/sanchezh/Desktop/tombombadil/TOMBOMBADIL9649
9650	group_3195	/Users/sanchezh/Desktop/tombombadil/TOMBOMBADIL9650
9651	group_3187	/Users/sanchezh/Desktop/tombombadil/TOMBOMBADIL9651
9652	group_3182	/Users/sanchezh/Desktop/tombombadil/TOMBOMBADIL9652
9653	group_3169	/Users/sanchezh/Desktop/tombombadil/TOMBOMBADIL9653
9654	group_3167	/Users/sanchezh/Desktop/tombombadil/TOMBOMBADIL9654
9655	group_3166	/Users/sanchezh/Desktop/tombombadil/TOMBOMBADIL9655
9656	group_3157	/Users/sanchezh/Desktop/tombombadil/TOMBOMBADIL9656
9657	group_3154	/Users/sanchezh/Desktop/tombombadil/TOMBOMBADIL9657
9658	group_3145	/Users/sanchezh/Desktop/tombombadil/TOMBOMBADIL9658
9659	group_3116	/Users/sanchezh/Desktop/tombombadil/TOMBOMBADIL9659
9660	group_3115	/Users/sanchezh/Desktop/tombombadil/TOMBOMBADIL9660
9661	group_3114	/Users/sanchezh/Desktop/tombombadil/TOMBOMBADIL9661
9662	group_3113	/Users/sanchezh/Desktop/tombombadil/TOMBOMBADIL9662
9663	group_3111	/Users/sanchezh/Desktop/tombombadil/TOMBOMBADIL9663
9664	group_3109	/Users/sanchezh/Desktop/tombombadil/TOMBOMBADIL9664
9665	group_3108	/Users/sanchezh/Desktop/tombombadil/TOMBOMBADIL9665
9666	group_3104	/Users/sanchezh/Desktop/tombombadil/TOMBOMBADIL9666
9667	group_3103	/Users/sanchezh/Desktop/tombombadil/TOMBOMBADIL9667
9668	group_3101	/Users/sanchezh/Desktop/tombombadil/TOMBOMBADIL9668
9669	group_3100	/Users/sanchezh/Desktop/tombombadil/TOMBOMBADIL9669
9670	group_3099	/Users/sanchezh/Desktop/tombombadil/TOMBOMBADIL9670
9671	group_3094	/Users/sanchezh/Desktop/tombombadil/TOMBOMBADIL9671
9672	group_3080	/Users/sanchezh/Desktop/tombombadil/TOMBOMBADIL9672
9673	group_3056	/Users/sanchezh/Desktop/tombombadil/TOMBOMBADIL9673
9674	group_3053	/Users/sanchezh/Desktop/tombombadil/TOMBOMBADIL9674
9675	group_3045	/Users/sanchezh/Desktop/tombombadil/TOMBOMBADIL9675
9676	group_3041	/Users/sanchezh/Desktop/tombombadil/TOMBOMBADIL9676
9677	group_3018	/Users/sanchezh/Desktop/tombombadil/TOMBOMBADIL9677
9678	fecR	/Users/sanchezh/Desktop/tombombadil/TOMBOMBADIL9678
9679	group_3010	/Users/sanchezh/Desktop/tombombadil/TOMBOMBADIL9679
9680	group_3009	/Users/sanchezh/Desktop/tombombadil/TOMBOMBADIL9680
9681	group_3007	/Users/sanchezh/Desktop/tombombadil/TOMBOMBADIL9681
9682	group_3006	/Users/sanchezh/Desktop/tombombadil/TOMBOMBADIL9682
9683	group_3004	/Users/sanchezh/Desktop/tombombadil/TOMBOMBADIL9683
9684	rimO	/Users/sanchezh/Desktop/tombombadil/TOMBOMBADIL9684
9685	group_2975	/Users/sanchezh/Desktop/tombombadil/TOMBOMBADIL9685
9686	group_2973	/Users/sanchezh/Desktop/tombombadil/TOMBOMBADIL9686
9687	group_2972	/Users/sanchezh/Desktop/tombombadil/TOMBOMBADIL9687
9688	group_2971	/Users/sanchezh/Desktop/tombombadil/TOMBOMBADIL9688
9689	group_2970	/Users/sanchezh/Desktop/tombombadil/TOMBOMBADIL9689
9690	group_2968	/Users/sanchezh/Desktop/tombombadil/TOMBOMBADIL9690
9691	group_2966	/Users/sanchezh/Desktop/tombombadil/TOMBOMBADIL9691
9692	group_2965	/Users/sanchezh/Desktop/tombombadil/TOMBOMBADIL9692
9693	group_2964	/Users/sanchezh/Desktop/tombombadil/TOMBOMBADIL9693
9694	group_2960	/Users/sanchezh/Desktop/tombombadil/TOMBOMBADIL9694
9695	group_2958	/Users/sanchezh/Desktop/tombombadil/TOMBOMBADIL9695
9696	group_2956	/Users/sanchezh/Desktop/tombombadil/TOMBOMBADIL9696
9697	group_2955	/Users/sanchezh/Desktop/tombombadil/TOMBOMBADIL9697
9698	group_2954	/Users/sanchezh/Desktop/tombombadil/TOMBOMBADIL9698
9699	group_2949	/Users/sanchezh/Desktop/tombombadil/TOMBOMBADIL9699
9700	group_2947	/Users/sanchezh/Desktop/tombombadil/TOMBOMBADIL9700
9701	group_2946	/Users/sanchezh/Desktop/tombombadil/TOMBOMBADIL9701
9702	group_2943	/Users/sanchezh/Desktop/tombombadil/TOMBOMBADIL9702
9703	group_2931	/Users/sanchezh/Desktop/tombombadil/TOMBOMBADIL9703
9704	group_2916	/Users/sanchezh/Desktop/tombombadil/TOMBOMBADIL9704
9705	group_2914	/Users/sanchezh/Desktop/tombombadil/TOMBOMBADIL9705
9706	group_2912	/Users/sanchezh/Desktop/tombombadil/TOMBOMBADIL9706
9707	group_2909	/Users/sanchezh/Desktop/tombombadil/TOMBOMBADIL9707
9708	group_2902	/Users/sanchezh/Desktop/tombombadil/TOMBOMBADIL9708
9709	group_2896	/Users/sanchezh/Desktop/tombombadil/TOMBOMBADIL9709
9710	group_2895	/Users/sanchezh/Desktop/tombombadil/TOMBOMBADIL9710
9711	group_2894	/Users/sanchezh/Desktop/tombombadil/TOMBOMBADIL9711
9712	group_2890	/Users/sanchezh/Desktop/tombombadil/TOMBOMBADIL9712
9713	group_2888	/Users/sanchezh/Desktop/tombombadil/TOMBOMBADIL9713
9714	group_2887	/Users/sanchezh/Desktop/tombombadil/TOMBOMBADIL9714
9715	group_2885	/Users/sanchezh/Desktop/tombombadil/TOMBOMBADIL9715
9716	group_2882	/Users/sanchezh/Desktop/tombombadil/TOMBOMBADIL9716
9717	group_2881	/Users/sanchezh/Desktop/tombombadil/TOMBOMBADIL9717
9718	group_2879	/Users/sanchezh/Desktop/tombombadil/TOMBOMBADIL9718
9719	group_2878	/Users/sanchezh/Desktop/tombombadil/TOMBOMBADIL9719
9720	group_2875	/Users/sanchezh/Desktop/tombombadil/TOMBOMBADIL9720
9721	group_2872	/Users/sanchezh/Desktop/tombombadil/TOMBOMBADIL9721
9722	group_2870	/Users/sanchezh/Desktop/tombombadil/TOMBOMBADIL9722
9723	group_2867	/Users/sanchezh/Desktop/tombombadil/TOMBOMBADIL9723
9724	group_2865	/Users/sanchezh/Desktop/tombombadil/TOMBOMBADIL9724
9725	group_2859	/Users/sanchezh/Desktop/tombombadil/TOMBOMBADIL9725
9726	group_2853	/Users/sanchezh/Desktop/tombombadil/TOMBOMBADIL9726
9727	group_2845	/Users/sanchezh/Desktop/tombombadil/TOMBOMBADIL9727
9728	group_2844	/Users/sanchezh/Desktop/tombombadil/TOMBOMBADIL9728
9729	group_2843	/Users/sanchezh/Desktop/tombombadil/TOMBOMBADIL9729
9730	group_2841	/Users/sanchezh/Desktop/tombombadil/TOMBOMBADIL9730
9731	group_2840	/Users/sanchezh/Desktop/tombombadil/TOMBOMBADIL9731
9732	group_2837	/Users/sanchezh/Desktop/tombombadil/TOMBOMBADIL9732
9733	group_2836	/Users/sanchezh/Desktop/tombombadil/TOMBOMBADIL9733
9734	group_2835	/Users/sanchezh/Desktop/tombombadil/TOMBOMBADIL9734
9735	group_2834	/Users/sanchezh/Desktop/tombombadil/TOMBOMBADIL9735
9736	group_2833	/Users/sanchezh/Desktop/tombombadil/TOMBOMBADIL9736
9737	group_2822	/Users/sanchezh/Desktop/tombombadil/TOMBOMBADIL9737
9738	group_2815	/Users/sanchezh/Desktop/tombombadil/TOMBOMBADIL9738
9739	yhcG	/Users/sanchezh/Desktop/tombombadil/TOMBOMBADIL9739
9740	group_2811	/Users/sanchezh/Desktop/tombombadil/TOMBOMBADIL9740
9741	group_2789	/Users/sanchezh/Desktop/tombombadil/TOMBOMBADIL9741
9742	group_2787	/Users/sanchezh/Desktop/tombombadil/TOMBOMBADIL9742
9743	group_2775	/Users/sanchezh/Desktop/tombombadil/TOMBOMBADIL9743
9744	group_2763	/Users/sanchezh/Desktop/tombombadil/TOMBOMBADIL9744
9745	group_2761	/Users/sanchezh/Desktop/tombombadil/TOMBOMBADIL9745
9746	group_2759	/Users/sanchezh/Desktop/tombombadil/TOMBOMBADIL9746
9747	group_2757	/Users/sanchezh/Desktop/tombombadil/TOMBOMBADIL9747
9748	group_2753	/Users/sanchezh/Desktop/tombombadil/TOMBOMBADIL9748
9749	group_2749	/Users/sanchezh/Desktop/tombombadil/TOMBOMBADIL9749
9750	mobC	/Users/sanchezh/Desktop/tombombadil/TOMBOMBADIL9750
9751	group_2747	/Users/sanchezh/Desktop/tombombadil/TOMBOMBADIL9751
9752	group_2746	/Users/sanchezh/Desktop/tombombadil/TOMBOMBADIL9752
9753	group_2744	/Users/sanchezh/Desktop/tombombadil/TOMBOMBADIL9753
9754	group_2742	/Users/sanchezh/Desktop/tombombadil/TOMBOMBADIL9754
9755	group_2732	/Users/sanchezh/Desktop/tombombadil/TOMBOMBADIL9755
9756	group_2671	/Users/sanchezh/Desktop/tombombadil/TOMBOMBADIL9756
9757	group_2669	/Users/sanchezh/Desktop/tombombadil/TOMBOMBADIL9757
9758	group_2668	/Users/sanchezh/Desktop/tombombadil/TOMBOMBADIL9758
9759	group_2666	/Users/sanchezh/Desktop/tombombadil/TOMBOMBADIL9759
9760	group_2665	/Users/sanchezh/Desktop/tombombadil/TOMBOMBADIL9760
9761	group_2664	/Users/sanchezh/Desktop/tombombadil/TOMBOMBADIL9761
9762	group_2662	/Users/sanchezh/Desktop/tombombadil/TOMBOMBADIL9762
9763	group_2660	/Users/sanchezh/Desktop/tombombadil/TOMBOMBADIL9763
9764	group_2658	/Users/sanchezh/Desktop/tombombadil/TOMBOMBADIL9764
9765	group_2657	/Users/sanchezh/Desktop/tombombadil/TOMBOMBADIL9765
9766	group_2656	/Users/sanchezh/Desktop/tombombadil/TOMBOMBADIL9766
9767	group_2653	/Users/sanchezh/Desktop/tombombadil/TOMBOMBADIL9767
9768	group_2651	/Users/sanchezh/Desktop/tombombadil/TOMBOMBADIL9768
9769	group_2648	/Users/sanchezh/Desktop/tombombadil/TOMBOMBADIL9769
9770	group_2646	/Users/sanchezh/Desktop/tombombadil/TOMBOMBADIL9770
9771	group_2642	/Users/sanchezh/Desktop/tombombadil/TOMBOMBADIL9771
9772	group_2641	/Users/sanchezh/Desktop/tombombadil/TOMBOMBADIL9772
9773	group_2640	/Users/sanchezh/Desktop/tombombadil/TOMBOMBADIL9773
9774	zraR	/Users/sanchezh/Desktop/tombombadil/TOMBOMBADIL9774
9775	group_2638	/Users/sanchezh/Desktop/tombombadil/TOMBOMBADIL9775
9776	group_2637	/Users/sanchezh/Desktop/tombombadil/TOMBOMBADIL9776
9777	group_2633	/Users/sanchezh/Desktop/tombombadil/TOMBOMBADIL9777
9778	group_2631	/Users/sanchezh/Desktop/tombombadil/TOMBOMBADIL9778
9779	group_2630	/Users/sanchezh/Desktop/tombombadil/TOMBOMBADIL9779
9780	group_2628	/Users/sanchezh/Desktop/tombombadil/TOMBOMBADIL9780
9781	group_2627	/Users/sanchezh/Desktop/tombombadil/TOMBOMBADIL9781
9782	group_2626	/Users/sanchezh/Desktop/tombombadil/TOMBOMBADIL9782
9783	group_2620	/Users/sanchezh/Desktop/tombombadil/TOMBOMBADIL9783
9784	group_2616	/Users/sanchezh/Desktop/tombombadil/TOMBOMBADIL9784
9785	group_2615	/Users/sanchezh/Desktop/tombombadil/TOMBOMBADIL9785
9786	group_2614	/Users/sanchezh/Desktop/tombombadil/TOMBOMBADIL9786
9787	group_2611	/Users/sanchezh/Desktop/tombombadil/TOMBOMBADIL9787
9788	group_2610	/Users/sanchezh/Desktop/tombombadil/TOMBOMBADIL9788
9789	group_2608	/Users/sanchezh/Desktop/tombombadil/TOMBOMBADIL9789
9790	group_2606	/Users/sanchezh/Desktop/tombombadil/TOMBOMBADIL9790
9791	group_2605	/Users/sanchezh/Desktop/tombombadil/TOMBOMBADIL9791
9792	group_2604	/Users/sanchezh/Desktop/tombombadil/TOMBOMBADIL9792
9793	group_2603	/Users/sanchezh/Desktop/tombombadil/TOMBOMBADIL9793
9794	group_2601	/Users/sanchezh/Desktop/tombombadil/TOMBOMBADIL9794
9795	group_2600	/Users/sanchezh/Desktop/tombombadil/TOMBOMBADIL9795
9796	group_2599	/Users/sanchezh/Desktop/tombombadil/TOMBOMBADIL9796
9797	group_2597	/Users/sanchezh/Desktop/tombombadil/TOMBOMBADIL9797
9798	group_2596	/Users/sanchezh/Desktop/tombombadil/TOMBOMBADIL9798
9799	group_2595	/Users/sanchezh/Desktop/tombombadil/TOMBOMBADIL9799
9800	group_2593	/Users/sanchezh/Desktop/tombombadil/TOMBOMBADIL9800
9801	group_2592	/Users/sanchezh/Desktop/tombombadil/TOMBOMBADIL9801
9802	group_2590	/Users/sanchezh/Desktop/tombombadil/TOMBOMBADIL9802
9803	group_2589	/Users/sanchezh/Desktop/tombombadil/TOMBOMBADIL9803
9804	group_2588	/Users/sanchezh/Desktop/tombombadil/TOMBOMBADIL9804
9805	group_2586	/Users/sanchezh/Desktop/tombombadil/TOMBOMBADIL9805
9806	group_2583	/Users/sanchezh/Desktop/tombombadil/TOMBOMBADIL9806
9807	group_2582	/Users/sanchezh/Desktop/tombombadil/TOMBOMBADIL9807
9808	group_2580	/Users/sanchezh/Desktop/tombombadil/TOMBOMBADIL9808
9809	group_2579	/Users/sanchezh/Desktop/tombombadil/TOMBOMBADIL9809
9810	group_2578	/Users/sanchezh/Desktop/tombombadil/TOMBOMBADIL9810
9811	group_2577	/Users/sanchezh/Desktop/tombombadil/TOMBOMBADIL9811
9812	group_2574	/Users/sanchezh/Desktop/tombombadil/TOMBOMBADIL9812
9813	group_2571	/Users/sanchezh/Desktop/tombombadil/TOMBOMBADIL9813
9814	group_2567	/Users/sanchezh/Desktop/tombombadil/TOMBOMBADIL9814
9815	group_2561	/Users/sanchezh/Desktop/tombombadil/TOMBOMBADIL9815
9816	group_2556	/Users/sanchezh/Desktop/tombombadil/TOMBOMBADIL9816
9817	group_2555	/Users/sanchezh/Desktop/tombombadil/TOMBOMBADIL9817
9818	group_2553	/Users/sanchezh/Desktop/tombombadil/TOMBOMBADIL9818
9819	group_2549	/Users/sanchezh/Desktop/tombombadil/TOMBOMBADIL9819
9820	group_2545	/Users/sanchezh/Desktop/tombombadil/TOMBOMBADIL9820
9821	group_2543	/Users/sanchezh/Desktop/tombombadil/TOMBOMBADIL9821
9822	group_2538	/Users/sanchezh/Desktop/tombombadil/TOMBOMBADIL9822
9823	group_2531	/Users/sanchezh/Desktop/tombombadil/TOMBOMBADIL9823
9824	group_2530	/Users/sanchezh/Desktop/tombombadil/TOMBOMBADIL9824
9825	group_2525	/Users/sanchezh/Desktop/tombombadil/TOMBOMBADIL9825
9826	group_2523	/Users/sanchezh/Desktop/tombombadil/TOMBOMBADIL9826
9827	group_2522	/Users/sanchezh/Desktop/tombombadil/TOMBOMBADIL9827
9828	group_2521	/Users/sanchezh/Desktop/tombombadil/TOMBOMBADIL9828
9829	group_2499	/Users/sanchezh/Desktop/tombombadil/TOMBOMBADIL9829
9830	group_2484	/Users/sanchezh/Desktop/tombombadil/TOMBOMBADIL9830
9831	group_2481	/Users/sanchezh/Desktop/tombombadil/TOMBOMBADIL9831
9832	group_2480	/Users/sanchezh/Desktop/tombombadil/TOMBOMBADIL9832
9833	group_2474	/Users/sanchezh/Desktop/tombombadil/TOMBOMBADIL9833
9834	group_2473	/Users/sanchezh/Desktop/tombombadil/TOMBOMBADIL9834
9835	group_2472	/Users/sanchezh/Desktop/tombombadil/TOMBOMBADIL9835
9836	group_2471	/Users/sanchezh/Desktop/tombombadil/TOMBOMBADIL9836
9837	traC	/Users/sanchezh/Desktop/tombombadil/TOMBOMBADIL9837
9838	group_2445	/Users/sanchezh/Desktop/tombombadil/TOMBOMBADIL9838
9839	group_2444	/Users/sanchezh/Desktop/tombombadil/TOMBOMBADIL9839
9840	group_2423	/Users/sanchezh/Desktop/tombombadil/TOMBOMBADIL9840
9841	group_2421	/Users/sanchezh/Desktop/tombombadil/TOMBOMBADIL9841
9842	group_2410	/Users/sanchezh/Desktop/tombombadil/TOMBOMBADIL9842
9843	group_2408	/Users/sanchezh/Desktop/tombombadil/TOMBOMBADIL9843
9844	group_2406	/Users/sanchezh/Desktop/tombombadil/TOMBOMBADIL9844
9845	group_2402	/Users/sanchezh/Desktop/tombombadil/TOMBOMBADIL9845
9846	group_2387	/Users/sanchezh/Desktop/tombombadil/TOMBOMBADIL9846
9847	group_2383	/Users/sanchezh/Desktop/tombombadil/TOMBOMBADIL9847
9848	group_2379	/Users/sanchezh/Desktop/tombombadil/TOMBOMBADIL9848
9849	group_2373	/Users/sanchezh/Desktop/tombombadil/TOMBOMBADIL9849
9850	group_2371	/Users/sanchezh/Desktop/tombombadil/TOMBOMBADIL9850
9851	group_2369	/Users/sanchezh/Desktop/tombombadil/TOMBOMBADIL9851
9852	group_2367	/Users/sanchezh/Desktop/tombombadil/TOMBOMBADIL9852
9853	group_2363	/Users/sanchezh/Desktop/tombombadil/TOMBOMBADIL9853
9854	group_2347	/Users/sanchezh/Desktop/tombombadil/TOMBOMBADIL9854
9855	group_2343	/Users/sanchezh/Desktop/tombombadil/TOMBOMBADIL9855
9856	group_2326	/Users/sanchezh/Desktop/tombombadil/TOMBOMBADIL9856
9857	group_2324	/Users/sanchezh/Desktop/tombombadil/TOMBOMBADIL9857
9858	group_2321	/Users/sanchezh/Desktop/tombombadil/TOMBOMBADIL9858
9859	tolC	/Users/sanchezh/Desktop/tombombadil/TOMBOMBADIL9859
9860	group_2318	/Users/sanchezh/Desktop/tombombadil/TOMBOMBADIL9860
9861	group_2314	/Users/sanchezh/Desktop/tombombadil/TOMBOMBADIL9861
9862	group_2313	/Users/sanchezh/Desktop/tombombadil/TOMBOMBADIL9862
9863	group_2310	/Users/sanchezh/Desktop/tombombadil/TOMBOMBADIL9863
9864	group_2308	/Users/sanchezh/Desktop/tombombadil/TOMBOMBADIL9864
9865	group_2302	/Users/sanchezh/Desktop/tombombadil/TOMBOMBADIL9865
9866	group_2283	/Users/sanchezh/Desktop/tombombadil/TOMBOMBADIL9866
9867	group_2282	/Users/sanchezh/Desktop/tombombadil/TOMBOMBADIL9867
9868	group_2279	/Users/sanchezh/Desktop/tombombadil/TOMBOMBADIL9868
9869	group_2248	/Users/sanchezh/Desktop/tombombadil/TOMBOMBADIL9869
9870	group_2234	/Users/sanchezh/Desktop/tombombadil/TOMBOMBADIL9870
9871	group_2233	/Users/sanchezh/Desktop/tombombadil/TOMBOMBADIL9871
9872	group_2224	/Users/sanchezh/Desktop/tombombadil/TOMBOMBADIL9872
9873	group_2219	/Users/sanchezh/Desktop/tombombadil/TOMBOMBADIL9873
9874	group_2206	/Users/sanchezh/Desktop/tombombadil/TOMBOMBADIL9874
9875	group_2200	/Users/sanchezh/Desktop/tombombadil/TOMBOMBADIL9875
9876	group_2195	/Users/sanchezh/Desktop/tombombadil/TOMBOMBADIL9876
9877	bamD	/Users/sanchezh/Desktop/tombombadil/TOMBOMBADIL9877
9878	group_2189	/Users/sanchezh/Desktop/tombombadil/TOMBOMBADIL9878
9879	group_2188	/Users/sanchezh/Desktop/tombombadil/TOMBOMBADIL9879
9880	group_2184	/Users/sanchezh/Desktop/tombombadil/TOMBOMBADIL9880
9881	group_2171	/Users/sanchezh/Desktop/tombombadil/TOMBOMBADIL9881
9882	group_2160	/Users/sanchezh/Desktop/tombombadil/TOMBOMBADIL9882
9883	group_2149	/Users/sanchezh/Desktop/tombombadil/TOMBOMBADIL9883
9884	group_2142	/Users/sanchezh/Desktop/tombombadil/TOMBOMBADIL9884
9885	group_2140	/Users/sanchezh/Desktop/tombombadil/TOMBOMBADIL9885
9886	group_2123	/Users/sanchezh/Desktop/tombombadil/TOMBOMBADIL9886
9887	group_2117	/Users/sanchezh/Desktop/tombombadil/TOMBOMBADIL9887
9888	group_2116	/Users/sanchezh/Desktop/tombombadil/TOMBOMBADIL9888
9889	group_2114	/Users/sanchezh/Desktop/tombombadil/TOMBOMBADIL9889
9890	group_2077	/Users/sanchezh/Desktop/tombombadil/TOMBOMBADIL9890
9891	group_2072	/Users/sanchezh/Desktop/tombombadil/TOMBOMBADIL9891
9892	group_2071	/Users/sanchezh/Desktop/tombombadil/TOMBOMBADIL9892
9893	group_2068	/Users/sanchezh/Desktop/tombombadil/TOMBOMBADIL9893
9894	group_2044	/Users/sanchezh/Desktop/tombombadil/TOMBOMBADIL9894
9895	group_2037	/Users/sanchezh/Desktop/tombombadil/TOMBOMBADIL9895
9896	group_2020	/Users/sanchezh/Desktop/tombombadil/TOMBOMBADIL9896
9897	group_2009	/Users/sanchezh/Desktop/tombombadil/TOMBOMBADIL9897
9898	group_2006	/Users/sanchezh/Desktop/tombombadil/TOMBOMBADIL9898
9899	group_1996	/Users/sanchezh/Desktop/tombombadil/TOMBOMBADIL9899
9900	group_1992	/Users/sanchezh/Desktop/tombombadil/TOMBOMBADIL9900
9901	group_1986	/Users/sanchezh/Desktop/tombombadil/TOMBOMBADIL9901
9902	group_1984	/Users/sanchezh/Desktop/tombombadil/TOMBOMBADIL9902
9903	group_1979	/Users/sanchezh/Desktop/tombombadil/TOMBOMBADIL9903
9904	group_1965	/Users/sanchezh/Desktop/tombombadil/TOMBOMBADIL9904
9905	group_1951	/Users/sanchezh/Desktop/tombombadil/TOMBOMBADIL9905
9906	group_1936	/Users/sanchezh/Desktop/tombombadil/TOMBOMBADIL9906
9907	group_1909	/Users/sanchezh/Desktop/tombombadil/TOMBOMBADIL9907
9908	group_1908	/Users/sanchezh/Desktop/tombombadil/TOMBOMBADIL9908
9909	group_1887	/Users/sanchezh/Desktop/tombombadil/TOMBOMBADIL9909
9910	group_1880	/Users/sanchezh/Desktop/tombombadil/TOMBOMBADIL9910
9911	group_1874	/Users/sanchezh/Desktop/tombombadil/TOMBOMBADIL9911
9912	group_1844	/Users/sanchezh/Desktop/tombombadil/TOMBOMBADIL9912
9913	tolB	/Users/sanchezh/Desktop/tombombadil/TOMBOMBADIL9913
9914	group_1811	/Users/sanchezh/Desktop/tombombadil/TOMBOMBADIL9914
9915	group_1809	/Users/sanchezh/Desktop/tombombadil/TOMBOMBADIL9915
9916	group_1789	/Users/sanchezh/Desktop/tombombadil/TOMBOMBADIL9916
9917	group_1786	/Users/sanchezh/Desktop/tombombadil/TOMBOMBADIL9917
9918	group_1785	/Users/sanchezh/Desktop/tombombadil/TOMBOMBADIL9918
9919	group_1782	/Users/sanchezh/Desktop/tombombadil/TOMBOMBADIL9919
9920	group_1778	/Users/sanchezh/Desktop/tombombadil/TOMBOMBADIL9920
9921	group_1776	/Users/sanchezh/Desktop/tombombadil/TOMBOMBADIL9921
9922	group_1750	/Users/sanchezh/Desktop/tombombadil/TOMBOMBADIL9922
9923	group_1744	/Users/sanchezh/Desktop/tombombadil/TOMBOMBADIL9923
9924	group_1738	/Users/sanchezh/Desktop/tombombadil/TOMBOMBADIL9924
9925	group_1731	/Users/sanchezh/Desktop/tombombadil/TOMBOMBADIL9925
9926	group_1722	/Users/sanchezh/Desktop/tombombadil/TOMBOMBADIL9926
9927	group_1721	/Users/sanchezh/Desktop/tombombadil/TOMBOMBADIL9927
9928	group_1713	/Users/sanchezh/Desktop/tombombadil/TOMBOMBADIL9928
9929	group_1699	/Users/sanchezh/Desktop/tombombadil/TOMBOMBADIL9929
9930	group_1685	/Users/sanchezh/Desktop/tombombadil/TOMBOMBADIL9930
9931	group_1684	/Users/sanchezh/Desktop/tombombadil/TOMBOMBADIL9931
9932	group_1650	/Users/sanchezh/Desktop/tombombadil/TOMBOMBADIL9932
9933	group_1649	/Users/sanchezh/Desktop/tombombadil/TOMBOMBADIL9933
9934	group_1599	/Users/sanchezh/Desktop/tombombadil/TOMBOMBADIL9934
9935	group_1588	/Users/sanchezh/Desktop/tombombadil/TOMBOMBADIL9935
9936	group_1583	/Users/sanchezh/Desktop/tombombadil/TOMBOMBADIL9936
9937	group_1579	/Users/sanchezh/Desktop/tombombadil/TOMBOMBADIL9937
9938	group_1567	/Users/sanchezh/Desktop/tombombadil/TOMBOMBADIL9938
9939	group_1555	/Users/sanchezh/Desktop/tombombadil/TOMBOMBADIL9939
9940	group_1549	/Users/sanchezh/Desktop/tombombadil/TOMBOMBADIL9940
9941	group_1546	/Users/sanchezh/Desktop/tombombadil/TOMBOMBADIL9941
9942	group_1529	/Users/sanchezh/Desktop/tombombadil/TOMBOMBADIL9942
9943	group_1500	/Users/sanchezh/Desktop/tombombadil/TOMBOMBADIL9943
9944	group_1485	/Users/sanchezh/Desktop/tombombadil/TOMBOMBADIL9944
9945	group_1481	/Users/sanchezh/Desktop/tombombadil/TOMBOMBADIL9945
9946	group_1480	/Users/sanchezh/Desktop/tombombadil/TOMBOMBADIL9946
9947	group_1476	/Users/sanchezh/Desktop/tombombadil/TOMBOMBADIL9947
9948	group_1474	/Users/sanchezh/Desktop/tombombadil/TOMBOMBADIL9948
9949	group_1459	/Users/sanchezh/Desktop/tombombadil/TOMBOMBADIL9949
9950	group_1451	/Users/sanchezh/Desktop/tombombadil/TOMBOMBADIL9950
9951	group_1440	/Users/sanchezh/Desktop/tombombadil/TOMBOMBADIL9951
9952	group_1423	/Users/sanchezh/Desktop/tombombadil/TOMBOMBADIL9952
9953	group_1416	/Users/sanchezh/Desktop/tombombadil/TOMBOMBADIL9953
9954	group_1408	/Users/sanchezh/Desktop/tombombadil/TOMBOMBADIL9954
9955	group_1400	/Users/sanchezh/Desktop/tombombadil/TOMBOMBADIL9955
9956	group_1390	/Users/sanchezh/Desktop/tombombadil/TOMBOMBADIL9956
9957	group_1389	/Users/sanchezh/Desktop/tombombadil/TOMBOMBADIL9957
9958	group_1384	/Users/sanchezh/Desktop/tombombadil/TOMBOMBADIL9958
9959	group_1376	/Users/sanchezh/Desktop/tombombadil/TOMBOMBADIL9959
9960	group_1343	/Users/sanchezh/Desktop/tombombadil/TOMBOMBADIL9960
9961	group_1342	/Users/sanchezh/Desktop/tombombadil/TOMBOMBADIL9961
9962	group_1338	/Users/sanchezh/Desktop/tombombadil/TOMBOMBADIL9962
9963	group_1330	/Users/sanchezh/Desktop/tombombadil/TOMBOMBADIL9963
9964	group_1305	/Users/sanchezh/Desktop/tombombadil/TOMBOMBADIL9964
9965	group_1299	/Users/sanchezh/Desktop/tombombadil/TOMBOMBADIL9965
9966	group_1298	/Users/sanchezh/Desktop/tombombadil/TOMBOMBADIL9966
9967	group_1297	/Users/sanchezh/Desktop/tombombadil/TOMBOMBADIL9967
9968	group_1295	/Users/sanchezh/Desktop/tombombadil/TOMBOMBADIL9968
9969	yfhO	/Users/sanchezh/Desktop/tombombadil/TOMBOMBADIL9969
9970	group_1288	/Users/sanchezh/Desktop/tombombadil/TOMBOMBADIL9970
9971	group_1283	/Users/sanchezh/Desktop/tombombadil/TOMBOMBADIL9971
9972	group_1270	/Users/sanchezh/Desktop/tombombadil/TOMBOMBADIL9972
9973	yqiA	/Users/sanchezh/Desktop/tombombadil/TOMBOMBADIL9973
9974	group_1243	/Users/sanchezh/Desktop/tombombadil/TOMBOMBADIL9974
9975	group_1231	/Users/sanchezh/Desktop/tombombadil/TOMBOMBADIL9975
9976	group_1225	/Users/sanchezh/Desktop/tombombadil/TOMBOMBADIL9976
9977	group_1204	/Users/sanchezh/Desktop/tombombadil/TOMBOMBADIL9977
9978	group_1198	/Users/sanchezh/Desktop/tombombadil/TOMBOMBADIL9978
9979	group_1180	/Users/sanchezh/Desktop/tombombadil/TOMBOMBADIL9979
9980	group_1165	/Users/sanchezh/Desktop/tombombadil/TOMBOMBADIL9980
9981	group_1136	/Users/sanchezh/Desktop/tombombadil/TOMBOMBADIL9981
9982	group_1126	/Users/sanchezh/Desktop/tombombadil/TOMBOMBADIL9982
9983	group_1103	/Users/sanchezh/Desktop/tombombadil/TOMBOMBADIL9983
9984	group_1088	/Users/sanchezh/Desktop/tombombadil/TOMBOMBADIL9984
9985	group_1059	/Users/sanchezh/Desktop/tombombadil/TOMBOMBADIL9985
9986	group_1050	/Users/sanchezh/Desktop/tombombadil/TOMBOMBADIL9986
9987	group_1042	/Users/sanchezh/Desktop/tombombadil/TOMBOMBADIL9987
9988	group_1041	/Users/sanchezh/Desktop/tombombadil/TOMBOMBADIL9988
9989	group_1029	/Users/sanchezh/Desktop/tombombadil/TOMBOMBADIL9989
9990	group_1009	/Users/sanchezh/Desktop/tombombadil/TOMBOMBADIL9990
9991	group_1004	/Users/sanchezh/Desktop/tombombadil/TOMBOMBADIL9991
9992	group_1002	/Users/sanchezh/Desktop/tombombadil/TOMBOMBADIL9992
9993	group_998	/Users/sanchezh/Desktop/tombombadil/TOMBOMBADIL9993
9994	group_993	/Users/sanchezh/Desktop/tombombadil/TOMBOMBADIL9994
9995	ragB	/Users/sanchezh/Desktop/tombombadil/TOMBOMBADIL9995
9996	group_961	/Users/sanchezh/Desktop/tombombadil/TOMBOMBADIL9996
9997	group_954	/Users/sanchezh/Desktop/tombombadil/TOMBOMBADIL9997
9998	group_947	/Users/sanchezh/Desktop/tombombadil/TOMBOMBADIL9998
9999	group_944	/Users/sanchezh/Desktop/tombombadil/TOMBOMBADIL9999
10000	group_927	/Users/sanchezh/Desktop/tombombadil/TOMBOMBADIL10000
10001	group_921	/Users/sanchezh/Desktop/tombombadil/TOMBOMBADIL10001
10002	group_910	/Users/sanchezh/Desktop/tombombadil/TOMBOMBADIL10002
10003	group_904	/Users/sanchezh/Desktop/tombombadil/TOMBOMBADIL10003
10004	group_903	/Users/sanchezh/Desktop/tombombadil/TOMBOMBADIL10004
10005	group_897	/Users/sanchezh/Desktop/tombombadil/TOMBOMBADIL10005
10006	group_889	/Users/sanchezh/Desktop/tombombadil/TOMBOMBADIL10006
10007	group_863	/Users/sanchezh/Desktop/tombombadil/TOMBOMBADIL10007
10008	group_856	/Users/sanchezh/Desktop/tombombadil/TOMBOMBADIL10008
10009	group_843	/Users/sanchezh/Desktop/tombombadil/TOMBOMBADIL10009
10010	group_833	/Users/sanchezh/Desktop/tombombadil/TOMBOMBADIL10010
10011	group_823	/Users/sanchezh/Desktop/tombombadil/TOMBOMBADIL10011
10012	group_820	/Users/sanchezh/Desktop/tombombadil/TOMBOMBADIL10012
10013	group_817	/Users/sanchezh/Desktop/tombombadil/TOMBOMBADIL10013
10014	group_816	/Users/sanchezh/Desktop/tombombadil/TOMBOMBADIL10014
10015	group_815	/Users/sanchezh/Desktop/tombombadil/TOMBOMBADIL10015
10016	group_801	/Users/sanchezh/Desktop/tombombadil/TOMBOMBADIL10016
10017	group_776	/Users/sanchezh/Desktop/tombombadil/TOMBOMBADIL10017
10018	group_764	/Users/sanchezh/Desktop/tombombadil/TOMBOMBADIL10018
10019	group_763	/Users/sanchezh/Desktop/tombombadil/TOMBOMBADIL10019
10020	group_750	/Users/sanchezh/Desktop/tombombadil/TOMBOMBADIL10020
10021	group_746	/Users/sanchezh/Desktop/tombombadil/TOMBOMBADIL10021
10022	group_745	/Users/sanchezh/Desktop/tombombadil/TOMBOMBADIL10022
10023	group_737	/Users/sanchezh/Desktop/tombombadil/TOMBOMBADIL10023
10024	group_710	/Users/sanchezh/Desktop/tombombadil/TOMBOMBADIL10024
10025	group_703	/Users/sanchezh/Desktop/tombombadil/TOMBOMBADIL10025
10026	group_695	/Users/sanchezh/Desktop/tombombadil/TOMBOMBADIL10026
10027	group_687	/Users/sanchezh/Desktop/tombombadil/TOMBOMBADIL10027
10028	group_678	/Users/sanchezh/Desktop/tombombadil/TOMBOMBADIL10028
10029	group_669	/Users/sanchezh/Desktop/tombombadil/TOMBOMBADIL10029
10030	group_653	/Users/sanchezh/Desktop/tombombadil/TOMBOMBADIL10030
10031	group_645	/Users/sanchezh/Desktop/tombombadil/TOMBOMBADIL10031
10032	group_623	/Users/sanchezh/Desktop/tombombadil/TOMBOMBADIL10032
10033	group_621	/Users/sanchezh/Desktop/tombombadil/TOMBOMBADIL10033
10034	group_614	/Users/sanchezh/Desktop/tombombadil/TOMBOMBADIL10034
10035	group_611	/Users/sanchezh/Desktop/tombombadil/TOMBOMBADIL10035
10036	group_610	/Users/sanchezh/Desktop/tombombadil/TOMBOMBADIL10036
10037	group_607	/Users/sanchezh/Desktop/tombombadil/TOMBOMBADIL10037
10038	group_606	/Users/sanchezh/Desktop/tombombadil/TOMBOMBADIL10038
10039	group_572	/Users/sanchezh/Desktop/tombombadil/TOMBOMBADIL10039
10040	group_570	/Users/sanchezh/Desktop/tombombadil/TOMBOMBADIL10040
10041	group_560	/Users/sanchezh/Desktop/tombombadil/TOMBOMBADIL10041
10042	group_536	/Users/sanchezh/Desktop/tombombadil/TOMBOMBADIL10042
10043	group_534	/Users/sanchezh/Desktop/tombombadil/TOMBOMBADIL10043
10044	tonB	/Users/sanchezh/Desktop/tombombadil/TOMBOMBADIL10044
10045	group_513	/Users/sanchezh/Desktop/tombombadil/TOMBOMBADIL10045
10046	group_509	/Users/sanchezh/Desktop/tombombadil/TOMBOMBADIL10046
10047	group_496	/Users/sanchezh/Desktop/tombombadil/TOMBOMBADIL10047
10048	group_488	/Users/sanchezh/Desktop/tombombadil/TOMBOMBADIL10048
10049	group_469	/Users/sanchezh/Desktop/tombombadil/TOMBOMBADIL10049
10050	group_467	/Users/sanchezh/Desktop/tombombadil/TOMBOMBADIL10050
10051	group_458	/Users/sanchezh/Desktop/tombombadil/TOMBOMBADIL10051
10052	group_443	/Users/sanchezh/Desktop/tombombadil/TOMBOMBADIL10052
10053	group_417	/Users/sanchezh/Desktop/tombombadil/TOMBOMBADIL10053
10054	group_416	/Users/sanchezh/Desktop/tombombadil/TOMBOMBADIL10054
10055	group_406	/Users/sanchezh/Desktop/tombombadil/TOMBOMBADIL10055
10056	group_402	/Users/sanchezh/Desktop/tombombadil/TOMBOMBADIL10056
10057	group_389	/Users/sanchezh/Desktop/tombombadil/TOMBOMBADIL10057
10058	group_388	/Users/sanchezh/Desktop/tombombadil/TOMBOMBADIL10058
10059	group_385	/Users/sanchezh/Desktop/tombombadil/TOMBOMBADIL10059
10060	group_383	/Users/sanchezh/Desktop/tombombadil/TOMBOMBADIL10060
10061	group_379	/Users/sanchezh/Desktop/tombombadil/TOMBOMBADIL10061
10062	group_372	/Users/sanchezh/Desktop/tombombadil/TOMBOMBADIL10062
10063	group_366	/Users/sanchezh/Desktop/tombombadil/TOMBOMBADIL10063
10064	group_359	/Users/sanchezh/Desktop/tombombadil/TOMBOMBADIL10064
10065	group_355	/Users/sanchezh/Desktop/tombombadil/TOMBOMBADIL10065
10066	group_350	/Users/sanchezh/Desktop/tombombadil/TOMBOMBADIL10066
10067	group_339	/Users/sanchezh/Desktop/tombombadil/TOMBOMBADIL10067
10068	group_326	/Users/sanchezh/Desktop/tombombadil/TOMBOMBADIL10068
10069	group_325	/Users/sanchezh/Desktop/tombombadil/TOMBOMBADIL10069
10070	group_304	/Users/sanchezh/Desktop/tombombadil/TOMBOMBADIL10070
10071	group_303	/Users/sanchezh/Desktop/tombombadil/TOMBOMBADIL10071
10072	group_290	/Users/sanchezh/Desktop/tombombadil/TOMBOMBADIL10072
10073	group_276	/Users/sanchezh/Desktop/tombombadil/TOMBOMBADIL10073
10074	group_260	/Users/sanchezh/Desktop/tombombadil/TOMBOMBADIL10074
10075	group_245	/Users/sanchezh/Desktop/tombombadil/TOMBOMBADIL10075
10076	group_235	/Users/sanchezh/Desktop/tombombadil/TOMBOMBADIL10076
10077	group_224	/Users/sanchezh/Desktop/tombombadil/TOMBOMBADIL10077
10078	group_221	/Users/sanchezh/Desktop/tombombadil/TOMBOMBADIL10078
10079	group_212	/Users/sanchezh/Desktop/tombombadil/TOMBOMBADIL10079
10080	group_203	/Users/sanchezh/Desktop/tombombadil/TOMBOMBADIL10080
10081	group_194	/Users/sanchezh/Desktop/tombombadil/TOMBOMBADIL10081
10082	group_188	/Users/sanchezh/Desktop/tombombadil/TOMBOMBADIL10082
10083	group_167	/Users/sanchezh/Desktop/tombombadil/TOMBOMBADIL10083
10084	group_158	/Users/sanchezh/Desktop/tombombadil/TOMBOMBADIL10084
10085	group_125	/Users/sanchezh/Desktop/tombombadil/TOMBOMBADIL10085
10086	group_123	/Users/sanchezh/Desktop/tombombadil/TOMBOMBADIL10086
10087	group_122	/Users/sanchezh/Desktop/tombombadil/TOMBOMBADIL10087
10088	group_113	/Users/sanchezh/Desktop/tombombadil/TOMBOMBADIL10088
10089	group_110	/Users/sanchezh/Desktop/tombombadil/TOMBOMBADIL10089
10090	group_105	/Users/sanchezh/Desktop/tombombadil/TOMBOMBADIL10090
10091	group_100	/Users/sanchezh/Desktop/tombombadil/TOMBOMBADIL10091
10092	group_97	/Users/sanchezh/Desktop/tombombadil/TOMBOMBADIL10092
10093	group_91	/Users/sanchezh/Desktop/tombombadil/TOMBOMBADIL10093
10094	group_86	/Users/sanchezh/Desktop/tombombadil/TOMBOMBADIL10094
10095	group_82	/Users/sanchezh/Desktop/tombombadil/TOMBOMBADIL10095
10096	group_81	/Users/sanchezh/Desktop/tombombadil/TOMBOMBADIL10096
10097	group_66	/Users/sanchezh/Desktop/tombombadil/TOMBOMBADIL10097
10098	group_44	/Users/sanchezh/Desktop/tombombadil/TOMBOMBADIL10098
10099	rhsC	/Users/sanchezh/Desktop/tombombadil/TOMBOMBADIL10099
10100	group_34	/Users/sanchezh/Desktop/tombombadil/TOMBOMBADIL10100
10101	group_29	/Users/sanchezh/Desktop/tombombadil/TOMBOMBADIL10101
10102	group_20	/Users/sanchezh/Desktop/tombombadil/TOMBOMBADIL10102
10103	group_7	/Users/sanchezh/Desktop/tombombadil/TOMBOMBADIL10103
10104	group_3	/Users/sanchezh/Desktop/tombombadil/TOMBOMBADIL10104
10105	cotH	/Users/sanchezh/Desktop/tombombadil/TOMBOMBADIL10105
