group_16530	group_16530.1	1.0	core
group_16529	group_16529	1.0	core
group_16524	group_16524	1.0	core
group_16522	group_16522	1.0	core
group_16516	group_16516	1.0	core
group_16483	group_16483	1.0	core
group_16481	group_16481	1.0	core
group_16466	group_16466	1.0	core
group_16460	group_16460	1.0	core
group_16459	group_16459	1.0	core
group_16457	group_16457	1.0	core
group_16456	group_16456	1.0	core
group_16400	group_16400	1.0	core
group_16382	group_16382	1.0	core
group_16374	group_16374	1.0	core
group_16372	group_16372	1.0	core
group_16363	group_16363	1.0	core
group_16360	group_16360	1.0	core
group_16349	group_16349	1.0	core
group_16325	group_16325	1.0	core
group_16323	group_16323	1.0	core
group_16260	group_16260	1.0	core
group_16227	group_16227	1.0	core
group_16176	group_16176	1.0	core
group_16174	group_16174	1.0	core
recO	recO	1.0	core
group_16157	group_16157	1.0	core
group_16150	group_16150	1.0	core
group_16112	group_16112	1.0	core
group_16110	group_16110	1.0	core
group_16096	group_16096	1.0	core
group_16077	group_16077	1.0	core
group_16051	group_16051	1.0	core
ydcP	ydcP	1.0	core
group_16046	group_16046	1.0	core
group_16044	group_16044	1.0	core
ftsZ	ftsZ	1.0	core
group_15942	group_15942	1.0	core
group_15885	group_15885	1.0	core
group_15855	group_15855	1.0	core
group_15745	group_15745	1.0	core
group_15569	group_15569	1.0	core
group_15418	group_15418	1.0	core
group_15392	group_15392	1.0	core
group_15279	group_15279	1.0	core
group_15258	group_15258	1.0	core
group_15240	group_15240	1.0	core
group_15207	group_15207	1.0	core
group_15206	group_15206	1.0	core
group_15205	group_15205	1.0	core
group_15178	group_15178	1.0	core
group_15135	group_15135	1.0	core
group_15133	group_15133	1.0	core
group_15077	group_15077	1.0	core
group_15043	group_15043	1.0	core
surA	surA	1.0	core
group_14981	group_14981	1.0	core
radA	radA	1.0	core
group_14924	group_14924	1.0	core
group_14855	group_14855	1.0	core
group_14823	group_14823	1.0	core
group_14816	group_14816	1.0	core
group_14812	group_14812	1.0	core
group_14756	group_14756	1.0	core
group_14724	group_14724	1.0	core
group_14690	group_14690	1.0	core
group_14643	group_14643	1.0	core
group_14642	group_14642	1.0	core
group_14639	group_14639	1.0	core
group_14638	group_14638	1.0	core
group_14567	group_14567	1.0	core
group_14566	group_14566	1.0	core
group_14504	group_14504	1.0	core
group_14479	group_14479	1.0	core
group_14477	group_14477	1.0	core
group_14432	group_14432	1.0	core
group_14427	group_14427	1.0	core
group_14397	group_14397	1.0	core
group_14391	group_14391	1.0	core
group_14355	group_14355	1.0	core
group_14325	group_14325	1.0	core
group_14324	group_14324	1.0	core
group_14303	group_14303	1.0	core
group_14274	group_14274	1.0	core
group_14237	group_14237	1.0	core
group_14182	group_14182	1.0	core
group_14181	group_14181	1.0	core
group_14180	group_14180	1.0	core
group_14155	group_14155	1.0	core
group_14151	group_14151	1.0	core
group_14137	group_14137	1.0	core
group_14115	group_14115	1.0	core
group_14108	group_14108	1.0	core
group_14104	group_14104	1.0	core
group_14102	group_14102	1.0	core
group_14077	group_14077	1.0	core
group_14075	group_14075	1.0	core
group_14048	group_14048	1.0	core
group_14047	group_14047	1.0	core
group_14046	group_14046	1.0	core
group_13890	group_13890	1.0	core
group_13889	group_13889	1.0	core
group_13855	group_13855	1.0	core
group_13780	group_13780	1.0	core
group_13762	group_13762	1.0	core
group_13748	group_13748	1.0	core
group_13708	group_13708	1.0	core
group_13707	group_13707	1.0	core
group_13706	group_13706	1.0	core
group_13688	group_13688	1.0	core
group_13687	group_13687	1.0	core
group_13669	group_13669	1.0	core
group_13663	group_13663	1.0	core
clpS	clpS	1.0	core
group_13651	group_13651	1.0	core
group_13650	group_13650	1.0	core
group_13620	group_13620	1.0	core
group_13599	group_13599	1.0	core
group_13598	group_13598	1.0	core
group_13574	group_13574	1.0	core
padR	padR	1.0	core
group_13481	group_13481	1.0	core
group_13480	group_13480	1.0	core
group_13477	group_13477	1.0	core
group_13451	group_13451	1.0	core
group_13450	group_13450	1.0	core
yajC	yajC	1.0	core
group_13432	group_13432	1.0	core
group_13379	group_13379	1.0	core
group_13378	group_13378	1.0	core
group_13360	group_13360	1.0	core
ftsL	ftsL	1.0	core
group_13296	group_13296	1.0	core
group_13288	group_13288	1.0	core
group_13286	group_13286	1.0	core
group_13285	group_13285	1.0	core
group_13284	group_13284	1.0	core
group_13283	group_13283	1.0	core
group_13236	group_13236	1.0	core
rsfS	rsfS	1.0	core
group_13205	group_13205	1.0	core
group_13173	group_13173	1.0	core
group_13091	group_13091	1.0	core
group_13060	group_13060	1.0	core
group_13058	group_13058	1.0	core
dksA	dksA	1.0	core
group_13036	group_13036	1.0	core
group_12986	group_12986	1.0	core
group_12960	group_12960	1.0	core
group_12939	group_12939	1.0	core
group_12919	group_12919	1.0	core
group_12904	group_12904	1.0	core
group_12860	group_12860	1.0	core
group_12788	group_12788	1.0	core
ybeY	ybeY	1.0	core
group_12731	group_12731	1.0	core
group_12713	group_12713	1.0	core
group_12683	group_12683	1.0	core
group_12655	group_12655	1.0	core
group_12654	group_12654	1.0	core
group_12593	group_12593	1.0	core
group_12586	group_12586	1.0	core
group_12585	group_12585	1.0	core
group_12583	group_12583	1.0	core
group_12582	group_12582	1.0	core
group_12552	group_12552	1.0	core
group_12498	group_12498	1.0	core
paaI	paaI	1.0	core
group_12496	group_12496	1.0	core
group_12475	group_12475	1.0	core
group_12474	group_12474	1.0	core
group_12446	group_12446	1.0	core
group_12442	group_12442	1.0	core
group_12414	group_12414	1.0	core
group_12375	group_12375	1.0	core
group_12344	group_12344	1.0	core
group_12327	group_12327	1.0	core
group_12295	group_12295	1.0	core
group_12294	group_12294	1.0	core
group_12293	group_12293	1.0	core
rimP	rimP	1.0	core
group_12236	group_12236	1.0	core
group_12224	group_12224	1.0	core
group_12223	group_12223	1.0	core
group_12222	group_12222	1.0	core
group_12210	group_12210	1.0	core
asnC	asnC	1.0	core
group_12201	group_12201	1.0	core
group_12183	group_12183	1.0	core
group_12180	group_12180	1.0	core
group_12160	group_12160	1.0	core
group_12158	group_12158	1.0	core
group_12157	group_12157	1.0	core
group_12131	group_12131	1.0	core
group_12117	group_12117	1.0	core
group_12110	group_12110	1.0	core
group_12080	group_12080	1.0	core
group_12079	group_12079	1.0	core
group_12063	group_12063	1.0	core
group_12062	group_12062	1.0	core
group_12016	group_12016	1.0	core
group_12004	group_12004	1.0	core
group_12002	group_12002	1.0	core
group_11986	group_11986	1.0	core
group_11985	group_11985	1.0	core
group_11974	group_11974	1.0	core
group_11972	group_11972	1.0	core
group_11954	group_11954	1.0	core
group_11953	group_11953	1.0	core
group_11952	group_11952	1.0	core
group_11930	group_11930	1.0	core
group_11899	group_11899	1.0	core
rseA	rseA	1.0	core
kdsC	kdsC	1.0	core
group_11833	group_11833	1.0	core
group_11811	group_11811	1.0	core
group_11788	group_11788	1.0	core
rimM	rimM	1.0	core
group_11787	group_11787	1.0	core
group_11786	group_11786	1.0	core
group_11780	group_11780	1.0	core
group_11770	group_11770	1.0	core
group_11743	group_11743	1.0	core
group_11742	group_11742	1.0	core
group_11723	group_11723	1.0	core
group_11720	group_11720	1.0	core
group_11700	group_11700	1.0	core
group_11697	group_11697	1.0	core
group_11657	group_11657	1.0	core
group_11637	group_11637	1.0	core
group_11633	group_11633	1.0	core
group_11632	group_11632	1.0	core
group_11631	group_11631	1.0	core
group_11612	group_11612	1.0	core
group_11611	group_11611	1.0	core
group_11605	group_11605	1.0	core
group_11595	group_11595	1.0	core
group_11566	group_11566	1.0	core
group_11565	group_11565	1.0	core
group_11564	group_11564	1.0	core
ruvC	ruvC	1.0	core
group_11544	group_11544	1.0	core
group_11543	group_11543	1.0	core
group_11540	group_11540	1.0	core
group_11524	group_11524	1.0	core
group_11521	group_11521	1.0	core
group_11506	group_11506	1.0	core
group_11504	group_11504	1.0	core
group_11478	group_11478	1.0	core
group_11477	group_11477	1.0	core
group_11476	group_11476	1.0	core
group_11457	group_11457	1.0	core
group_11455	group_11455	1.0	core
lemA	lemA	1.0	core
group_11446	group_11446	1.0	core
group_11434	group_11434	1.0	core
group_11396	group_11396	1.0	core
group_11382	group_11382	1.0	core
group_11380	group_11380	1.0	core
group_11377	group_11377	1.0	core
group_11363	group_11363	1.0	core
group_11362	group_11362	1.0	core
group_11351	group_11351	1.0	core
group_11333	group_11333	1.0	core
group_11303	group_11303	1.0	core
group_11301	group_11301	1.0	core
group_11300	group_11300	1.0	core
group_11299	group_11299	1.0	core
hdeD	hdeD	1.0	core
group_11284	group_11284	1.0	core
group_11283	group_11283	1.0	core
group_11281	group_11281	1.0	core
group_11280	group_11280	1.0	core
group_11279	group_11279	1.0	core
group_11265	group_11265	1.0	core
engB	engB	1.0	core
group_11254	group_11254	1.0	core
group_11253	group_11253	1.0	core
group_11223	group_11223	1.0	core
group_11206	group_11206	1.0	core
group_11192	group_11192	1.0	core
group_11191	group_11191	1.0	core
group_11190	group_11190	1.0	core
group_11171	group_11171	1.0	core
group_11150	group_11150	1.0	core
group_11149	group_11149	1.0	core
group_11112	group_11112	1.0	core
group_11098	group_11098	1.0	core
group_11097	group_11097	1.0	core
group_11096	group_11096	1.0	core
group_11095	group_11095	1.0	core
group_11064	group_11064	1.0	core
group_11062	group_11062	1.0	core
grpE	grpE	1.0	core
group_11041	group_11041	1.0	core
group_10953	group_10953	1.0	core
group_10951	group_10951	1.0	core
group_10950	group_10950	1.0	core
group_10949	group_10949	1.0	core
group_10946	group_10946	1.0	core
group_10876	group_10876	1.0	core
group_10839	group_10839	1.0	core
group_10835	group_10835	1.0	core
group_10834	group_10834	1.0	core
group_10808	group_10808	1.0	core
group_10802	group_10802	1.0	core
group_10801	group_10801	1.0	core
group_10800	group_10800	1.0	core
group_10779	group_10779	1.0	core
group_10778	group_10778	1.0	core
group_10739	group_10739	1.0	core
group_10737	group_10737	1.0	core
group_10719	group_10719	1.0	core
group_10716	group_10716	1.0	core
group_10714	group_10714	1.0	core
group_10707	group_10707	1.0	core
group_10697	group_10697	1.0	core
group_10691	group_10691	1.0	core
group_10673	group_10673	1.0	core
lolD	lolD	1.0	core
group_10599	group_10599	1.0	core
group_10590	group_10590	1.0	core
group_10589	group_10589	1.0	core
group_10565	group_10565	1.0	core
group_10564	group_10564	1.0	core
group_10558	group_10558	1.0	core
group_10557	group_10557	1.0	core
group_10470	group_10470	1.0	core
group_10465	group_10465	1.0	core
group_10435	group_10435	1.0	core
group_10311	group_10311	1.0	core
group_10308	group_10308	1.0	core
group_10269	group_10269	1.0	core
radC	radC	1.0	core
group_10158	group_10158	1.0	core
group_10156	group_10156	1.0	core
group_10150	group_10150	1.0	core
group_10134	group_10134	1.0	core
group_10120	group_10120	1.0	core
group_10113	group_10113	1.0	core
group_10096	group_10096	1.0	core
group_10091	group_10091	1.0	core
group_10058	group_10058	1.0	core
group_10056	group_10056	1.0	core
group_10053	group_10053	1.0	core
group_10051	group_10051	1.0	core
group_10050	group_10050	1.0	core
group_10039	group_10039	1.0	core
group_10007	group_10007	1.0	core
group_9989	group_9989	1.0	core
group_9985	group_9985	1.0	core
group_9947	group_9947	1.0	core
group_9944	group_9944	1.0	core
group_9940	group_9940	1.0	core
fluC	fluC	1.0	core
group_9908	group_9908	1.0	core
group_9899	group_9899	1.0	core
group_9883	group_9883	1.0	core
group_9854	group_9854	1.0	core
group_9823	group_9823	1.0	core
group_9822	group_9822	1.0	core
group_9809	group_9809	1.0	core
group_9769	group_9769	1.0	core
group_9754	group_9754	1.0	core
group_9753	group_9753	1.0	core
group_9746	group_9746	1.0	core
lytB	lytB	1.0	core
group_9735	group_9735	1.0	core
ykoT	ykoT	1.0	core
group_9718	group_9718	1.0	core
group_9712	group_9712	1.0	core
group_9707	group_9707	1.0	core
group_9671	group_9671	1.0	core
group_9647	group_9647	1.0	core
group_9646	group_9646	1.0	core
group_9644	group_9644	1.0	core
group_9636	group_9636	1.0	core
group_9635	group_9635	1.0	core
group_9627	group_9627	1.0	core
group_9614	group_9614	1.0	core
group_9601	group_9601	1.0	core
group_9595	group_9595	1.0	core
group_9593	group_9593	1.0	core
gtrA	gtrA	1.0	core
group_9580	group_9580	1.0	core
group_9579	group_9579	1.0	core
group_9560	group_9560	1.0	core
group_9559	group_9559	1.0	core
group_9558	group_9558	1.0	core
group_9557	group_9557	1.0	core
group_9542	group_9542	1.0	core
group_9509	group_9509	1.0	core
group_9484	group_9484	1.0	core
group_9468	group_9468	1.0	core
group_9466	group_9466	1.0	core
group_9462	group_9462	1.0	core
group_9461	group_9461	1.0	core
group_9459	group_9459	1.0	core
group_9456	group_9456	1.0	core
group_9450	group_9450	1.0	core
group_9440	group_9440	1.0	core
group_9432	group_9432	1.0	core
group_9431	group_9431	1.0	core
group_9429	group_9429	1.0	core
group_9427	group_9427	1.0	core
group_9425	group_9425	1.0	core
group_9413	group_9413	1.0	core
group_9404	group_9404	1.0	core
group_9400	group_9400	1.0	core
group_9399	group_9399	1.0	core
group_9398	group_9398	1.0	core
group_9397	group_9397	1.0	core
group_9382	group_9382	1.0	core
group_9378	group_9378	1.0	core
group_9373	group_9373	1.0	core
group_9370	group_9370	1.0	core
group_9369	group_9369	1.0	core
group_9368	group_9368	1.0	core
group_9363	group_9363	1.0	core
group_9361	group_9361	1.0	core
group_9358	group_9358	1.0	core
group_9357	group_9357	1.0	core
group_9356	group_9356	1.0	core
sbsA	sbsA	1.0	core
group_9351	group_9351	1.0	core
group_9342	group_9342	1.0	core
group_9338	group_9338	1.0	core
group_9337	group_9337	1.0	core
group_9336	group_9336	1.0	core
group_9334	group_9334	1.0	core
group_9323	group_9323	1.0	core
group_9322	group_9322	1.0	core
group_9317	group_9317	1.0	core
group_9301	group_9301	1.0	core
group_9300	group_9300	1.0	core
group_9299	group_9299	1.0	core
group_9298	group_9298	1.0	core
group_9297	group_9297	1.0	core
group_9296	group_9296	1.0	core
sufC	sufC	1.0	core
group_9292	group_9292	1.0	core
group_9287	group_9287	1.0	core
group_9279	group_9279	1.0	core
group_9272	group_9272	1.0	core
group_9261	group_9261	1.0	core
group_9259	group_9259	1.0	core
group_9257	group_9257	1.0	core
group_9253	group_9253	1.0	core
group_9251	group_9251	1.0	core
group_9248	group_9248	1.0	core
group_9247	group_9247	1.0	core
group_9246	group_9246	1.0	core
group_9244	group_9244	1.0	core
group_9243	group_9243	1.0	core
group_9242	group_9242	1.0	core
group_9239	group_9239	1.0	core
group_9237	group_9237	1.0	core
group_9236	group_9236	1.0	core
group_9234	group_9234	1.0	core
group_9232	group_9232	1.0	core
thiS	thiS	1.0	core
group_9223	group_9223	1.0	core
secG	secG	1.0	core
lptE	lptE	1.0	core
group_9222	group_9222	1.0	core
group_9221	group_9221	1.0	core
group_9220	group_9220	1.0	core
group_9219	group_9219	1.0	core
group_9218	group_9218	1.0	core
group_9212	group_9212	1.0	core
group_9210	group_9210	1.0	core
group_9209	group_9209	1.0	core
group_9205	group_9205	1.0	core
group_9199	group_9199	1.0	core
group_9172	group_9172	1.0	core
group_9170	group_9170	1.0	core
group_9169	group_9169	1.0	core
group_9168	group_9168	1.0	core
group_9152	group_9152	1.0	core
group_9151	group_9151	1.0	core
group_9144	group_9144	1.0	core
group_9134	group_9134	1.0	core
group_9132	group_9132	1.0	core
group_9121	group_9121	1.0	core
group_9109	group_9109	1.0	core
group_9108	group_9108	1.0	core
mutL	mutL	1.0	core
group_9097	group_9097	1.0	core
group_9095	group_9095	1.0	core
group_9092	group_9092	1.0	core
group_9091	group_9091	1.0	core
group_9088	group_9088	1.0	core
group_9084	group_9084	1.0	core
tmoS	tmoS	1.0	core
group_9065	group_9065	1.0	core
group_9060	group_9060	1.0	core
group_9051	group_9051	1.0	core
group_9049	group_9049	1.0	core
birA	birA	1.0	core
group_9034	group_9034	1.0	core
group_9033	group_9033	1.0	core
group_9031	group_9031	1.0	core
group_9014	group_9014	1.0	core
sigL	sigL	1.0	core
group_9008	group_9008	1.0	core
group_9001	group_9001	1.0	core
group_8998	group_8998	1.0	core
group_8994	group_8994	1.0	core
group_8992	group_8992	1.0	core
group_8991	group_8991	1.0	core
group_8990	group_8990	1.0	core
group_8989	group_8989	1.0	core
group_8985	group_8985	1.0	core
group_8984	group_8984	1.0	core
group_8983	group_8983	1.0	core
group_8978	group_8978	1.0	core
group_8977	group_8977	1.0	core
group_8975	group_8975	1.0	core
group_8971	group_8971	1.0	core
group_8968	group_8968	1.0	core
group_8962	group_8962	1.0	core
group_8959	group_8959	1.0	core
group_8957	group_8957	1.0	core
group_8955	group_8955	1.0	core
resA	resA	1.0	core
group_8943	group_8943	1.0	core
group_8942	group_8942	1.0	core
group_8941	group_8941	1.0	core
group_8940	group_8940	1.0	core
group_8939	group_8939	1.0	core
tilS	tilS	1.0	core
group_8930	group_8930	1.0	core
group_8924	group_8924	1.0	core
group_8923	group_8923	1.0	core
group_8922	group_8922	1.0	core
group_8921	group_8921	1.0	core
group_8918	group_8918	1.0	core
group_8914	group_8914	1.0	core
group_8909	group_8909	1.0	core
group_8908	group_8908	1.0	core
group_8907	group_8907	1.0	core
group_8903	group_8903	1.0	core
msrA	msrA	1.0	core
group_8895	group_8895	1.0	core
group_8889	group_8889	1.0	core
group_8887	group_8887	1.0	core
group_8881	group_8881	1.0	core
group_8880	group_8880	1.0	core
group_8879	group_8879	1.0	core
group_8870	group_8870	1.0	core
group_8869	group_8869	1.0	core
group_8865	group_8865	1.0	core
mraZ	mraZ	1.0	core
group_8860	group_8860	1.0	core
group_8859	group_8859	1.0	core
group_8854	group_8854	1.0	core
group_8853	group_8853	1.0	core
group_8852	group_8852	1.0	core
group_8851	group_8851	1.0	core
group_8850	group_8850	1.0	core
group_8849	group_8849	1.0	core
comF	comF	1.0	core
group_8848	group_8848	1.0	core
group_8847	group_8847	1.0	core
group_8842	group_8842	1.0	core
group_8841	group_8841	1.0	core
group_8828	group_8828	1.0	core
group_8826	group_8826	1.0	core
group_8824	group_8824	1.0	core
group_8815	group_8815	1.0	core
group_8805	group_8805	1.0	core
group_8801	group_8801	1.0	core
group_8794	group_8794	1.0	core
group_8791	group_8791	1.0	core
group_8790	group_8790	1.0	core
group_8789	group_8789	1.0	core
group_8788	group_8788	1.0	core
hemW	hemW	1.0	core
group_8781	group_8781	1.0	core
group_8775	group_8775	1.0	core
group_8770	group_8770	1.0	core
group_8768	group_8768	1.0	core
group_8760	group_8760	1.0	core
group_8757	group_8757	1.0	core
group_8754	group_8754	1.0	core
group_8744	group_8744	1.0	core
group_8743	group_8743	1.0	core
group_8742	group_8742	1.0	core
group_8740	group_8740	1.0	core
group_8739	group_8739	1.0	core
group_8738	group_8738	1.0	core
group_8732	group_8732	1.0	core
bioD	bioD	1.0	core
group_8729	group_8729	1.0	core
group_8728	group_8728	1.0	core
group_8727	group_8727	1.0	core
group_8725	group_8725	1.0	core
group_8719	group_8719	1.0	core
group_8714	group_8714	1.0	core
group_8713	group_8713	1.0	core
spoU	spoU	1.0	core
group_8711	group_8711	1.0	core
group_8710	group_8710	1.0	core
group_8707	group_8707	1.0	core
group_8705	group_8705	1.0	core
group_8704	group_8704	1.0	core
group_8703	group_8703	1.0	core
group_8702	group_8702	1.0	core
group_8701	group_8701	1.0	core
group_8700	group_8700	1.0	core
group_8695	group_8695	1.0	core
group_8690	group_8690	1.0	core
gldE	gldE	1.0	core
group_8689	group_8689	1.0	core
group_8686	group_8686	1.0	core
group_8684	group_8684	1.0	core
group_8682	group_8682	1.0	core
group_8679	group_8679	1.0	core
group_8670	group_8670	1.0	core
group_8669	group_8669	1.0	core
hydG	hydG	1.0	core
group_8662	group_8662	1.0	core
group_8658	group_8658	1.0	core
group_8656	group_8656	1.0	core
group_8655	group_8655	1.0	core
group_8653	group_8653	1.0	core
group_8652	group_8652	1.0	core
group_8651	group_8651	1.0	core
group_8650	group_8650	1.0	core
group_8649	group_8649	1.0	core
wbqC	wbqC	1.0	core
group_8639	group_8639	1.0	core
group_8635	group_8635	1.0	core
group_8634	group_8634	1.0	core
group_8632	group_8632	1.0	core
group_8631	group_8631	1.0	core
group_8629	group_8629	1.0	core
group_8628	group_8628	1.0	core
group_8623	group_8623	1.0	core
group_8622	group_8622	1.0	core
group_8621	group_8621	1.0	core
group_8620	group_8620	1.0	core
group_8619	group_8619	1.0	core
group_8617	group_8617	1.0	core
group_8616	group_8616	1.0	core
ppiC	ppiC	1.0	core
group_8615	group_8615	1.0	core
group_8613	group_8613	1.0	core
group_8610	group_8610	1.0	core
group_8607	group_8607	1.0	core
group_8606	group_8606	1.0	core
folD	folD	1.0	core
ydfG	ydfG	1.0	core
group_8593	group_8593	1.0	core
group_8592	group_8592	1.0	core
group_8591	group_8591	1.0	core
group_8586	group_8586	1.0	core
group_8585	group_8585	1.0	core
group_8583	group_8583	1.0	core
group_8582	group_8582	1.0	core
group_8581	group_8581	1.0	core
mnmG	mnmG	1.0	core
group_8579	group_8579	1.0	core
group_8578	group_8578	1.0	core
group_8577	group_8577	1.0	core
group_8575	group_8575	1.0	core
group_8574	group_8574	1.0	core
group_8572	group_8572	1.0	core
group_8570	group_8570	1.0	core
group_8569	group_8569	1.0	core
group_8568	group_8568	1.0	core
group_8563	group_8563	1.0	core
group_8562	group_8562	1.0	core
group_8559	group_8559	1.0	core
group_8557	group_8557	1.0	core
group_8550	group_8550	1.0	core
group_8546	group_8546	1.0	core
group_8538	group_8538	1.0	core
group_8536	group_8536	1.0	core
group_8535	group_8535	1.0	core
group_8534	group_8534	1.0	core
group_8530	group_8530	1.0	core
group_8528	group_8528	1.0	core
group_8526	group_8526	1.0	core
group_8525	group_8525	1.0	core
group_8524	group_8524	1.0	core
group_8523	group_8523	1.0	core
group_8519	group_8519	1.0	core
group_8518	group_8518	1.0	core
group_8517	group_8517	1.0	core
group_8516	group_8516	1.0	core
group_8514	group_8514	1.0	core
doxX	doxX	1.0	core
group_8512	group_8512	1.0	core
group_8511	group_8511	1.0	core
group_8510	group_8510	1.0	core
group_8503	group_8503	1.0	core
group_8500	group_8500	1.0	core
group_8499	group_8499	1.0	core
group_8498	group_8498	1.0	core
group_8497	group_8497	1.0	core
group_8495	group_8495	1.0	core
group_8494	group_8494	1.0	core
clpB	clpB	1.0	core
group_8488	group_8488	1.0	core
group_8487	group_8487	1.0	core
group_8484	group_8484	1.0	core
group_8483	group_8483	1.0	core
group_8482	group_8482	1.0	core
group_8477	group_8477	1.0	core
group_8469	group_8469	1.0	core
lptD	lptD	1.0	core
group_8466	group_8466	1.0	core
group_8464	group_8464	1.0	core
group_8462	group_8462	1.0	core
group_8461	group_8461	1.0	core
group_8460	group_8460	1.0	core
group_8455	group_8455	1.0	core
group_8454	group_8454	1.0	core
rsgA	rsgA	1.0	core
group_8450	group_8450	1.0	core
group_8446	group_8446	1.0	core
group_8445	group_8445	1.0	core
group_8443	group_8443	1.0	core
oprM	oprM	1.0	core
group_8437	group_8437	1.0	core
group_8436	group_8436	1.0	core
group_8433	group_8433	1.0	core
group_8428	group_8428	1.0	core
group_8427	group_8427	1.0	core
group_8423	group_8423	1.0	core
group_8421	group_8421	1.0	core
group_8419	group_8419	1.0	core
group_8418	group_8418	1.0	core
group_8416	group_8416	1.0	core
group_8410	group_8410	1.0	core
group_8406	group_8406	1.0	core
group_8405	group_8405	1.0	core
group_8392	group_8392	1.0	core
group_8386	group_8386	1.0	core
group_8383	group_8383	1.0	core
rodA	rodA	1.0	core
group_8381	group_8381	1.0	core
group_8375	group_8375	1.0	core
group_8370	group_8370	1.0	core
group_8369	group_8369	1.0	core
group_8366	group_8366	1.0	core
group_8358	group_8358	1.0	core
group_8357	group_8357	1.0	core
group_8347	group_8347	1.0	core
group_8342	group_8342	1.0	core
group_8340	group_8340	1.0	core
group_8332	group_8332	1.0	core
group_8331	group_8331	1.0	core
group_8330	group_8330	1.0	core
gldA	gldA	1.0	core
group_8328	group_8328	1.0	core
group_8324	group_8324	1.0	core
group_8318	group_8318	1.0	core
group_8316	group_8316	1.0	core
group_8313	group_8313	1.0	core
group_8311	group_8311	1.0	core
group_8309	group_8309	1.0	core
group_8308	group_8308	1.0	core
group_8300	group_8300	1.0	core
group_8298	group_8298	1.0	core
group_8297	group_8297	1.0	core
dnaA	dnaA	1.0	core
group_8288	group_8288	1.0	core
group_8287	group_8287	1.0	core
group_8285	group_8285	1.0	core
group_8284	group_8284	1.0	core
group_8282	group_8282	1.0	core
group_8281	group_8281	1.0	core
group_8279	group_8279	1.0	core
group_8276	group_8276	1.0	core
group_8273	group_8273	1.0	core
group_8257	group_8257	1.0	core
group_8256	group_8256	1.0	core
group_8254	group_8254	1.0	core
group_8248	group_8248	1.0	core
group_8246	group_8246	1.0	core
group_8234	group_8234	1.0	core
group_8226	group_8226	1.0	core
group_8222	group_8222	1.0	core
group_8219	group_8219	1.0	core
group_8216	group_8216	1.0	core
group_8209	group_8209	1.0	core
group_8207	group_8207	1.0	core
group_8206	group_8206	1.0	core
group_8203	group_8203	1.0	core
group_8202	group_8202	1.0	core
group_8201	group_8201	1.0	core
group_8197	group_8197	1.0	core
group_8191	group_8191	1.0	core
group_8190	group_8190	1.0	core
group_8185	group_8185	1.0	core
group_8184	group_8184	1.0	core
group_8183	group_8183	1.0	core
group_8182	group_8182	1.0	core
group_8180	group_8180	1.0	core
group_8178	group_8178	1.0	core
group_8177	group_8177	1.0	core
group_8175	group_8175	1.0	core
group_8174	group_8174	1.0	core
group_8172	group_8172	1.0	core
group_8170	group_8170	1.0	core
group_8164	group_8164	1.0	core
group_8161	group_8161	1.0	core
group_8159	group_8159	1.0	core
group_8154	group_8154	1.0	core
group_8152	group_8152	1.0	core
group_8148	group_8148	1.0	core
group_8144	group_8144	1.0	core
bamA	bamA	1.0	core
group_8142	group_8142	1.0	core
group_8138	group_8138	1.0	core
group_8137	group_8137	1.0	core
group_8136	group_8136	1.0	core
group_8135	group_8135	1.0	core
mreC	mreC	1.0	core
group_8134	group_8134	1.0	core
group_8129	group_8129	1.0	core
group_8127	group_8127	1.0	core
group_8125	group_8125	1.0	core
group_8123	group_8123	1.0	core
group_8120	group_8120	1.0	core
group_8119	group_8119	1.0	core
group_8118	group_8118	1.0	core
group_8116	group_8116	1.0	core
group_8114	group_8114	1.0	core
group_8113	group_8113	1.0	core
group_8111	group_8111	1.0	core
group_8110	group_8110	1.0	core
group_8108	group_8108	1.0	core
group_8107	group_8107	1.0	core
group_8104	group_8104	1.0	core
group_8103	group_8103	1.0	core
group_8101	group_8101	1.0	core
group_8098	group_8098	1.0	core
group_8095	group_8095	1.0	core
group_8086	group_8086	1.0	core
group_8085	group_8085	1.0	core
group_8084	group_8084	1.0	core
group_8079	group_8079	1.0	core
group_8077	group_8077	1.0	core
group_8075	group_8075	1.0	core
group_8074	group_8074	1.0	core
group_8071	group_8071	1.0	core
group_8063	group_8063	1.0	core
group_8062	group_8062	1.0	core
group_8059	group_8059	1.0	core
group_8057	group_8057	1.0	core
group_8056	group_8056	1.0	core
group_8053	group_8053	1.0	core
group_8052	group_8052	1.0	core
group_8050	group_8050	1.0	core
group_8046	group_8046	1.0	core
group_8045	group_8045	1.0	core
group_8042	group_8042	1.0	core
group_8041	group_8041	1.0	core
group_8038	group_8038	1.0	core
group_8033	group_8033	1.0	core
group_8031	group_8031	1.0	core
group_8029	group_8029	1.0	core
group_8028	group_8028	1.0	core
group_8027	group_8027	1.0	core
group_8026	group_8026	1.0	core
group_8024	group_8024	1.0	core
group_8020	group_8020	1.0	core
group_8019	group_8019	1.0	core
group_8018	group_8018	1.0	core
group_8017	group_8017	1.0	core
group_8015	group_8015	1.0	core
group_8013	group_8013	1.0	core
group_8012	group_8012	1.0	core
group_8011	group_8011	1.0	core
group_8009	group_8009	1.0	core
group_8005	group_8005	1.0	core
group_8004	group_8004	1.0	core
group_8003	group_8003	1.0	core
group_8002	group_8002	1.0	core
group_7999	group_7999	1.0	core
group_7995	group_7995	1.0	core
group_7994	group_7994	1.0	core
group_7993	group_7993	1.0	core
group_7987	group_7987	1.0	core
group_7986	group_7986	1.0	core
group_7985	group_7985	1.0	core
group_7984	group_7984	1.0	core
group_7983	group_7983	1.0	core
group_7980	group_7980	1.0	core
group_7978	group_7978	1.0	core
group_7977	group_7977	1.0	core
group_7974	group_7974	1.0	core
group_7973	group_7973	1.0	core
group_7971	group_7971	1.0	core
group_7970	group_7970	1.0	core
group_7969	group_7969	1.0	core
group_7968	group_7968	1.0	core
group_7966	group_7966	1.0	core
group_7964	group_7964	1.0	core
group_7958	group_7958	1.0	core
group_7956	group_7956	1.0	core
group_7954	group_7954	1.0	core
group_7952	group_7952	1.0	core
group_7950	group_7950	1.0	core
group_7948	group_7948	1.0	core
group_7945	group_7945	1.0	core
group_7943	group_7943	1.0	core
group_7942	group_7942	1.0	core
group_7939	group_7939	1.0	core
group_7903	group_7903	1.0	core
group_7892	group_7892	1.0	core
group_7820	group_7820	1.0	core
group_7810	group_7810	1.0	core
group_7808	group_7808	1.0	core
group_7801	group_7801	1.0	core
group_7797	group_7797	1.0	core
group_7791	group_7791	1.0	core
group_7790	group_7790	1.0	core
group_7776	group_7776	1.0	core
group_7775	group_7775	1.0	core
group_7773	group_7773	1.0	core
fabG	fabG	1.0	core
group_7764	group_7764	1.0	core
group_7763	group_7763	1.0	core
group_7762	group_7762	1.0	core
group_7758	group_7758	1.0	core
group_7751	group_7751	1.0	core
group_7750	group_7750	1.0	core
group_7747	group_7747	1.0	core
group_7745	group_7745	1.0	core
group_7737	group_7737	1.0	core
group_7728	group_7728	1.0	core
group_7720	group_7720	1.0	core
group_7717	group_7717	1.0	core
group_7716	group_7716	1.0	core
group_7708	group_7708	1.0	core
rhlE	rhlE	1.0	core
group_7700	group_7700	1.0	core
group_7686	group_7686	1.0	core
group_7682	group_7682	1.0	core
group_7669	group_7669	1.0	core
group_7666	group_7666	1.0	core
group_7659	group_7659	1.0	core
group_7653	group_7653	1.0	core
group_7642	group_7642	1.0	core
group_7634	group_7634	1.0	core
group_7628	group_7628	1.0	core
group_7627	group_7627	1.0	core
group_7625	group_7625	1.0	core
group_7623	group_7623	1.0	core
group_7622	group_7622	1.0	core
group_7621	group_7621	1.0	core
group_7603	group_7603	1.0	core
group_7601	group_7601	1.0	core
potA	potA	1.0	core
group_7598	group_7598	1.0	core
group_7597	group_7597	1.0	core
group_7596	group_7596	1.0	core
group_7594	group_7594	1.0	core
group_7569	group_7569	1.0	core
group_7562	group_7562	1.0	core
group_7557	group_7557	1.0	core
ppaX	ppaX	1.0	core
group_7548	group_7548	1.0	core
group_7547	group_7547	1.0	core
group_7546	group_7546	1.0	core
group_7545	group_7545	1.0	core
group_7534	group_7534	1.0	core
group_7530	group_7530	1.0	core
group_7523	group_7523	1.0	core
group_7522	group_7522	1.0	core
group_7519	group_7519	1.0	core
group_7510	group_7510	1.0	core
group_7502	group_7502	1.0	core
group_7501	group_7501	1.0	core
group_7500	group_7500	1.0	core
group_7499	group_7499	1.0	core
group_7498	group_7498	1.0	core
group_7497	group_7497	1.0	core
group_7492	group_7492	1.0	core
group_7486	group_7486	1.0	core
group_7478	group_7478	1.0	core
group_7476	group_7476	1.0	core
group_7462	group_7462	1.0	core
group_7461	group_7461	1.0	core
group_7460	group_7460	1.0	core
greA	greA	1.0	core
group_7450	group_7450	1.0	core
group_7439	group_7439	1.0	core
group_7438	group_7438	1.0	core
group_7436	group_7436	1.0	core
group_7416	group_7416	1.0	core
group_7411	group_7411	1.0	core
group_7410	group_7410	1.0	core
yfiO	yfiO	1.0	core
group_7398	group_7398	1.0	core
group_7392	group_7392	1.0	core
group_7389	group_7389	1.0	core
group_7388	group_7388	1.0	core
group_7380	group_7380	1.0	core
group_7379	group_7379	1.0	core
group_7372	group_7372	1.0	core
group_7371	group_7371	1.0	core
group_7365	group_7365	1.0	core
group_7364	group_7364	1.0	core
group_7360	group_7360	1.0	core
group_7357	group_7357	1.0	core
group_7354	group_7354	1.0	core
group_7341	group_7341	1.0	core
group_7339	group_7339	1.0	core
group_7337	group_7337	1.0	core
group_7335	group_7335	1.0	core
group_7328	group_7328	1.0	core
group_7323	group_7323	1.0	core
group_7322	group_7322	1.0	core
group_7320	group_7320	1.0	core
group_7318	group_7318	1.0	core
group_7316	group_7316	1.0	core
group_7306	group_7306	1.0	core
group_7302	group_7302	1.0	core
group_7300	group_7300	1.0	core
group_7299	group_7299	1.0	core
group_7298	group_7298	1.0	core
group_7297	group_7297	1.0	core
group_7292	group_7292	1.0	core
group_7285	group_7285	1.0	core
group_7284	group_7284	1.0	core
group_7283	group_7283	1.0	core
group_7281	group_7281	1.0	core
group_7278	group_7278	1.0	core
group_7273	group_7273	1.0	core
group_7272	group_7272	1.0	core
group_7270	group_7270	1.0	core
group_7267	group_7267	1.0	core
mauE	mauE	1.0	core
group_7262	group_7262	1.0	core
group_7256	group_7256	1.0	core
group_7254	group_7254	1.0	core
group_7252	group_7252	1.0	core
group_7250	group_7250	1.0	core
group_7248	group_7248	1.0	core
group_7246	group_7246	1.0	core
group_7245	group_7245	1.0	core
group_7233	group_7233	1.0	core
group_7231	group_7231	1.0	core
group_7230	group_7230	1.0	core
group_7220	group_7220	1.0	core
group_7214	group_7214	1.0	core
group_7213	group_7213	1.0	core
group_7210	group_7210	1.0	core
group_7195	group_7195	1.0	core
group_7194	group_7194	1.0	core
group_7192	group_7192	1.0	core
group_7191	group_7191	1.0	core
group_7189	group_7189	1.0	core
group_7188	group_7188	1.0	core
hisF	hisF	1.0	core
group_7187	group_7187	1.0	core
group_7186	group_7186	1.0	core
group_7185	group_7185	1.0	core
group_7184	group_7184	1.0	core
group_7179	group_7179	1.0	core
recR	recR	1.0	core
group_7178	group_7178	1.0	core
group_7174	group_7174	1.0	core
group_7159	group_7159	1.0	core
group_7158	group_7158	1.0	core
group_7156	group_7156	1.0	core
group_7155	group_7155	1.0	core
group_7152	group_7152	1.0	core
group_7150	group_7150	1.0	core
group_7147	group_7147	1.0	core
group_7146	group_7146	1.0	core
group_7143	group_7143	1.0	core
group_7139	group_7139	1.0	core
group_7136	group_7136	1.0	core
group_7129	group_7129	1.0	core
group_7126	group_7126	1.0	core
group_7125	group_7125	1.0	core
group_7124	group_7124	1.0	core
group_7123	group_7123	1.0	core
group_7120	group_7120	1.0	core
group_7119	group_7119	1.0	core
group_7117	group_7117	1.0	core
group_7115	group_7115	1.0	core
group_7114	group_7114	1.0	core
group_7113	group_7113	1.0	core
group_7107	group_7107	1.0	core
group_7102	group_7102	1.0	core
group_7100	group_7100	1.0	core
group_7094	group_7094	1.0	core
group_7088	group_7088	1.0	core
pstB	pstB	1.0	core
group_7084	group_7084	1.0	core
group_7083	group_7083	1.0	core
group_7082	group_7082	1.0	core
group_7080	group_7080	1.0	core
group_7079	group_7079	1.0	core
group_7078	group_7078	1.0	core
group_7077	group_7077	1.0	core
yabD	yabD	1.0	core
group_7076	group_7076	1.0	core
group_7072	group_7072	1.0	core
mecI	mecI	1.0	core
group_7068	group_7068	1.0	core
group_7065	group_7065	1.0	core
group_7064	group_7064	1.0	core
group_7063	group_7063	1.0	core
group_7056	group_7056	1.0	core
group_7053	group_7053	1.0	core
group_7052	group_7052	1.0	core
group_7047	group_7047	1.0	core
group_7046	group_7046	1.0	core
group_7040	group_7040	1.0	core
group_7035	group_7035	1.0	core
group_7034	group_7034	1.0	core
sufD	sufD	1.0	core
group_7020	group_7020	1.0	core
group_7019	group_7019	1.0	core
group_7018	group_7018	1.0	core
group_7017	group_7017	1.0	core
group_7015	group_7015	1.0	core
group_7014	group_7014	1.0	core
group_7011	group_7011	1.0	core
group_7008	group_7008	1.0	core
parB	parB	1.0	core
group_7004	group_7004	1.0	core
group_7000	group_7000	1.0	core
group_6997	group_6997	1.0	core
group_6996	group_6996	1.0	core
group_6991	group_6991	1.0	core
group_6986	group_6986	1.0	core
group_6984	group_6984	1.0	core
group_6982	group_6982	1.0	core
group_6981	group_6981	1.0	core
group_6978	group_6978	1.0	core
group_6977	group_6977	1.0	core
group_6976	group_6976	1.0	core
group_6975	group_6975	1.0	core
group_6973	group_6973	1.0	core
group_6972	group_6972	1.0	core
group_6970	group_6970	1.0	core
group_6968	group_6968	1.0	core
group_6967	group_6967	1.0	core
group_6965	group_6965	1.0	core
group_6961	group_6961	1.0	core
tsaE	tsaE	1.0	core
group_6955	group_6955	1.0	core
group_6952	group_6952	1.0	core
group_6946	group_6946	1.0	core
group_6944	group_6944	1.0	core
group_6943	group_6943	1.0	core
group_6941	group_6941	1.0	core
group_6939	group_6939	1.0	core
group_6938	group_6938	1.0	core
group_6936	group_6936	1.0	core
group_6935	group_6935	1.0	core
group_6934	group_6934	1.0	core
group_6931	group_6931	1.0	core
group_6930	group_6930	1.0	core
group_6927	group_6927	1.0	core
group_6920	group_6920	1.0	core
group_6918	group_6918	1.0	core
group_6917	group_6917	1.0	core
hisH	hisH	1.0	core
group_6911	group_6911	1.0	core
group_6910	group_6910	1.0	core
group_6909	group_6909	1.0	core
group_6907	group_6907	1.0	core
group_6906	group_6906	1.0	core
group_6905	group_6905	1.0	core
group_6900	group_6900	1.0	core
group_6898	group_6898	1.0	core
group_6894	group_6894	1.0	core
group_6893	group_6893	1.0	core
group_6892	group_6892	1.0	core
group_6890	group_6890	1.0	core
group_6889	group_6889	1.0	core
group_6887	group_6887	1.0	core
group_6886	group_6886	1.0	core
group_6885	group_6885	1.0	core
group_6882	group_6882	1.0	core
uvrD2	uvrD2	1.0	core
group_6879	group_6879	1.0	core
group_6876	group_6876	1.0	core
group_6875	group_6875	1.0	core
group_6874	group_6874	1.0	core
ruvA	ruvA	1.0	core
group_6870	group_6870	1.0	core
group_6866	group_6866	1.0	core
group_6853	group_6853	1.0	core
group_6850	group_6850	1.0	core
group_6846	group_6846	1.0	core
group_6844	group_6844	1.0	core
group_6832	group_6832	1.0	core
group_6828	group_6828	1.0	core
group_6824	group_6824	1.0	core
group_6823	group_6823	1.0	core
group_6818	group_6818	1.0	core
group_6817	group_6817	1.0	core
group_6816	group_6816	1.0	core
estD	estD	1.0	core
group_6815	group_6815	1.0	core
group_6812	group_6812	1.0	core
group_6807	group_6807	1.0	core
group_6802	group_6802	1.0	core
group_6795	group_6795	1.0	core
group_6794	group_6794	1.0	core
group_6791	group_6791	1.0	core
group_6789	group_6789	1.0	core
group_6787	group_6787	1.0	core
group_6783	group_6783	1.0	core
group_6780	group_6780	1.0	core
group_6779	group_6779	1.0	core
group_6778	group_6778	1.0	core
group_6776	group_6776	1.0	core
group_6773	group_6773	1.0	core
group_6771	group_6771	1.0	core
group_6767	group_6767	1.0	core
group_6766	group_6766	1.0	core
group_6764	group_6764	1.0	core
group_6761	group_6761	1.0	core
group_6760	group_6760	1.0	core
nifU	nifU	1.0	core
group_6751	group_6751	1.0	core
group_6750	group_6750	1.0	core
group_6749	group_6749	1.0	core
group_6747	group_6747	1.0	core
group_6745	group_6745	1.0	core
group_6740	group_6740	1.0	core
group_6738	group_6738	1.0	core
group_6736	group_6736	1.0	core
group_6735	group_6735	1.0	core
group_6734	group_6734	1.0	core
group_6731	group_6731	1.0	core
cobD	cobD	1.0	core
group_6720	group_6720	1.0	core
group_6719	group_6719	1.0	core
group_6713	group_6713	1.0	core
group_6707	group_6707	1.0	core
group_6705	group_6705	1.0	core
group_6697	group_6697	1.0	core
group_6696	group_6696	1.0	core
group_6693	group_6693	1.0	core
group_6688	group_6688	1.0	core
group_6683	group_6683	1.0	core
group_6679	group_6679	1.0	core
group_6675	group_6675	1.0	core
group_6674	group_6674	1.0	core
group_6673	group_6673	1.0	core
group_6668	group_6668	1.0	core
group_6666	group_6666	1.0	core
group_6664	group_6664	1.0	core
group_6663	group_6663	1.0	core
group_6662	group_6662	1.0	core
group_6660	group_6660	1.0	core
group_6656	group_6656	1.0	core
group_6655	group_6655	1.0	core
group_6649	group_6649	1.0	core
group_6648	group_6648	1.0	core
group_6640	group_6640	1.0	core
group_6636	group_6636	1.0	core
group_6633	group_6633	1.0	core
group_6632	group_6632	1.0	core
group_6629	group_6629	1.0	core
group_6626	group_6626	1.0	core
group_6625	group_6625	1.0	core
group_6622	group_6622	1.0	core
group_6618	group_6618	1.0	core
group_6617	group_6617	1.0	core
group_6610	group_6610	1.0	core
group_6601	group_6601	1.0	core
group_6597	group_6597	1.0	core
group_6596	group_6596	1.0	core
group_6586	group_6586	1.0	core
group_6583	group_6583	1.0	core
group_6580	group_6580	1.0	core
group_6578	group_6578	1.0	core
group_6577	group_6577	1.0	core
group_6575	group_6575	1.0	core
group_6574	group_6574	1.0	core
group_6572	group_6572	1.0	core
group_6571	group_6571	1.0	core
group_6570	group_6570	1.0	core
group_6569	group_6569	1.0	core
wbuC	wbuC	1.0	core
group_6563	group_6563	1.0	core
group_6562	group_6562	1.0	core
queH	queH	1.0	core
group_6559	group_6559	1.0	core
pstA	pstA	1.0	core
ftsY	ftsY	1.0	core
group_6552	group_6552	1.0	core
group_6550	group_6550	1.0	core
group_6545	group_6545	1.0	core
group_6544	group_6544	1.0	core
group_6543	group_6543	1.0	core
group_6541	group_6541	1.0	core
mutS2	mutS2	1.0	core
pspC	pspC	1.0	core
group_6516	group_6516	1.0	core
group_6515	group_6515	1.0	core
group_6513	group_6513	1.0	core
group_6512	group_6512	1.0	core
group_6508	group_6508	1.0	core
group_6507	group_6507	1.0	core
group_6504	group_6504	1.0	core
group_6495	group_6495	1.0	core
group_6494	group_6494	1.0	core
group_6491	group_6491	1.0	core
group_6489	group_6489	1.0	core
group_6487	group_6487	1.0	core
group_6486	group_6486	1.0	core
group_6485	group_6485	1.0	core
group_6479	group_6479	1.0	core
group_6477	group_6477	1.0	core
group_6476	group_6476	1.0	core
group_6475	group_6475	1.0	core
group_6467	group_6467	1.0	core
group_6466	group_6466	1.0	core
group_6465	group_6465	1.0	core
group_6461	group_6461	1.0	core
group_6455	group_6455	1.0	core
group_6454	group_6454	1.0	core
group_6453	group_6453	1.0	core
group_6452	group_6452	1.0	core
group_6450	group_6450	1.0	core
group_6449	group_6449	1.0	core
group_6448	group_6448	1.0	core
group_6439	group_6439	1.0	core
group_6437	group_6437	1.0	core
group_6435	group_6435	1.0	core
group_6434	group_6434	1.0	core
group_6433	group_6433	1.0	core
group_6432	group_6432	1.0	core
group_6429	group_6429	1.0	core
group_6426	group_6426	1.0	core
group_6421	group_6421	1.0	core
group_6420	group_6420	1.0	core
group_6418	group_6418	1.0	core
group_6417	group_6417	1.0	core
group_6416	group_6416	1.0	core
group_6415	group_6415	1.0	core
group_6413	group_6413	1.0	core
group_6411	group_6411	1.0	core
group_6410	group_6410	1.0	core
group_6409	group_6409	1.0	core
group_6408	group_6408	1.0	core
group_6407	group_6407	1.0	core
group_6404	group_6404	1.0	core
group_6403	group_6403	1.0	core
group_6397	group_6397	1.0	core
lptC	lptC	1.0	core
group_6395	group_6395	1.0	core
group_6394	group_6394	1.0	core
group_6393	group_6393	1.0	core
group_6392	group_6392	1.0	core
group_6385	group_6385	1.0	core
trkH	trkH	1.0	core
group_6380	group_6380	1.0	core
group_6378	group_6378	1.0	core
group_6377	group_6377	1.0	core
group_6375	group_6375	1.0	core
group_6374	group_6374	1.0	core
group_6373	group_6373	1.0	core
group_6372	group_6372	1.0	core
group_6369	group_6369	1.0	core
group_6362	group_6362	1.0	core
group_6361	group_6361	1.0	core
group_6354	group_6354	1.0	core
group_6352	group_6352	1.0	core
group_6351	group_6351	1.0	core
group_6349	group_6349	1.0	core
group_6348	group_6348	1.0	core
group_6346	group_6346	1.0	core
group_6344	group_6344	1.0	core
group_6343	group_6343	1.0	core
group_6339	group_6339	1.0	core
gldH	gldH	1.0	core
group_6333	group_6333	1.0	core
group_6332	group_6332	1.0	core
group_6331	group_6331	1.0	core
group_6329	group_6329	1.0	core
group_6325	group_6325	1.0	core
group_6323	group_6323	1.0	core
group_6313	group_6313	1.0	core
group_6312	group_6312	1.0	core
group_6311	group_6311	1.0	core
group_6308	group_6308	1.0	core
group_6306	group_6306	1.0	core
group_6300	group_6300	1.0	core
group_6299	group_6299	1.0	core
group_6297	group_6297	1.0	core
group_6296	group_6296	1.0	core
mnmE	mnmE	1.0	core
group_6295	group_6295	1.0	core
group_6290	group_6290	1.0	core
rsmD	rsmD	1.0	core
group_6288	group_6288	1.0	core
group_6286	group_6286	1.0	core
group_6284	group_6284	1.0	core
group_6283	group_6283	1.0	core
group_6280	group_6280	1.0	core
group_6279	group_6279	1.0	core
group_6275	group_6275	1.0	core
group_6274	group_6274	1.0	core
group_6273	group_6273	1.0	core
group_6270	group_6270	1.0	core
mnmA	mnmA	1.0	core
group_6259	group_6259	1.0	core
group_6258	group_6258	1.0	core
group_6257	group_6257	1.0	core
cstA	cstA	1.0	core
group_6254	group_6254	1.0	core
group_6251	group_6251	1.0	core
group_6249	group_6249	1.0	core
group_6246	group_6246	1.0	core
ulaF	ulaF	1.0	core
group_6244	group_6244	1.0	core
group_6242	group_6242	1.0	core
group_6241	group_6241	1.0	core
group_6240	group_6240	1.0	core
group_6239	group_6239	1.0	core
group_6234	group_6234	1.0	core
ruvB	ruvB	1.0	core
group_6229	group_6229	1.0	core
cutC	cutC	1.0	core
zapA	zapA	1.0	core
group_6219	group_6219	1.0	core
group_6217	group_6217	1.0	core
cysQ	cysQ	1.0	core
group_6216	group_6216	1.0	core
group_6215	group_6215	1.0	core
group_6213	group_6213	1.0	core
group_6210	group_6210	1.0	core
group_6205	group_6205	1.0	core
group_6204	group_6204	1.0	core
group_6203	group_6203	1.0	core
group_6202	group_6202	1.0	core
group_6200	group_6200	1.0	core
group_6197	group_6197	1.0	core
group_6195	group_6195	1.0	core
group_6194	group_6194	1.0	core
group_6193	group_6193	1.0	core
group_6190	group_6190	1.0	core
group_6181	group_6181	1.0	core
ywqN	ywqN	1.0	core
group_6174	group_6174	1.0	core
group_6173	group_6173	1.0	core
group_6169	group_6169	1.0	core
group_6167	group_6167	1.0	core
group_6163	group_6163	1.0	core
group_6154	group_6154	1.0	core
group_6152	group_6152	1.0	core
group_6150	group_6150	1.0	core
group_6146	group_6146	1.0	core
group_6142	group_6142	1.0	core
group_6140	group_6140	1.0	core
tdcF~~~ridA	tdcF~~~ridA	1.0	core
group_6139	group_6139	1.0	core
group_6138	group_6138	1.0	core
recQ	recQ	1.0	core
group_6135	group_6135	1.0	core
group_6133	group_6133	1.0	core
group_6132	group_6132	1.0	core
group_6127	group_6127	1.0	core
group_6126	group_6126	1.0	core
group_6125	group_6125	1.0	core
group_6120	group_6120	1.0	core
group_6116	group_6116	1.0	core
group_6115	group_6115	1.0	core
group_6113	group_6113	1.0	core
group_6110	group_6110	1.0	core
group_6107	group_6107	1.0	core
group_6104	group_6104	1.0	core
group_6101	group_6101	1.0	core
group_6099	group_6099	1.0	core
group_6098	group_6098	1.0	core
group_6096	group_6096	1.0	core
group_6094	group_6094	1.0	core
oadG	oadG	1.0	core
group_6092	group_6092	1.0	core
group_6091	group_6091	1.0	core
group_6090	group_6090	1.0	core
group_6089	group_6089	1.0	core
group_6088	group_6088	1.0	core
group_6087	group_6087	1.0	core
group_6085	group_6085	1.0	core
group_6084	group_6084	1.0	core
group_6081	group_6081	1.0	core
group_6080	group_6080	1.0	core
group_6079	group_6079	1.0	core
group_6067	group_6067	1.0	core
group_6064	group_6064	1.0	core
group_6063	group_6063	1.0	core
group_6062	group_6062	1.0	core
group_6058	group_6058	1.0	core
group_6056	group_6056	1.0	core
group_6053	group_6053	1.0	core
group_6052	group_6052	1.0	core
group_6039	group_6039	1.0	core
group_6034	group_6034	1.0	core
group_6031	group_6031	1.0	core
group_6029	group_6029	1.0	core
group_6025	group_6025	1.0	core
floA	floA	1.0	core
group_6024	group_6024	1.0	core
group_6023	group_6023	1.0	core
group_6022	group_6022	1.0	core
group_6020	group_6020	1.0	core
group_6004	group_6004	1.0	core
group_6001	group_6001	1.0	core
group_6000	group_6000	1.0	core
group_5997	group_5997	1.0	core
group_5995	group_5995	1.0	core
group_5994	group_5994	1.0	core
group_5993	group_5993	1.0	core
group_5992	group_5992	1.0	core
rprX	rprX	1.0	core
group_5984	group_5984	1.0	core
group_5982	group_5982	1.0	core
group_5979	group_5979	1.0	core
group_5977	group_5977	1.0	core
group_5976	group_5976	1.0	core
cobW	cobW	1.0	core
group_5974	group_5974	1.0	core
group_5973	group_5973	1.0	core
group_5972	group_5972	1.0	core
group_5971	group_5971	1.0	core
group_5968	group_5968	1.0	core
group_5965	group_5965	1.0	core
group_5964	group_5964	1.0	core
group_5961	group_5961	1.0	core
group_5959	group_5959	1.0	core
group_5957	group_5957	1.0	core
group_5955	group_5955	1.0	core
hisB	hisB	1.0	core
group_5952	group_5952	1.0	core
group_5945	group_5945	1.0	core
pnuC	pnuC	1.0	core
group_5944	group_5944	1.0	core
group_5942	group_5942	1.0	core
group_5940	group_5940	1.0	core
group_5939	group_5939	1.0	core
group_5935	group_5935	1.0	core
group_5934	group_5934	1.0	core
group_5933	group_5933	1.0	core
group_5931	group_5931	1.0	core
group_5928	group_5928	1.0	core
group_5921	group_5921	1.0	core
group_5919	group_5919	1.0	core
group_5914	group_5914	1.0	core
lolA	lolA	1.0	core
group_5913	group_5913	1.0	core
group_5906	group_5906	1.0	core
group_5905	group_5905	1.0	core
group_5902	group_5902	1.0	core
group_5901	group_5901	1.0	core
group_5899	group_5899	1.0	core
group_5898	group_5898	1.0	core
group_5897	group_5897	1.0	core
group_5896	group_5896	1.0	core
group_5894	group_5894	1.0	core
group_5892	group_5892	1.0	core
group_5889	group_5889	1.0	core
group_5877	group_5877	1.0	core
group_5876	group_5876	1.0	core
lysM	lysM	1.0	core
group_5869	group_5869	1.0	core
group_5868	group_5868	1.0	core
group_5866	group_5866	1.0	core
group_5865	group_5865	1.0	core
group_5856	group_5856	1.0	core
group_5854	group_5854	1.0	core
group_5852	group_5852	1.0	core
group_5851	group_5851	1.0	core
group_5850	group_5850	1.0	core
mdtE	mdtE	1.0	core
group_5849	group_5849	1.0	core
group_5848	group_5848	1.0	core
group_5847	group_5847	1.0	core
group_5838	group_5838	1.0	core
group_5835	group_5835	1.0	core
group_5834	group_5834	1.0	core
group_5833	group_5833	1.0	core
group_5824	group_5824	1.0	core
group_5822	group_5822	1.0	core
group_5819	group_5819	1.0	core
group_5818	group_5818	1.0	core
group_5817	group_5817	1.0	core
group_5807	group_5807	1.0	core
tatC	tatC	1.0	core
group_5792	group_5792	1.0	core
group_5791	group_5791	1.0	core
group_5788	group_5788	1.0	core
group_5786	group_5786	1.0	core
group_5785	group_5785	1.0	core
group_5755	group_5755	1.0	core
group_5754	group_5754	1.0	core
group_5745	group_5745	1.0	core
group_5744	group_5744	1.0	core
group_5741	group_5741	1.0	core
group_5739	group_5739	1.0	core
group_5738	group_5738	1.0	core
uspA	uspA	1.0	core
pfkB	pfkB	1.0	core
group_5701	group_5701	1.0	core
group_5700	group_5700	1.0	core
mreB	mreB	1.0	core
group_5698	group_5698	1.0	core
group_5674	group_5674	1.0	core
group_5672	group_5672	1.0	core
group_5654	group_5654	1.0	core
group_5647	group_5647	1.0	core
group_5637	group_5637	1.0	core
group_5629	group_5629	1.0	core
group_5603	group_5603	1.0	core
group_5602	group_5602	1.0	core
group_5589	group_5589	1.0	core
group_5588	group_5588	1.0	core
group_5585	group_5585	1.0	core
group_5578	group_5578	1.0	core
group_5577	group_5577	1.0	core
group_5566	group_5566	1.0	core
group_5564	group_5564	1.0	core
group_5563	group_5563	1.0	core
group_5561	group_5561	1.0	core
group_5559	group_5559	1.0	core
group_5558	group_5558	1.0	core
nrnA	nrnA	1.0	core
group_5556	group_5556	1.0	core
group_5553	group_5553	1.0	core
group_5542	group_5542	1.0	core
group_5532	group_5532	1.0	core
group_5529	group_5529	1.0	core
group_5528	group_5528	1.0	core
group_5523	group_5523	1.0	core
group_5520	group_5520	1.0	core
group_5518	group_5518	1.0	core
group_5502	group_5502	1.0	core
group_5501	group_5501	1.0	core
group_5499	group_5499	1.0	core
group_5498	group_5498	1.0	core
group_5496	group_5496	1.0	core
group_5486	group_5486	1.0	core
group_5469	group_5469	1.0	core
group_5467	group_5467	1.0	core
group_5460	group_5460	1.0	core
group_5452	group_5452	1.0	core
group_5445	group_5445	1.0	core
group_5444	group_5444	1.0	core
group_5435	group_5435	1.0	core
group_5433	group_5433	1.0	core
group_5428	group_5428	1.0	core
group_5424	group_5424	1.0	core
group_5420	group_5420	1.0	core
group_5417	group_5417	1.0	core
group_5411	group_5411	1.0	core
group_5409	group_5409	1.0	core
secY	secY	1.0	core
group_5401	group_5401	1.0	core
group_5400	group_5400	1.0	core
group_5397	group_5397	1.0	core
group_5394	group_5394	1.0	core
group_5393	group_5393	1.0	core
group_5391	group_5391	1.0	core
group_5390	group_5390	1.0	core
group_5383	group_5383	1.0	core
group_5376	group_5376	1.0	core
trmH	trmH	1.0	core
group_5365	group_5365	1.0	core
group_5354	group_5354	1.0	core
group_5351	group_5351	1.0	core
group_5344	group_5344	1.0	core
group_5341	group_5341	1.0	core
group_5337	group_5337	1.0	core
group_5336	group_5336	1.0	core
group_5335	group_5335	1.0	core
group_5333	group_5333	1.0	core
group_5331	group_5331	1.0	core
group_5329	group_5329	1.0	core
group_5319	group_5319	1.0	core
group_5317	group_5317	1.0	core
group_5313	group_5313	1.0	core
group_5312	group_5312	1.0	core
group_5304	group_5304	1.0	core
group_5296	group_5296	1.0	core
group_5293	group_5293	1.0	core
group_5289	group_5289	1.0	core
group_5288	group_5288	1.0	core
group_5287	group_5287	1.0	core
group_5286	group_5286	1.0	core
group_5275	group_5275	1.0	core
group_5269	group_5269	1.0	core
group_5266	group_5266	1.0	core
group_5261	group_5261	1.0	core
group_5257	group_5257	1.0	core
group_5254	group_5254	1.0	core
group_5248	group_5248	1.0	core
phoU	phoU	1.0	core
group_5241	group_5241	1.0	core
group_5229	group_5229	1.0	core
group_5228	group_5228	1.0	core
group_5227	group_5227	1.0	core
group_5218	group_5218	1.0	core
group_5215	group_5215	1.0	core
group_5214	group_5214	1.0	core
group_5212	group_5212	1.0	core
group_5208	group_5208	1.0	core
group_5191	group_5191	1.0	core
group_5181	group_5181	1.0	core
group_5180	group_5180	1.0	core
group_5171	group_5171	1.0	core
group_5170	group_5170	1.0	core
group_5161	group_5161	1.0	core
group_5158	group_5158	1.0	core
group_5151	group_5151	1.0	core
group_5150	group_5150	1.0	core
group_5129	group_5129	1.0	core
group_5125	group_5125	1.0	core
group_5089	group_5089	1.0	core
group_5088	group_5088	1.0	core
group_5086	group_5086	1.0	core
group_5085	group_5085	1.0	core
group_5058	group_5058	1.0	core
group_5050	group_5050	1.0	core
group_5047	group_5047	1.0	core
group_5045	group_5045	1.0	core
group_4980	group_4980	1.0	core
group_4974	group_4974	1.0	core
group_4971	group_4971	1.0	core
group_4967	group_4967	1.0	core
copG	copG	1.0	core
group_4943	group_4943	1.0	core
group_4942	group_4942	1.0	core
group_4911	group_4911	1.0	core
group_4892	group_4892	1.0	core
ftsX	ftsX	1.0	core
group_4889	group_4889	1.0	core
group_4888	group_4888	1.0	core
group_4870	group_4870	1.0	core
group_4865	group_4865	1.0	core
group_4864	group_4864	1.0	core
group_4843	group_4843	1.0	core
group_4841	group_4841	1.0	core
group_4838	group_4838	1.0	core
group_4825	group_4825	1.0	core
group_4823	group_4823	1.0	core
group_4809	group_4809	1.0	core
group_4789	group_4789	1.0	core
group_4786	group_4786	1.0	core
group_4784	group_4784	1.0	core
ychF	ychF	1.0	core
meaB	meaB	1.0	core
group_4780	group_4780	1.0	core
group_4776	group_4776	1.0	core
group_4760	group_4760	1.0	core
group_4751	group_4751	1.0	core
group_4750	group_4750	1.0	core
group_4730	group_4730	1.0	core
group_4712	group_4712	1.0	core
group_4701	group_4701	1.0	core
group_4695	group_4695	1.0	core
group_4692	group_4692	1.0	core
group_4691	group_4691	1.0	core
group_4690	group_4690	1.0	core
group_4686	group_4686	1.0	core
recA	recA	1.0	core
group_4676	group_4676	1.0	core
lysO	lysO	1.0	core
group_4667	group_4667	1.0	core
group_4664	group_4664	1.0	core
group_4648	group_4648	1.0	core
group_4623	group_4623	1.0	core
group_4620	group_4620	1.0	core
group_4616	group_4616	1.0	core
group_4612	group_4612	1.0	core
group_4595	group_4595	1.0	core
group_4569	group_4569	1.0	core
group_4563	group_4563	1.0	core
group_4562	group_4562	1.0	core
group_4560	group_4560	1.0	core
group_4540	group_4540	1.0	core
group_4539	group_4539	1.0	core
group_4537	group_4537	1.0	core
group_4536	group_4536	1.0	core
group_4525	group_4525	1.0	core
group_4519	group_4519	1.0	core
group_4514	group_4514	1.0	core
nhaC	nhaC	1.0	core
exbD	exbD	1.0	core
group_4491	group_4491	1.0	core
group_4485	group_4485	1.0	core
group_4482	group_4482	1.0	core
corA	corA	1.0	core
group_4477	group_4477	1.0	core
group_4476	group_4476	1.0	core
group_4474	group_4474	1.0	core
group_4471	group_4471	1.0	core
group_4456	group_4456	1.0	core
yheS	yheS	1.0	core
group_4446	group_4446	1.0	core
group_4438	group_4438	1.0	core
group_4434	group_4434	1.0	core
group_4420	group_4420	1.0	core
group_4418	group_4418	1.0	core
group_4416	group_4416	1.0	core
group_4414	group_4414	1.0	core
group_4411	group_4411	1.0	core
group_4409	group_4409	1.0	core
group_4405	group_4405	1.0	core
group_4403	group_4403	1.0	core
group_4395	group_4395	1.0	core
group_4392	group_4392	1.0	core
group_4382	group_4382	1.0	core
group_4373	group_4373	1.0	core
group_4372	group_4372	1.0	core
group_4371	group_4371	1.0	core
group_4369	group_4369	1.0	core
group_4365	group_4365	1.0	core
group_4359	group_4359	1.0	core
group_4358	group_4358	1.0	core
group_4354	group_4354	1.0	core
group_4347	group_4347	1.0	core
kdpC	kdpC	1.0	core
group_4342	group_4342	1.0	core
group_4335	group_4335	1.0	core
group_4326	group_4326	1.0	core
group_4325	group_4325	1.0	core
group_4320	group_4320	1.0	core
group_4319	group_4319	1.0	core
group_4299	group_4299	1.0	core
group_4297	group_4297	1.0	core
dprA	dprA	1.0	core
group_4287	group_4287	1.0	core
group_4284	group_4284	1.0	core
group_4280	group_4280	1.0	core
group_4268	group_4268	1.0	core
group_4267	group_4267	1.0	core
ribD	ribD	1.0	core
group_4253	group_4253	1.0	core
group_4252	group_4252	1.0	core
group_4243	group_4243	1.0	core
group_4242	group_4242	1.0	core
group_4241	group_4241	1.0	core
group_4240	group_4240	1.0	core
group_4233	group_4233	1.0	core
ybaN	ybaN	1.0	core
group_4214	group_4214	1.0	core
group_4207	group_4207	1.0	core
group_4201	group_4201	1.0	core
group_4191	group_4191	1.0	core
group_4189	group_4189	1.0	core
group_4169	group_4169	1.0	core
group_4156	group_4156	1.0	core
group_4155	group_4155	1.0	core
group_4149	group_4149	1.0	core
group_4146	group_4146	1.0	core
group_4135	group_4135	1.0	core
group_4129	group_4129	1.0	core
group_4092	group_4092	1.0	core
group_4091	group_4091	1.0	core
recF	recF	1.0	core
group_4086	group_4086	1.0	core
group_4082	group_4082	1.0	core
group_4079	group_4079	1.0	core
group_4078	group_4078	1.0	core
group_4066	group_4066	1.0	core
mntP	mntP	1.0	core
group_4062	group_4062	1.0	core
group_4054	group_4054	1.0	core
group_4035	group_4035	1.0	core
group_4025	group_4025	1.0	core
group_4022	group_4022	1.0	core
group_4021	group_4021	1.0	core
group_4020	group_4020	1.0	core
group_4016	group_4016	1.0	core
group_3992	group_3992	1.0	core
group_3987	group_3987	1.0	core
group_3986	group_3986	1.0	core
ygjK	ygjK	1.0	core
group_3978	group_3978	1.0	core
group_3975	group_3975	1.0	core
group_3971	group_3971	1.0	core
group_3967	group_3967	1.0	core
group_3961	group_3961	1.0	core
group_3955	group_3955	1.0	core
group_3948	group_3948	1.0	core
group_3927	group_3927	1.0	core
group_3925	group_3925	1.0	core
group_3922	group_3922	1.0	core
group_3916	group_3916	1.0	core
group_3909	group_3909	1.0	core
group_3898	group_3898	1.0	core
group_3895	group_3895	1.0	core
group_3891	group_3891	1.0	core
surE	surE	1.0	core
group_3889	group_3889	1.0	core
group_3888	group_3888	1.0	core
group_3887	group_3887	1.0	core
group_3882	group_3882	1.0	core
group_3878	group_3878	1.0	core
group_3867	group_3867	1.0	core
group_3859	group_3859	1.0	core
raiA	raiA	1.0	core
nusG	nusG	1.0	core
group_3843	group_3843	1.0	core
group_3826	group_3826	1.0	core
group_3825	group_3825	1.0	core
group_3824	group_3824	1.0	core
group_3811	group_3811	1.0	core
group_3804	group_3804	1.0	core
group_3800	group_3800	1.0	core
group_3798	group_3798	1.0	core
group_3794	group_3794	1.0	core
frrB	frrB	1.0	core
group_3789	group_3789	1.0	core
group_3787	group_3787	1.0	core
group_3780	group_3780	1.0	core
group_3772	group_3772	1.0	core
group_3771	group_3771	1.0	core
group_3766	group_3766	1.0	core
group_3763	group_3763	1.0	core
group_3761	group_3761	1.0	core
group_3760	group_3760	1.0	core
group_3759	group_3759	1.0	core
group_3749	group_3749	1.0	core
group_3739	group_3739	1.0	core
group_3733	group_3733	1.0	core
group_3732	group_3732	1.0	core
group_3731	group_3731	1.0	core
group_3727	group_3727	1.0	core
group_3723	group_3723	1.0	core
group_3722	group_3722	1.0	core
group_3719	group_3719	1.0	core
group_3711	group_3711	1.0	core
ykgB	ykgB	1.0	core
group_3677	group_3677	1.0	core
group_3672	group_3672	1.0	core
group_3666	group_3666	1.0	core
group_3663	group_3663	1.0	core
group_3662	group_3662	1.0	core
group_3658	group_3658	1.0	core
group_3654	group_3654	1.0	core
group_3646	group_3646	1.0	core
group_3645	group_3645	1.0	core
group_3640	group_3640	1.0	core
group_3625	group_3625	1.0	core
group_3622	group_3622	1.0	core
group_3617	group_3617	1.0	core
group_3613	group_3613	1.0	core
group_3612	group_3612	1.0	core
group_3609	group_3609	1.0	core
group_3597	group_3597	1.0	core
group_3593	group_3593	1.0	core
group_3586	group_3586	1.0	core
group_3583	group_3583	1.0	core
group_3580	group_3580	1.0	core
group_3578	group_3578	1.0	core
group_3566	group_3566	1.0	core
group_3562	group_3562	1.0	core
group_3558	group_3558	1.0	core
group_3551	group_3551	1.0	core
group_3541	group_3541	1.0	core
group_3538	group_3538	1.0	core
group_3528	group_3528	1.0	core
group_3526	group_3526	1.0	core
group_3523	group_3523	1.0	core
group_3515	group_3515	1.0	core
group_3499	group_3499	1.0	core
group_3492	group_3492	1.0	core
group_3488	group_3488	1.0	core
group_3486	group_3486	1.0	core
rprY	rprY	1.0	core
group_3479	group_3479	1.0	core
group_3478	group_3478	1.0	core
group_3475	group_3475	1.0	core
group_3474	group_3474	1.0	core
merR	merR	1.0	core
group_3468	group_3468	1.0	core
group_3459	group_3459	1.0	core
group_3457	group_3457	1.0	core
group_3456	group_3456	1.0	core
group_3447	group_3447	1.0	core
group_3435	group_3435	1.0	core
group_3423	group_3423	1.0	core
group_3422	group_3422	1.0	core
group_3420	group_3420	1.0	core
group_3414	group_3414	1.0	core
group_3402	group_3402	1.0	core
group_3397	group_3397	1.0	core
group_3388	group_3388	1.0	core
group_3386	group_3386	1.0	core
rmuC	rmuC	1.0	core
group_3380	group_3380	1.0	core
group_3378	group_3378	1.0	core
group_3376	group_3376	1.0	core
group_3375	group_3375	1.0	core
group_3374	group_3374	1.0	core
group_3362	group_3362	1.0	core
group_3358	group_3358	1.0	core
group_3356	group_3356	1.0	core
group_3355	group_3355	1.0	core
group_3347	group_3347	1.0	core
group_3342	group_3342	1.0	core
group_3341	group_3341	1.0	core
group_3340	group_3340	1.0	core
group_3339	group_3339	1.0	core
group_3338	group_3338	1.0	core
group_3337	group_3337	1.0	core
group_3334	group_3334	1.0	core
group_3323	group_3323	1.0	core
group_3319	group_3319	1.0	core
group_3318	group_3318	1.0	core
group_3303	group_3303	1.0	core
group_3300	group_3300	1.0	core
group_3297	group_3297	1.0	core
group_3295	group_3295	1.0	core
group_3276	group_3276	1.0	core
group_3275	group_3275	1.0	core
clpX	clpX	1.0	core
group_3273	group_3273	1.0	core
group_3251	group_3251	1.0	core
group_3250	group_3250	1.0	core
group_3245	group_3245	1.0	core
group_3231	group_3231	1.0	core
group_3226	group_3226	1.0	core
group_3218	group_3218	1.0	core
group_3215	group_3215	1.0	core
group_3205	group_3205	1.0	core
group_3193	group_3193	1.0	core
group_3191	group_3191	1.0	core
group_3181	group_3181	1.0	core
group_3180	group_3180	1.0	core
hflX	hflX	1.0	core
group_3152	group_3152	1.0	core
group_3151	group_3151	1.0	core
group_3147	group_3147	1.0	core
group_3141	group_3141	1.0	core
nusA	nusA	1.0	core
group_3091	group_3091	1.0	core
group_3064	group_3064	1.0	core
group_3063	group_3063	1.0	core
group_3059	group_3059	1.0	core
group_3031	group_3031	1.0	core
group_3029	group_3029	1.0	core
group_2898	group_2898	1.0	core
group_2897	group_2897	1.0	core
group_2866	group_2866	1.0	core
group_2864	group_2864	1.0	core
group_2860	group_2860	1.0	core
group_2856	group_2856	1.0	core
group_2823	group_2823	1.0	core
group_2792	group_2792	1.0	core
group_2675	group_2675	1.0	core
group_2645	group_2645	1.0	core
group_2644	group_2644	1.0	core
ftsW	ftsW	1.0	core
group_2619	group_2619	1.0	core
group_2618	group_2618	1.0	core
nhaA	nhaA	1.0	core
group_2584	group_2584	1.0	core
group_2558	group_2558	1.0	core
group_2534	group_2534	1.0	core
group_2529	group_2529	1.0	core
group_2527	group_2527	1.0	core
group_2524	group_2524	1.0	core
group_2505	group_2505	1.0	core
group_2470	group_2470	1.0	core
group_2456	group_2456	1.0	core
group_2450	group_2450	1.0	core
group_2447	group_2447	1.0	core
group_2427	group_2427	1.0	core
trkA	trkA	1.0	core
group_2390	group_2390	1.0	core
group_2388	group_2388	1.0	core
group_2376	group_2376	1.0	core
group_2372	group_2372	1.0	core
ntrC	ntrC	1.0	core
group_2179	group_2179	1.0	core
group_2121	group_2121	1.0	core
group_2101	group_2101	1.0	core
group_2088	group_2088	1.0	core
carD	carD	1.0	core
group_2087	group_2087	1.0	core
group_2075	group_2075	1.0	core
group_2074	group_2074	1.0	core
group_2055	group_2055	1.0	core
group_2054	group_2054	1.0	core
group_2011	group_2011	1.0	core
mepA	mepA	1.0	core
group_1998	group_1998	1.0	core
group_1957	group_1957	1.0	core
group_1950	group_1950	1.0	core
group_1938	group_1938	1.0	core
group_1931	group_1931	1.0	core
hldE	hldE	1.0	core
ftsA	ftsA	1.0	core
abgT	abgT	1.0	core
group_1912	group_1912	1.0	core
group_1904	group_1904	1.0	core
group_1903	group_1903	1.0	core
group_1876	group_1876	1.0	core
group_1861	group_1861	1.0	core
group_1854	group_1854	1.0	core
sufB	sufB	1.0	core
group_1840	group_1840	1.0	core
group_1839	group_1839	1.0	core
group_1834	group_1834	1.0	core
group_1783	group_1783	1.0	core
group_1762	group_1762	1.0	core
group_1755	group_1755	1.0	core
group_1754	group_1754	1.0	core
group_1747	group_1747	1.0	core
group_1734	group_1734	1.0	core
group_1724	group_1724	1.0	core
group_1703	group_1703	1.0	core
group_1690	group_1690	1.0	core
group_1689	group_1689	1.0	core
group_1680	group_1680	1.0	core
group_1675	group_1675	1.0	core
purH	purH	1.0	core
group_1654	group_1654	1.0	core
group_1634	group_1634	1.0	core
group_1627	group_1627	1.0	core
group_1624	group_1624	1.0	core
group_1609	group_1609	1.0	core
group_1582	group_1582	1.0	core
group_1547	group_1547	1.0	core
group_1540	group_1540	1.0	core
group_1535	group_1535	1.0	core
group_1522	group_1522	1.0	core
group_1511	group_1511	1.0	core
group_1504	group_1504	1.0	core
group_1502	group_1502	1.0	core
iorA	iorA	1.0	core
group_1483	group_1483	1.0	core
group_1471	group_1471	1.0	core
group_1466	group_1466	1.0	core
group_1442	group_1442	1.0	core
group_1415	group_1415	1.0	core
group_1399	group_1399	1.0	core
group_1380	group_1380	1.0	core
group_1373	group_1373	1.0	core
group_1361	group_1361	1.0	core
group_1357	group_1357	1.0	core
group_1356	group_1356	1.0	core
recN	recN	1.0	core
group_1346	group_1346	1.0	core
group_1325	group_1325	1.0	core
group_1324	group_1324	1.0	core
group_1319	group_1319	1.0	core
group_1303	group_1303	1.0	core
group_1302	group_1302	1.0	core
ettA	ettA	1.0	core
group_1292	group_1292	1.0	core
group_1289	group_1289	1.0	core
group_1286	group_1286	1.0	core
recJ	recJ	1.0	core
group_1249	group_1249	1.0	core
group_1234	group_1234	1.0	core
group_1233	group_1233	1.0	core
group_1224	group_1224	1.0	core
group_1219	group_1219	1.0	core
group_1212	group_1212	1.0	core
group_1185	group_1185	1.0	core
group_1176	group_1176	1.0	core
group_1164	group_1164	1.0	core
bipA	bipA	1.0	core
group_1142	group_1142	1.0	core
group_1141	group_1141	1.0	core
group_1119	group_1119	1.0	core
group_1106	group_1106	1.0	core
group_1102	group_1102	1.0	core
group_1096	group_1096	1.0	core
group_1092	group_1092	1.0	core
group_1081	group_1081	1.0	core
group_1076	group_1076	1.0	core
group_1069	group_1069	1.0	core
group_1068	group_1068	1.0	core
group_1062	group_1062	1.0	core
yidC	yidC	1.0	core
group_1061	group_1061	1.0	core
group_1030	group_1030	1.0	core
group_1027	group_1027	1.0	core
group_1025	group_1025	1.0	core
group_1024	group_1024	1.0	core
group_1022	group_1022	1.0	core
group_1021	group_1021	1.0	core
group_1007	group_1007	1.0	core
group_992	group_992	1.0	core
group_986	group_986	1.0	core
group_966	group_966	1.0	core
group_942	group_942	1.0	core
group_932	group_932	1.0	core
group_907	group_907	1.0	core
ftsH	ftsH	1.0	core
group_893	group_893	1.0	core
group_877	group_877	1.0	core
group_870	group_870	1.0	core
htpG	htpG	1.0	core
group_854	group_854	1.0	core
group_851	group_851	1.0	core
group_841	group_841	1.0	core
pgpH	pgpH	1.0	core
group_838	group_838	1.0	core
group_802	group_802	1.0	core
group_773	group_773	1.0	core
group_768	group_768	1.0	core
ppiD	ppiD	1.0	core
group_755	group_755	1.0	core
group_752	group_752	1.0	core
group_751	group_751	1.0	core
group_744	group_744	1.0	core
susB	susB	1.0	core
group_741	group_741	1.0	core
group_707	group_707	1.0	core
group_706	group_706	1.0	core
group_697	group_697	1.0	core
group_693	group_693	1.0	core
group_688	group_688	1.0	core
group_685	group_685	1.0	core
group_682	group_682	1.0	core
group_673	group_673	1.0	core
group_641	group_641	1.0	core
group_616	group_616	1.0	core
group_579	group_579	1.0	core
group_578	group_578	1.0	core
group_549	group_549	1.0	core
group_514	group_514	1.0	core
group_486	group_486	1.0	core
group_464	group_464	1.0	core
group_463	group_463	1.0	core
group_460	group_460	1.0	core
group_459	group_459	1.0	core
group_433	group_433	1.0	core
group_409	group_409	1.0	core
group_341	group_341	1.0	core
group_315	group_315	1.0	core
group_291	group_291	1.0	core
group_279	group_279	1.0	core
group_278	group_278	1.0	core
group_273	group_273	1.0	core
group_270	group_270	1.0	core
group_259	group_259	1.0	core
group_228	group_228	1.0	core
group_184	group_184	1.0	core
group_183	group_183	1.0	core
secA	secA	1.0	core
group_129	group_129	1.0	core
group_109	group_109	1.0	core
group_96	group_96	1.0	core
group_37	group_37	1.0	core
tamB	tamB	1.0	core
group_15105	group_15105	0.9814814814814816	core
group_14016	group_14016	0.9814814814814816	core
group_13816	group_13816	0.9814814814814816	core
group_13145	group_13145	0.9814814814814816	core
group_13038	group_13038	0.9814814814814816	core
group_12961	group_12961	0.9814814814814816	core
group_12061	group_12061	0.9814814814814816	core
group_11015	group_11015	0.9814814814814816	core
group_10271	group_10271	0.9814814814814816	core
group_10207	group_10207	0.9814814814814816	core
group_9994	group_9994	0.9814814814814816	core
group_9673	group_9673	0.9814814814814816	core
group_9506	group_9506	0.9814814814814816	core
group_9273	group_9273	0.9814814814814816	core
group_9217	group_9217	0.9814814814814816	core
group_9164	group_9164	0.9814814814814816	core
xynC	xynC	0.9814814814814816	core
group_9025	group_9025	0.9814814814814816	core
group_8901	group_8901	0.9814814814814816	core
group_8712	group_8712	0.9814814814814816	core
group_8675	group_8675	0.9814814814814816	core
group_8584	group_8584	0.9814814814814816	core
group_8474	group_8474	0.9814814814814816	core
group_8468	group_8468	0.9814814814814816	core
group_8382	group_8382	0.9814814814814816	core
group_8329	group_8329	0.9814814814814816	core
group_8280	group_8280	0.9814814814814816	core
group_8272	group_8272	0.9814814814814816	core
group_8179	group_8179	0.9814814814814816	core
group_8117	group_8117	0.9814814814814816	core
group_8016	group_8016	0.9814814814814816	core
group_8006	group_8006	0.9814814814814816	core
group_7667	group_7667	0.9814814814814816	core
group_7488	group_7488	0.9814814814814816	core
group_7356	group_7356	0.9814814814814816	core
group_7237	group_7237	0.9814814814814816	core
group_7161	group_7161	0.9814814814814816	core
group_7023	group_7023	0.9814814814814816	core
group_6919	group_6919	0.9814814814814816	core
group_6445	group_6445	0.9814814814814816	core
group_6444	group_6444	0.9814814814814816	core
group_6260	group_6260	0.9814814814814816	core
group_5925	group_5925	0.9814814814814816	core
group_5883	group_5883	0.9814814814814816	core
group_5539	group_5539	0.9814814814814816	core
group_5455	group_5455	0.9814814814814816	core
group_5138	group_5138	0.9814814814814816	core
group_4771	group_4771	0.9814814814814816	core
group_4665	group_4665	0.9814814814814816	core
group_4624	group_4624	0.9814814814814816	core
group_4393	group_4393	0.9814814814814816	core
group_4249	group_4249	0.9814814814814816	core
group_4223	group_4223	0.9814814814814816	core
group_4209	group_4209	0.9814814814814816	core
group_4171	group_4171	0.9814814814814816	core
group_4124	group_4124	0.9814814814814816	core
group_3684	group_3684	0.9814814814814816	core
group_3506	group_3506	0.9814814814814816	core
group_3412	group_3412	0.9814814814814816	core
group_3324	group_3324	0.9814814814814816	core
group_3298	group_3298	0.9814814814814816	core
group_3225	group_3225	0.9814814814814816	core
mscS	mscS	0.9814814814814816	core
group_1493	group_1493	0.9814814814814816	core
group_1385	group_1385	0.9814814814814816	core
group_16401	group_16401	0.9629629629629628	core
group_15968	group_15968	0.9629629629629628	core
group_15693	group_15693	0.9629629629629628	core
group_13479	group_13479	0.9629629629629628	core
pqqD	pqqD	0.9629629629629628	core
group_12130	group_12130	0.9629629629629628	core
group_11656	group_11656	0.9629629629629628	core
group_11016	group_11016	0.9629629629629628	core
group_10896	group_10896	0.9629629629629628	core
group_10870	group_10870	0.9629629629629628	core
group_10272	group_10272	0.9629629629629628	core
group_10140	group_10140	0.9629629629629628	core
group_9341	group_9341	0.9629629629629628	core
group_8792	group_8792	0.9629629629629628	core
group_8776	group_8776	0.9629629629629628	core
group_8442	group_8442	0.9629629629629628	core
group_8322	group_8322	0.9629629629629628	core
group_7821	group_7821	0.9629629629629628	core
group_7787	group_7787	0.9629629629629628	core
group_7590	group_7590	0.9629629629629628	core
group_7363	group_7363	0.9629629629629628	core
group_6592	group_6592	0.9629629629629628	core
group_6298	group_6298	0.9629629629629628	core
group_6187	group_6187	0.9629629629629628	core
group_5825	group_5825	0.9629629629629628	core
group_5456	group_5456	0.9629629629629628	core
group_5256	group_5256	0.9629629629629628	core
group_4520	group_4520	0.9629629629629628	core
group_4387	group_4387	0.9629629629629628	core
group_4283	group_4283	0.9629629629629628	core
group_4117	group_4117	0.9629629629629628	core
group_3513	group_3513	0.9629629629629628	core
group_3511	group_3511	0.9629629629629628	core
group_2104	group_2104	0.9629629629629628	core
group_13626	group_13626	0.9444444444444444	middle
group_11017	group_11017	0.9444444444444444	middle
group_10225	group_10225	0.9444444444444444	middle
group_9073	group_9073	0.9444444444444444	middle
group_8415	group_8415	0.9444444444444444	middle
group_8333	group_8333	0.9444444444444444	middle
group_8310	group_8310	0.9444444444444444	middle
group_8043	group_8043	0.9444444444444444	middle
group_7944	group_7944	0.9444444444444444	middle
group_6901	group_6901	0.9444444444444444	middle
group_6368	group_6368	0.9444444444444444	middle
group_6236	group_6236	0.9444444444444444	middle
group_6149	group_6149	0.9444444444444444	middle
group_6037	group_6037	0.9444444444444444	middle
group_6005	group_6005	0.9444444444444444	middle
group_5812	group_5812	0.9444444444444444	middle
group_5784	group_5784	0.9444444444444444	middle
group_5239	group_5239	0.9444444444444444	middle
group_5237	group_5237	0.9444444444444444	middle
group_3756	group_3756	0.9444444444444444	middle
group_2557	group_2557	0.9444444444444444	middle
group_15536	group_15536	0.925925925925926	middle
group_14434	group_14434	0.925925925925926	middle
group_11696	group_11696	0.925925925925926	middle
group_11222	group_11222	0.925925925925926	middle
group_10619	group_10619	0.925925925925926	middle
group_10054	group_10054	0.925925925925926	middle
group_9630	group_9630	0.925925925925926	middle
group_9620	group_9620	0.925925925925926	middle
group_9535	group_9535	0.925925925925926	middle
group_9414	group_9414	0.925925925925926	middle
group_9271	group_9271	0.925925925925926	middle
group_9229	group_9229	0.925925925925926	middle
group_9089	group_9089	0.925925925925926	middle
group_8982	group_8982	0.925925925925926	middle
group_8946	group_8946	0.925925925925926	middle
group_8873	group_8873	0.925925925925926	middle
group_8796	group_8796	0.925925925925926	middle
group_8430	group_8430	0.925925925925926	middle
group_8323	group_8323	0.925925925925926	middle
group_8295	group_8295	0.925925925925926	middle
group_8252	group_8252	0.925925925925926	middle
group_8187	group_8187	0.925925925925926	middle
group_8168	group_8168	0.925925925925926	middle
group_8093	group_8093	0.925925925925926	middle
group_8036	group_8036	0.925925925925926	middle
group_7321	group_7321	0.925925925925926	middle
group_7216	group_7216	0.925925925925926	middle
group_7070	group_7070	0.925925925925926	middle
group_6657	group_6657	0.925925925925926	middle
group_6185	group_6185	0.925925925925926	middle
group_6021	group_6021	0.925925925925926	middle
group_5327	group_5327	0.925925925925926	middle
group_5258	group_5258	0.925925925925926	middle
group_5184	group_5184	0.925925925925926	middle
group_4977	group_4977	0.925925925925926	middle
group_4244	group_4244	0.925925925925926	middle
group_4205	group_4205	0.925925925925926	middle
eamA	eamA	0.925925925925926	middle
group_3960	group_3960	0.925925925925926	middle
group_3857	group_3857	0.925925925925926	middle
group_3571	group_3571	0.925925925925926	middle
group_3234	group_3234	0.925925925925926	middle
group_3177	group_3177	0.925925925925926	middle
group_2985	group_2985	0.925925925925926	middle
group_2370	group_2370	0.925925925925926	middle
group_1450	group_1450	0.925925925925926	middle
group_935	group_935	0.925925925925926	middle
group_837	group_837	0.925925925925926	middle
group_692	group_692	0.925925925925926	middle
group_622	group_622	0.925925925925926	middle
group_370	group_370	0.925925925925926	middle
group_180	group_180	0.925925925925926	middle
group_16528	group_16528	0.9074074074074074	middle
group_11147	group_11147	0.9074074074074074	middle
group_10031	group_10031	0.9074074074074074	middle
group_9360	group_9360	0.9074074074074074	middle
group_8449	group_8449	0.9074074074074074	middle
group_8429	group_8429	0.9074074074074074	middle
group_8069	group_8069	0.9074074074074074	middle
group_7613	group_7613	0.9074074074074074	middle
group_6186	group_6186	0.9074074074074074	middle
group_5932	group_5932	0.9074074074074074	middle
group_5930	group_5930	0.9074074074074074	middle
group_5855	group_5855	0.9074074074074074	middle
group_5846	group_5846	0.9074074074074074	middle
group_5802	group_5802	0.9074074074074074	middle
group_5259	group_5259	0.9074074074074074	middle
group_3902	group_3902	0.9074074074074074	middle
group_3767	group_3767	0.9074074074074074	middle
group_3678	group_3678	0.9074074074074074	middle
group_1449	group_1449	0.9074074074074074	middle
group_533	group_533	0.9074074074074074	middle
group_332	group_332	0.9074074074074074	middle
group_160	group_160	0.9074074074074074	middle
group_14478	group_14478	0.8888888888888888	middle
group_13632	group_13632	0.8888888888888888	middle
group_13263	group_13263	0.8888888888888888	middle
group_13234	group_13234	0.8888888888888888	middle
group_10690	group_10690	0.8888888888888888	middle
group_10677	group_10677	0.8888888888888888	middle
group_10224	group_10224	0.8888888888888888	middle
group_10114	group_10114	0.8888888888888888	middle
group_9742	group_9742	0.8888888888888888	middle
group_9617	group_9617	0.8888888888888888	middle
group_9433	group_9433	0.8888888888888888	middle
group_9428	group_9428	0.8888888888888888	middle
group_9407	group_9407	0.8888888888888888	middle
group_9403	group_9403	0.8888888888888888	middle
group_9230	group_9230	0.8888888888888888	middle
group_9138	group_9138	0.8888888888888888	middle
group_8774	group_8774	0.8888888888888888	middle
group_8312	group_8312	0.8888888888888888	middle
group_8277	group_8277	0.8888888888888888	middle
group_8223	group_8223	0.8888888888888888	middle
group_8156	group_8156	0.8888888888888888	middle
group_8112	group_8112	0.8888888888888888	middle
group_8100	group_8100	0.8888888888888888	middle
group_7972	group_7972	0.8888888888888888	middle
ytnP	ytnP	0.8888888888888888	middle
group_7947	group_7947	0.8888888888888888	middle
group_7807	group_7807	0.8888888888888888	middle
group_7785	group_7785	0.8888888888888888	middle
group_7736	group_7736	0.8888888888888888	middle
group_7722	group_7722	0.8888888888888888	middle
group_7650	group_7650	0.8888888888888888	middle
group_7479	group_7479	0.8888888888888888	middle
group_7326	group_7326	0.8888888888888888	middle
group_7022	group_7022	0.8888888888888888	middle
group_6729	group_6729	0.8888888888888888	middle
group_6627	group_6627	0.8888888888888888	middle
group_6621	group_6621	0.8888888888888888	middle
group_6473	group_6473	0.8888888888888888	middle
group_6272	group_6272	0.8888888888888888	middle
group_6253	group_6253	0.8888888888888888	middle
group_6214	group_6214	0.8888888888888888	middle
group_6055	group_6055	0.8888888888888888	middle
lruC	lruC	0.8888888888888888	middle
group_5923	group_5923	0.8888888888888888	middle
group_5875	group_5875	0.8888888888888888	middle
group_5845	group_5845	0.8888888888888888	middle
group_5789	group_5789	0.8888888888888888	middle
group_5230	group_5230	0.8888888888888888	middle
group_5195	group_5195	0.8888888888888888	middle
group_5192	group_5192	0.8888888888888888	middle
group_4862	group_4862	0.8888888888888888	middle
group_4814	group_4814	0.8888888888888888	middle
group_4761	group_4761	0.8888888888888888	middle
group_4412	group_4412	0.8888888888888888	middle
group_4377	group_4377	0.8888888888888888	middle
group_4291	group_4291	0.8888888888888888	middle
group_4237	group_4237	0.8888888888888888	middle
group_4176	group_4176	0.8888888888888888	middle
group_4120	group_4120	0.8888888888888888	middle
group_3972	group_3972	0.8888888888888888	middle
group_3892	group_3892	0.8888888888888888	middle
group_3728	group_3728	0.8888888888888888	middle
group_3721	group_3721	0.8888888888888888	middle
group_3676	group_3676	0.8888888888888888	middle
group_3590	group_3590	0.8888888888888888	middle
group_3575	group_3575	0.8888888888888888	middle
group_3574	group_3574	0.8888888888888888	middle
group_3569	group_3569	0.8888888888888888	middle
group_3522	group_3522	0.8888888888888888	middle
group_3502	group_3502	0.8888888888888888	middle
group_3496	group_3496	0.8888888888888888	middle
group_3390	group_3390	0.8888888888888888	middle
group_3389	group_3389	0.8888888888888888	middle
group_3372	group_3372	0.8888888888888888	middle
group_3184	group_3184	0.8888888888888888	middle
group_3173	group_3173	0.8888888888888888	middle
group_2903	group_2903	0.8888888888888888	middle
glnT	glnT	0.8888888888888888	middle
group_2052	group_2052	0.8888888888888888	middle
group_1827	group_1827	0.8888888888888888	middle
group_1815	group_1815	0.8888888888888888	middle
group_1801	group_1801	0.8888888888888888	middle
group_1746	group_1746	0.8888888888888888	middle
group_1602	group_1602	0.8888888888888888	middle
group_1552	group_1552	0.8888888888888888	middle
group_1160	group_1160	0.8888888888888888	middle
group_1006	group_1006	0.8888888888888888	middle
group_959	group_959	0.8888888888888888	middle
group_294	group_294	0.8888888888888888	middle
group_198	group_198	0.8888888888888888	middle
group_191	group_191	0.8888888888888888	middle
group_11121	group_11121	0.8703703703703703	middle
group_10067	group_10067	0.8703703703703703	middle
group_9998	group_9998	0.8703703703703703	middle
group_9355	group_9355	0.8703703703703703	middle
group_9282	group_9282	0.8703703703703703	middle
group_9262	group_9262	0.8703703703703703	middle
group_8976	group_8976	0.8703703703703703	middle
group_8803	group_8803	0.8703703703703703	middle
group_8683	group_8683	0.8703703703703703	middle
group_8544	group_8544	0.8703703703703703	middle
group_8533	group_8533	0.8703703703703703	middle
group_8490	group_8490	0.8703703703703703	middle
group_8486	group_8486	0.8703703703703703	middle
group_8452	group_8452	0.8703703703703703	middle
group_8283	group_8283	0.8703703703703703	middle
group_8165	group_8165	0.8703703703703703	middle
group_7673	group_7673	0.8703703703703703	middle
group_7668	group_7668	0.8703703703703703	middle
group_6500	group_6500	0.8703703703703703	middle
group_6356	group_6356	0.8703703703703703	middle
group_6188	group_6188	0.8703703703703703	middle
group_6157	group_6157	0.8703703703703703	middle
group_6049	group_6049	0.8703703703703703	middle
group_5941	group_5941	0.8703703703703703	middle
group_5617	group_5617	0.8703703703703703	middle
group_5457	group_5457	0.8703703703703703	middle
group_5421	group_5421	0.8703703703703703	middle
group_5356	group_5356	0.8703703703703703	middle
group_5322	group_5322	0.8703703703703703	middle
group_4523	group_4523	0.8703703703703703	middle
group_3819	group_3819	0.8703703703703703	middle
group_3698	group_3698	0.8703703703703703	middle
group_3494	group_3494	0.8703703703703703	middle
group_2437	group_2437	0.8703703703703703	middle
group_2323	group_2323	0.8703703703703703	middle
group_1465	group_1465	0.8703703703703703	middle
group_1371	group_1371	0.8703703703703703	middle
group_1355	group_1355	0.8703703703703703	middle
susD	susD	0.8703703703703703	middle
group_12765	group_12765	0.8518518518518519	middle
group_12584	group_12584	0.8518518518518519	middle
group_10186	group_10186	0.8518518518518519	middle
group_8561	group_8561	0.8518518518518519	middle
group_7491	group_7491	0.8518518518518519	middle
group_7449	group_7449	0.8518518518518519	middle
group_6172	group_6172	0.8518518518518519	middle
group_5975	group_5975	0.8518518518518519	middle
group_5260	group_5260	0.8518518518518519	middle
group_4659	group_4659	0.8518518518518519	middle
group_4353	group_4353	0.8518518518518519	middle
group_3801	group_3801	0.8518518518518519	middle
group_3473	group_3473	0.8518518518518519	middle
group_3242	group_3242	0.8518518518518519	middle
group_1405	group_1405	0.8518518518518519	middle
group_956	group_956	0.8518518518518519	middle
group_824	group_824	0.8518518518518519	middle
group_15965	group_15965	0.8333333333333334	middle
group_15163	group_15163	0.8333333333333334	middle
group_15106	group_15106	0.8333333333333334	middle
group_11563	group_11563	0.8333333333333334	middle
group_9801	group_9801	0.8333333333333334	middle
group_9741	group_9741	0.8333333333333334	middle
group_9727	group_9727	0.8333333333333334	middle
group_9628	group_9628	0.8333333333333334	middle
group_9600	group_9600	0.8333333333333334	middle
group_9420	group_9420	0.8333333333333334	middle
group_9293	group_9293	0.8333333333333334	middle
group_8829	group_8829	0.8333333333333334	middle
group_8756	group_8756	0.8333333333333334	middle
group_8755	group_8755	0.8333333333333334	middle
group_8434	group_8434	0.8333333333333334	middle
group_8051	group_8051	0.8333333333333334	middle
group_7981	group_7981	0.8333333333333334	middle
group_6743	group_6743	0.8333333333333334	middle
group_6584	group_6584	0.8333333333333334	middle
group_6547	group_6547	0.8333333333333334	middle
group_6546	group_6546	0.8333333333333334	middle
group_6179	group_6179	0.8333333333333334	middle
group_5554	group_5554	0.8333333333333334	middle
group_4119	group_4119	0.8333333333333334	middle
group_3983	group_3983	0.8333333333333334	middle
group_3920	group_3920	0.8333333333333334	middle
group_3791	group_3791	0.8333333333333334	middle
group_3287	group_3287	0.8333333333333334	middle
group_1814	group_1814	0.8333333333333334	middle
group_144	group_144	0.8333333333333334	middle
group_16474	group_16474	0.8148148148148148	middle
group_16446	group_16446	0.8148148148148148	middle
group_14433	group_14433	0.8148148148148148	middle
group_13990	group_13990	0.8148148148148148	middle
group_13932	group_13932	0.8148148148148148	middle
group_11302	group_11302	0.8148148148148148	middle
group_11285	group_11285	0.8148148148148148	middle
group_9372	group_9372	0.8148148148148148	middle
group_9333	group_9333	0.8148148148148148	middle
group_8960	group_8960	0.8148148148148148	middle
group_8648	group_8648	0.8148148148148148	middle
group_8493	group_8493	0.8148148148148148	middle
group_8471	group_8471	0.8148148148148148	middle
group_7992	group_7992	0.8148148148148148	middle
group_7967	group_7967	0.8148148148148148	middle
group_6988	group_6988	0.8148148148148148	middle
group_6637	group_6637	0.8148148148148148	middle
group_6554	group_6554	0.8148148148148148	middle
group_6267	group_6267	0.8148148148148148	middle
group_6175	group_6175	0.8148148148148148	middle
group_6015	group_6015	0.8148148148148148	middle
group_5879	group_5879	0.8148148148148148	middle
group_5526	group_5526	0.8148148148148148	middle
group_5209	group_5209	0.8148148148148148	middle
group_5182	group_5182	0.8148148148148148	middle
group_4493	group_4493	0.8148148148148148	middle
group_4445	group_4445	0.8148148148148148	middle
group_4308	group_4308	0.8148148148148148	middle
group_4276	group_4276	0.8148148148148148	middle
group_3912	group_3912	0.8148148148148148	middle
group_3894	group_3894	0.8148148148148148	middle
group_3419	group_3419	0.8148148148148148	middle
group_3377	group_3377	0.8148148148148148	middle
group_3301	group_3301	0.8148148148148148	middle
group_3268	group_3268	0.8148148148148148	middle
group_3168	group_3168	0.8148148148148148	middle
group_1826	group_1826	0.8148148148148148	middle
group_1461	group_1461	0.8148148148148148	middle
group_1413	group_1413	0.8148148148148148	middle
group_978	group_978	0.8148148148148148	middle
group_207	group_207	0.8148148148148148	middle
group_15902	group_15902	0.7962962962962963	middle
group_10249	group_10249	0.7962962962962963	middle
group_10183	group_10183	0.7962962962962963	middle
group_8967	group_8967	0.7962962962962963	middle
group_8802	group_8802	0.7962962962962963	middle
group_8067	group_8067	0.7962962962962963	middle
group_8066	group_8066	0.7962962962962963	middle
group_7959	group_7959	0.7962962962962963	middle
group_7099	group_7099	0.7962962962962963	middle
group_7093	group_7093	0.7962962962962963	middle
group_6564	group_6564	0.7962962962962963	middle
group_5806	group_5806	0.7962962962962963	middle
group_5226	group_5226	0.7962962962962963	middle
group_4769	group_4769	0.7962962962962963	middle
group_4088	group_4088	0.7962962962962963	middle
group_3953	group_3953	0.7962962962962963	middle
group_3464	group_3464	0.7962962962962963	middle
group_3224	group_3224	0.7962962962962963	middle
group_150	group_150	0.7962962962962963	middle
group_15778	group_15778	0.7777777777777778	middle
dedA	dedA	0.7777777777777778	middle
group_10229	group_10229	0.7777777777777778	middle
group_9396	group_9396	0.7777777777777778	middle
group_9216	group_9216	0.7777777777777778	middle
group_9215	group_9215	0.7777777777777778	middle
group_8954	group_8954	0.7777777777777778	middle
group_8741	group_8741	0.7777777777777778	middle
group_8672	group_8672	0.7777777777777778	middle
group_8587	group_8587	0.7777777777777778	middle
group_8539	group_8539	0.7777777777777778	middle
group_8350	group_8350	0.7777777777777778	middle
group_7961	group_7961	0.7777777777777778	middle
group_6315	group_6315	0.7777777777777778	middle
group_6170	group_6170	0.7777777777777778	middle
group_5966	group_5966	0.7777777777777778	middle
group_5715	group_5715	0.7777777777777778	middle
group_5492	group_5492	0.7777777777777778	middle
group_5378	group_5378	0.7777777777777778	middle
group_5213	group_5213	0.7777777777777778	middle
group_3793	group_3793	0.7777777777777778	middle
group_3560	group_3560	0.7777777777777778	middle
group_3394	group_3394	0.7777777777777778	middle
group_3280	group_3280	0.7777777777777778	middle
group_14524	group_14524	0.7592592592592593	middle
group_9441	group_9441	0.7592592592592593	middle
group_9343	group_9343	0.7592592592592593	middle
group_9330	group_9330	0.7592592592592593	middle
group_9045	group_9045	0.7592592592592593	middle
group_8997	group_8997	0.7592592592592593	middle
group_8888	group_8888	0.7592592592592593	middle
group_8845	group_8845	0.7592592592592593	middle
group_8540	group_8540	0.7592592592592593	middle
group_8515	group_8515	0.7592592592592593	middle
group_8422	group_8422	0.7592592592592593	middle
group_8394	group_8394	0.7592592592592593	middle
group_8291	group_8291	0.7592592592592593	middle
group_8208	group_8208	0.7592592592592593	middle
group_7796	group_7796	0.7592592592592593	middle
group_7784	group_7784	0.7592592592592593	middle
group_7539	group_7539	0.7592592592592593	middle
group_7265	group_7265	0.7592592592592593	middle
group_6207	group_6207	0.7592592592592593	middle
group_6009	group_6009	0.7592592592592593	middle
group_5951	group_5951	0.7592592592592593	middle
group_5321	group_5321	0.7592592592592593	middle
group_4530	group_4530	0.7592592592592593	middle
group_4444	group_4444	0.7592592592592593	middle
group_4277	group_4277	0.7592592592592593	middle
group_4275	group_4275	0.7592592592592593	middle
group_4011	group_4011	0.7592592592592593	middle
group_3924	group_3924	0.7592592592592593	middle
pknB	pknB	0.7592592592592593	middle
group_2391	group_2391	0.7592592592592593	middle
group_1784	group_1784	0.7592592592592593	middle
group_626	group_626	0.7592592592592593	middle
group_490	group_490	0.7592592592592593	middle
group_12732	group_12732	0.7407407407407407	middle
group_10728	group_10728	0.7407407407407407	middle
group_9743	group_9743	0.7407407407407407	middle
group_9211	group_9211	0.7407407407407407	middle
group_9177	group_9177	0.7407407407407407	middle
group_8884	group_8884	0.7407407407407407	middle
group_8334	group_8334	0.7407407407407407	middle
group_8306	group_8306	0.7407407407407407	middle
group_7946	group_7946	0.7407407407407407	middle
group_7856	group_7856	0.7407407407407407	middle
group_7050	group_7050	0.7407407407407407	middle
group_6922	group_6922	0.7407407407407407	middle
group_5790	group_5790	0.7407407407407407	middle
group_5543	group_5543	0.7407407407407407	middle
group_5169	group_5169	0.7407407407407407	middle
group_5147	group_5147	0.7407407407407407	middle
group_3531	group_3531	0.7407407407407407	middle
group_3185	group_3185	0.7407407407407407	middle
group_2199	group_2199	0.7407407407407407	middle
group_2153	group_2153	0.7407407407407407	middle
group_2089	group_2089	0.7407407407407407	middle
group_1177	group_1177	0.7407407407407407	middle
group_830	group_830	0.7407407407407407	middle
group_805	group_805	0.7407407407407407	middle
group_551	group_551	0.7407407407407407	middle
group_169	group_169	0.7407407407407407	middle
group_50	group_50	0.7407407407407407	middle
group_9040	group_9040	0.7222222222222222	middle
group_9003	group_9003	0.7222222222222222	middle
group_8767	group_8767	0.7222222222222222	middle
group_8765	group_8765	0.7222222222222222	middle
group_8763	group_8763	0.7222222222222222	middle
group_8745	group_8745	0.7222222222222222	middle
group_8612	group_8612	0.7222222222222222	middle
group_8611	group_8611	0.7222222222222222	middle
group_8289	group_8289	0.7222222222222222	middle
group_7802	group_7802	0.7222222222222222	middle
group_7783	group_7783	0.7222222222222222	middle
group_7425	group_7425	0.7222222222222222	middle
group_6669	group_6669	0.7222222222222222	middle
group_4944	group_4944	0.7222222222222222	middle
group_4307	group_4307	0.7222222222222222	middle
group_3598	group_3598	0.7222222222222222	middle
group_3379	group_3379	0.7222222222222222	middle
group_14967	group_14967	0.7037037037037037	middle
group_13354	group_13354	0.7037037037037037	middle
group_11364	group_11364	0.7037037037037037	middle
group_10659	group_10659	0.7037037037037037	middle
group_10466	group_10466	0.7037037037037037	middle
group_10389	group_10389	0.7037037037037037	middle
group_10090	group_10090	0.7037037037037037	middle
group_9756	group_9756	0.7037037037037037	middle
group_9335	group_9335	0.7037037037037037	middle
group_8771	group_8771	0.7037037037037037	middle
group_8087	group_8087	0.7037037037037037	middle
group_7718	group_7718	0.7037037037037037	middle
group_7226	group_7226	0.7037037037037037	middle
group_6701	group_6701	0.7037037037037037	middle
group_5638	group_5638	0.7037037037037037	middle
group_4083	group_4083	0.7037037037037037	middle
group_3199	group_3199	0.7037037037037037	middle
group_10022	group_10022	0.6851851851851852	middle
group_8747	group_8747	0.6851851851851852	middle
group_8604	group_8604	0.6851851851851852	middle
group_8481	group_8481	0.6851851851851852	middle
group_7951	group_7951	0.6851851851851852	middle
group_7289	group_7289	0.6851851851851852	middle
group_6913	group_6913	0.6851851851851852	middle
group_6536	group_6536	0.6851851851851852	middle
lapA	lapA	0.6851851851851852	middle
group_3581	group_3581	0.6851851851851852	middle
group_2178	group_2178	0.6851851851851852	middle
group_1320	group_1320	0.6851851851851852	middle
group_1074	group_1074	0.6851851851851852	middle
group_10764	group_10764	0.6666666666666666	middle
group_10568	group_10568	0.6666666666666666	middle
group_10154	group_10154	0.6666666666666666	middle
group_9956	group_9956	0.6666666666666666	middle
group_9926	group_9926	0.6666666666666666	middle
group_9795	group_9795	0.6666666666666666	middle
group_9213	group_9213	0.6666666666666666	middle
group_8292	group_8292	0.6666666666666666	middle
group_8102	group_8102	0.6666666666666666	middle
group_7282	group_7282	0.6666666666666666	middle
group_7279	group_7279	0.6666666666666666	middle
group_6424	group_6424	0.6666666666666666	middle
group_6008	group_6008	0.6666666666666666	middle
group_5580	group_5580	0.6666666666666666	middle
group_5306	group_5306	0.6666666666666666	middle
group_5083	group_5083	0.6666666666666666	middle
group_3741	group_3741	0.6666666666666666	middle
group_1968	group_1968	0.6666666666666666	middle
group_1179	group_1179	0.6666666666666666	middle
group_255	group_255	0.6666666666666666	middle
group_15168	group_15168	0.6481481481481481	middle
group_11888	group_11888	0.6481481481481481	middle
group_10651	group_10651	0.6481481481481481	middle
group_9860	group_9860	0.6481481481481481	middle
group_9820	group_9820	0.6481481481481481	middle
group_9757	group_9757	0.6481481481481481	middle
group_9655	group_9655	0.6481481481481481	middle
group_9654	group_9654	0.6481481481481481	middle
group_9227	group_9227	0.6481481481481481	middle
group_8663	group_8663	0.6481481481481481	middle
group_8099	group_8099	0.6481481481481481	middle
group_8083	group_8083	0.6481481481481481	middle
group_8082	group_8082	0.6481481481481481	middle
group_8060	group_8060	0.6481481481481481	middle
group_7900	group_7900	0.6481481481481481	middle
group_7795	group_7795	0.6481481481481481	middle
group_5301	group_5301	0.6481481481481481	middle
group_4953	group_4953	0.6481481481481481	middle
group_4229	group_4229	0.6481481481481481	middle
group_2378	group_2378	0.6481481481481481	middle
group_11636	group_11636	0.6296296296296297	middle
group_10887	group_10887	0.6296296296296297	middle
group_10820	group_10820	0.6296296296296297	middle
group_10819	group_10819	0.6296296296296297	middle
group_10818	group_10818	0.6296296296296297	middle
group_10513	group_10513	0.6296296296296297	middle
group_9872	group_9872	0.6296296296296297	middle
group_9846	group_9846	0.6296296296296297	middle
group_9704	group_9704	0.6296296296296297	middle
group_9554	group_9554	0.6296296296296297	middle
group_9538	group_9538	0.6296296296296297	middle
group_9483	group_9483	0.6296296296296297	middle
group_9193	group_9193	0.6296296296296297	middle
trbJ~~~traI	trbJ~~~traI	0.6296296296296297	middle
group_9149	group_9149	0.6296296296296297	middle
group_8603	group_8603	0.6296296296296297	middle
group_8567	group_8567	0.6296296296296297	middle
group_8305	group_8305	0.6296296296296297	middle
group_7893	group_7893	0.6296296296296297	middle
group_7823	group_7823	0.6296296296296297	middle
group_7128	group_7128	0.6296296296296297	middle
group_6611	group_6611	0.6296296296296297	middle
group_5900	group_5900	0.6296296296296297	middle
group_5704	group_5704	0.6296296296296297	middle
group_5355	group_5355	0.6296296296296297	middle
group_5189	group_5189	0.6296296296296297	middle
group_5052	group_5052	0.6296296296296297	middle
group_4976	group_4976	0.6296296296296297	middle
group_4759	group_4759	0.6296296296296297	middle
group_4309	group_4309	0.6296296296296297	middle
group_4213	group_4213	0.6296296296296297	middle
group_4173	group_4173	0.6296296296296297	middle
group_4084	group_4084	0.6296296296296297	middle
group_4069	group_4069	0.6296296296296297	middle
group_3264	group_3264	0.6296296296296297	middle
group_1802	group_1802	0.6296296296296297	middle
group_1740	group_1740	0.6296296296296297	middle
group_1626	group_1626	0.6296296296296297	middle
group_1431	group_1431	0.6296296296296297	middle
group_906	group_906	0.6296296296296297	middle
group_495	group_495	0.6296296296296297	middle
group_247	group_247	0.6296296296296297	middle
group_204	group_204	0.6296296296296297	middle
group_181	group_181	0.6296296296296297	middle
group_11010	group_11010	0.6111111111111112	middle
group_10755	group_10755	0.6111111111111112	middle
group_10309	group_10309	0.6111111111111112	middle
group_10250	group_10250	0.6111111111111112	middle
group_9992	group_9992	0.6111111111111112	middle
group_9911	group_9911	0.6111111111111112	middle
group_9909	group_9909	0.6111111111111112	middle
group_9905	group_9905	0.6111111111111112	middle
group_9893	group_9893	0.6111111111111112	middle
group_9873	group_9873	0.6111111111111112	middle
group_9848	group_9848	0.6111111111111112	middle
group_9784	group_9784	0.6111111111111112	middle
group_9139	group_9139	0.6111111111111112	middle
group_8548	group_8548	0.6111111111111112	middle
group_6382	group_6382	0.6111111111111112	middle
group_4592	group_4592	0.6111111111111112	middle
group_4056	group_4056	0.6111111111111112	middle
group_10770	group_10770	0.5925925925925926	middle
group_10542	group_10542	0.5925925925925926	middle
group_9907	group_9907	0.5925925925925926	middle
group_9900	group_9900	0.5925925925925926	middle
group_9884	group_9884	0.5925925925925926	middle
group_9812	group_9812	0.5925925925925926	middle
group_9782	group_9782	0.5925925925925926	middle
group_9739	group_9739	0.5925925925925926	middle
group_9537	group_9537	0.5925925925925926	middle
group_9159	group_9159	0.5925925925925926	middle
group_8694	group_8694	0.5925925925925926	middle
group_8181	group_8181	0.5925925925925926	middle
group_7448	group_7448	0.5925925925925926	middle
group_6206	group_6206	0.5925925925925926	middle
group_5386	group_5386	0.5925925925925926	middle
group_14693	group_14693	0.5740740740740741	middle
group_13689	group_13689	0.5740740740740741	middle
group_13013	group_13013	0.5740740740740741	middle
group_12792	group_12792	0.5740740740740741	middle
group_9892	group_9892	0.5740740740740741	middle
group_9624	group_9624	0.5740740740740741	middle
group_9417	group_9417	0.5740740740740741	middle
group_8816	group_8816	0.5740740740740741	middle
group_8807	group_8807	0.5740740740740741	middle
group_8644	group_8644	0.5740740740740741	middle
group_8506	group_8506	0.5740740740740741	middle
group_8504	group_8504	0.5740740740740741	middle
group_8286	group_8286	0.5740740740740741	middle
group_8205	group_8205	0.5740740740740741	middle
group_8163	group_8163	0.5740740740740741	middle
group_7953	group_7953	0.5740740740740741	middle
group_7563	group_7563	0.5740740740740741	middle
group_7418	group_7418	0.5740740740740741	middle
group_7134	group_7134	0.5740740740740741	middle
group_6903	group_6903	0.5740740740740741	middle
group_6700	group_6700	0.5740740740740741	middle
group_6678	group_6678	0.5740740740740741	middle
group_6568	group_6568	0.5740740740740741	middle
group_5936	group_5936	0.5740740740740741	middle
group_5692	group_5692	0.5740740740740741	middle
group_5273	group_5273	0.5740740740740741	middle
group_5271	group_5271	0.5740740740740741	middle
group_4706	group_4706	0.5740740740740741	middle
group_4018	group_4018	0.5740740740740741	middle
group_3652	group_3652	0.5740740740740741	middle
group_3436	group_3436	0.5740740740740741	middle
group_3197	group_3197	0.5740740740740741	middle
group_3160	group_3160	0.5740740740740741	middle
dcuC	dcuC	0.5740740740740741	middle
group_1406	group_1406	0.5740740740740741	middle
group_1318	group_1318	0.5740740740740741	middle
group_1157	group_1157	0.5740740740740741	middle
group_876	group_876	0.5740740740740741	middle
group_271	group_271	0.5740740740740741	middle
group_14640	group_14640	0.5555555555555556	middle
group_10891	group_10891	0.5555555555555556	middle
group_10723	group_10723	0.5555555555555556	middle
group_9839	group_9839	0.5555555555555556	middle
group_8688	group_8688	0.5555555555555556	middle
group_8573	group_8573	0.5555555555555556	middle
group_8266	group_8266	0.5555555555555556	middle
group_5512	group_5512	0.5555555555555556	middle
group_4495	group_4495	0.5555555555555556	middle
group_2105	group_2105	0.5555555555555556	middle
group_336	group_336	0.5555555555555556	middle
group_15781	group_15781	0.5370370370370371	middle
group_10621	group_10621	0.5370370370370371	middle
group_10083	group_10083	0.5370370370370371	middle
group_9966	group_9966	0.5370370370370371	middle
group_9857	group_9857	0.5370370370370371	middle
group_9692	group_9692	0.5370370370370371	middle
group_9256	group_9256	0.5370370370370371	middle
group_8169	group_8169	0.5370370370370371	middle
group_7997	group_7997	0.5370370370370371	middle
group_6628	group_6628	0.5370370370370371	middle
group_6198	group_6198	0.5370370370370371	middle
group_3863	group_3863	0.5370370370370371	middle
group_3385	group_3385	0.5370370370370371	middle
group_3262	group_3262	0.5370370370370371	middle
group_2863	group_2863	0.5370370370370371	middle
group_1536	group_1536	0.5370370370370371	middle
group_13577	group_13577	0.5185185185185185	middle
group_12499	group_12499	0.5185185185185185	middle
group_10893	group_10893	0.5185185185185185	middle
group_10285	group_10285	0.5185185185185185	middle
group_10223	group_10223	0.5185185185185185	middle
group_10202	group_10202	0.5185185185185185	middle
group_8856	group_8856	0.5185185185185185	middle
group_8231	group_8231	0.5185185185185185	middle
group_7824	group_7824	0.5185185185185185	middle
group_7493	group_7493	0.5185185185185185	middle
group_5029	group_5029	0.5185185185185185	middle
group_4806	group_4806	0.5185185185185185	middle
group_4224	group_4224	0.5185185185185185	middle
group_4101	group_4101	0.5185185185185185	middle
group_4050	group_4050	0.5185185185185185	middle
group_3359	group_3359	0.5185185185185185	middle
group_2175	group_2175	0.5185185185185185	middle
group_2065	group_2065	0.5185185185185185	middle
group_1250	group_1250	0.5185185185185185	middle
group_152	group_152	0.5185185185185185	middle
group_14813	group_14813	0.5	middle
group_12821	group_12821	0.5	middle
group_11594	group_11594	0.5	middle
group_10574	group_10574	0.5	middle
group_10361	group_10361	0.5	middle
group_10343	group_10343	0.5	middle
group_10234	group_10234	0.5	middle
group_10192	group_10192	0.5	middle
group_10116	group_10116	0.5	middle
group_9553	group_9553	0.5	middle
group_8875	group_8875	0.5	middle
group_8501	group_8501	0.5	middle
group_7780	group_7780	0.5	middle
group_6878	group_6878	0.5	middle
group_6726	group_6726	0.5	middle
group_5407	group_5407	0.5	middle
group_5090	group_5090	0.5	middle
group_5023	group_5023	0.5	middle
group_5022	group_5022	0.5	middle
group_4929	group_4929	0.5	middle
group_4671	group_4671	0.5	middle
group_4635	group_4635	0.5	middle
group_4555	group_4555	0.5	middle
group_4049	group_4049	0.5	middle
group_3836	group_3836	0.5	middle
group_3616	group_3616	0.5	middle
group_3429	group_3429	0.5	middle
group_3381	group_3381	0.5	middle
group_3349	group_3349	0.5	middle
group_3332	group_3332	0.5	middle
group_2901	group_2901	0.5	middle
group_2226	group_2226	0.5	middle
group_1994	group_1994	0.5	middle
group_1976	group_1976	0.5	middle
group_1975	group_1975	0.5	middle
group_1871	group_1871	0.5	middle
group_825	group_825	0.5	middle
group_481	group_481	0.5	middle
group_423	group_423	0.5	middle
group_12161	group_12161	0.4814814814814814	middle
group_11910	group_11910	0.4814814814814814	middle
group_11570	group_11570	0.4814814814814814	middle
group_10605	group_10605	0.4814814814814814	middle
group_9194	group_9194	0.4814814814814814	middle
group_9178	group_9178	0.4814814814814814	middle
group_7329	group_7329	0.4814814814814814	middle
group_6843	group_6843	0.4814814814814814	middle
group_6255	group_6255	0.4814814814814814	middle
group_5590	group_5590	0.4814814814814814	middle
group_5268	group_5268	0.4814814814814814	middle
group_5216	group_5216	0.4814814814814814	middle
group_5051	group_5051	0.4814814814814814	middle
group_4637	group_4637	0.4814814814814814	middle
group_4636	group_4636	0.4814814814814814	middle
group_3589	group_3589	0.4814814814814814	middle
group_1983	group_1983	0.4814814814814814	middle
group_1978	group_1978	0.4814814814814814	middle
group_1977	group_1977	0.4814814814814814	middle
group_1741	group_1741	0.4814814814814814	middle
group_15243	group_15243	0.4629629629629629	middle
group_10687	group_10687	0.4629629629629629	middle
group_10629	group_10629	0.4629629629629629	middle
group_10189	group_10189	0.4629629629629629	middle
group_9383	group_9383	0.4629629629629629	middle
group_9235	group_9235	0.4629629629629629	middle
group_9150	group_9150	0.4629629629629629	middle
group_8645	group_8645	0.4629629629629629	middle
group_8198	group_8198	0.4629629629629629	middle
group_7786	group_7786	0.4629629629629629	middle
rhsD	rhsD	0.4629629629629629	middle
group_6630	group_6630	0.4629629629629629	middle
group_6262	group_6262	0.4629629629629629	middle
group_6261	group_6261	0.4629629629629629	middle
group_5053	group_5053	0.4629629629629629	middle
group_3822	group_3822	0.4629629629629629	middle
group_2007	group_2007	0.4629629629629629	middle
group_14966	group_14966	0.4444444444444444	middle
group_14306	group_14306	0.4444444444444444	middle
group_11847	group_11847	0.4444444444444444	middle
group_11507	group_11507	0.4444444444444444	middle
group_11458	group_11458	0.4444444444444444	middle
group_11224	group_11224	0.4444444444444444	middle
group_10756	group_10756	0.4444444444444444	middle
group_10231	group_10231	0.4444444444444444	middle
group_10093	group_10093	0.4444444444444444	middle
group_9981	group_9981	0.4444444444444444	middle
group_9283	group_9283	0.4444444444444444	middle
group_9006	group_9006	0.4444444444444444	middle
group_8947	group_8947	0.4444444444444444	middle
group_8167	group_8167	0.4444444444444444	middle
group_7996	group_7996	0.4444444444444444	middle
group_7222	group_7222	0.4444444444444444	middle
group_7221	group_7221	0.4444444444444444	middle
group_5820	group_5820	0.4444444444444444	middle
group_5027	group_5027	0.4444444444444444	middle
group_4524	group_4524	0.4444444444444444	middle
group_4178	group_4178	0.4444444444444444	middle
group_15490	group_15490	0.4259259259259259	middle
group_14728	group_14728	0.4259259259259259	middle
group_14647	group_14647	0.4259259259259259	middle
group_14525	group_14525	0.4259259259259259	middle
group_14138	group_14138	0.4259259259259259	middle
group_12524	group_12524	0.4259259259259259	middle
group_10699	group_10699	0.4259259259259259	middle
group_10200	group_10200	0.4259259259259259	middle
group_10127	group_10127	0.4259259259259259	middle
group_10081	group_10081	0.4259259259259259	middle
group_10047	group_10047	0.4259259259259259	middle
group_10041	group_10041	0.4259259259259259	middle
group_9991	group_9991	0.4259259259259259	middle
group_9969	group_9969	0.4259259259259259	middle
group_9824	group_9824	0.4259259259259259	middle
group_9761	group_9761	0.4259259259259259	middle
group_9760	group_9760	0.4259259259259259	middle
group_9662	group_9662	0.4259259259259259	middle
group_9660	group_9660	0.4259259259259259	middle
group_9491	group_9491	0.4259259259259259	middle
group_9490	group_9490	0.4259259259259259	middle
group_9039	group_9039	0.4259259259259259	middle
group_9038	group_9038	0.4259259259259259	middle
group_9037	group_9037	0.4259259259259259	middle
group_8599	group_8599	0.4259259259259259	middle
group_8239	group_8239	0.4259259259259259	middle
group_8080	group_8080	0.4259259259259259	middle
group_8061	group_8061	0.4259259259259259	middle
group_7698	group_7698	0.4259259259259259	middle
group_7401	group_7401	0.4259259259259259	middle
group_7001	group_7001	0.4259259259259259	middle
group_6841	group_6841	0.4259259259259259	middle
group_6680	group_6680	0.4259259259259259	middle
group_6607	group_6607	0.4259259259259259	middle
group_6471	group_6471	0.4259259259259259	middle
group_6130	group_6130	0.4259259259259259	middle
group_5887	group_5887	0.4259259259259259	middle
group_5631	group_5631	0.4259259259259259	middle
group_5264	group_5264	0.4259259259259259	middle
group_5157	group_5157	0.4259259259259259	middle
group_4822	group_4822	0.4259259259259259	middle
lmbE	lmbE	0.4259259259259259	middle
group_4261	group_4261	0.4259259259259259	middle
group_3989	group_3989	0.4259259259259259	middle
group_3904	group_3904	0.4259259259259259	middle
group_3747	group_3747	0.4259259259259259	middle
group_3495	group_3495	0.4259259259259259	middle
group_3401	group_3401	0.4259259259259259	middle
group_3247	group_3247	0.4259259259259259	middle
group_2001	group_2001	0.4259259259259259	middle
group_1445	group_1445	0.4259259259259259	middle
group_1358	group_1358	0.4259259259259259	middle
group_280	group_280	0.4259259259259259	middle
group_14396	group_14396	0.4074074074074074	middle
group_12766	group_12766	0.4074074074074074	middle
group_11523	group_11523	0.4074074074074074	middle
group_10601	group_10601	0.4074074074074074	middle
group_10600	group_10600	0.4074074074074074	middle
group_10201	group_10201	0.4074074074074074	middle
group_9339	group_9339	0.4074074074074074	middle
group_7989	group_7989	0.4074074074074074	middle
group_7859	group_7859	0.4074074074074074	middle
group_7835	group_7835	0.4074074074074074	middle
group_6806	group_6806	0.4074074074074074	middle
group_6690	group_6690	0.4074074074074074	middle
ycjS	ycjS	0.4074074074074074	middle
group_6457	group_6457	0.4074074074074074	middle
group_5735	group_5735	0.4074074074074074	middle
group_5434	group_5434	0.4074074074074074	middle
group_5187	group_5187	0.4074074074074074	middle
group_5031	group_5031	0.4074074074074074	middle
group_4883	group_4883	0.4074074074074074	middle
group_4627	group_4627	0.4074074074074074	middle
group_4546	group_4546	0.4074074074074074	middle
group_3530	group_3530	0.4074074074074074	middle
group_3477	group_3477	0.4074074074074074	middle
group_3476	group_3476	0.4074074074074074	middle
group_3211	group_3211	0.4074074074074074	middle
group_3183	group_3183	0.4074074074074074	middle
group_2181	group_2181	0.4074074074074074	middle
group_2063	group_2063	0.4074074074074074	middle
group_2004	group_2004	0.4074074074074074	middle
group_2000	group_2000	0.4074074074074074	middle
group_1291	group_1291	0.4074074074074074	middle
group_316	group_316	0.4074074074074074	middle
group_15925	group_15925	0.3888888888888889	middle
group_15830	group_15830	0.3888888888888889	middle
group_15657	group_15657	0.3888888888888889	middle
group_14573	group_14573	0.3888888888888889	middle
group_14400	group_14400	0.3888888888888889	middle
group_11885	group_11885	0.3888888888888889	middle
group_10757	group_10757	0.3888888888888889	middle
group_10754	group_10754	0.3888888888888889	middle
group_10727	group_10727	0.3888888888888889	middle
group_10720	group_10720	0.3888888888888889	middle
group_10296	group_10296	0.3888888888888889	middle
group_10099	group_10099	0.3888888888888889	middle
group_10002	group_10002	0.3888888888888889	middle
group_9963	group_9963	0.3888888888888889	middle
group_9943	group_9943	0.3888888888888889	middle
group_9928	group_9928	0.3888888888888889	middle
group_9922	group_9922	0.3888888888888889	middle
group_9837	group_9837	0.3888888888888889	middle
group_9792	group_9792	0.3888888888888889	middle
group_9779	group_9779	0.3888888888888889	middle
group_9708	group_9708	0.3888888888888889	middle
group_9689	group_9689	0.3888888888888889	middle
group_9564	group_9564	0.3888888888888889	middle
group_9534	group_9534	0.3888888888888889	middle
group_9375	group_9375	0.3888888888888889	middle
group_8793	group_8793	0.3888888888888889	middle
group_7580	group_7580	0.3888888888888889	middle
group_6634	group_6634	0.3888888888888889	middle
group_5645	group_5645	0.3888888888888889	middle
group_4830	group_4830	0.3888888888888889	middle
group_4719	group_4719	0.3888888888888889	middle
group_4673	group_4673	0.3888888888888889	middle
group_3950	group_3950	0.3888888888888889	middle
group_3940	group_3940	0.3888888888888889	middle
group_3890	group_3890	0.3888888888888889	middle
group_3770	group_3770	0.3888888888888889	middle
group_3582	group_3582	0.3888888888888889	middle
group_3413	group_3413	0.3888888888888889	middle
group_3330	group_3330	0.3888888888888889	middle
group_3204	group_3204	0.3888888888888889	middle
group_2191	group_2191	0.3888888888888889	middle
group_2070	group_2070	0.3888888888888889	middle
group_2064	group_2064	0.3888888888888889	middle
group_2008	group_2008	0.3888888888888889	middle
group_1704	group_1704	0.3888888888888889	middle
group_14209	group_14209	0.3703703703703703	middle
group_13484	group_13484	0.3703703703703703	middle
group_12825	group_12825	0.3703703703703703	middle
group_12714	group_12714	0.3703703703703703	middle
group_12202	group_12202	0.3703703703703703	middle
group_11737	group_11737	0.3703703703703703	middle
group_11546	group_11546	0.3703703703703703	middle
group_11288	group_11288	0.3703703703703703	middle
group_10766	group_10766	0.3703703703703703	middle
group_10713	group_10713	0.3703703703703703	middle
group_10364	group_10364	0.3703703703703703	middle
group_10326	group_10326	0.3703703703703703	middle
group_10232	group_10232	0.3703703703703703	middle
group_10221	group_10221	0.3703703703703703	middle
group_10157	group_10157	0.3703703703703703	middle
group_10147	group_10147	0.3703703703703703	middle
group_10115	group_10115	0.3703703703703703	middle
group_9669	group_9669	0.3703703703703703	middle
group_9629	group_9629	0.3703703703703703	middle
group_9289	group_9289	0.3703703703703703	middle
group_9202	group_9202	0.3703703703703703	middle
group_8837	group_8837	0.3703703703703703	middle
group_8566	group_8566	0.3703703703703703	middle
group_8565	group_8565	0.3703703703703703	middle
group_8345	group_8345	0.3703703703703703	middle
group_8232	group_8232	0.3703703703703703	middle
group_7556	group_7556	0.3703703703703703	middle
group_7435	group_7435	0.3703703703703703	middle
group_7423	group_7423	0.3703703703703703	middle
group_7059	group_7059	0.3703703703703703	middle
group_6635	group_6635	0.3703703703703703	middle
group_6520	group_6520	0.3703703703703703	middle
group_6386	group_6386	0.3703703703703703	middle
group_5843	group_5843	0.3703703703703703	middle
group_5515	group_5515	0.3703703703703703	middle
group_5389	group_5389	0.3703703703703703	middle
group_5168	group_5168	0.3703703703703703	middle
group_5153	group_5153	0.3703703703703703	middle
group_5004	group_5004	0.3703703703703703	middle
group_4791	group_4791	0.3703703703703703	middle
group_4783	group_4783	0.3703703703703703	middle
group_3963	group_3963	0.3703703703703703	middle
group_3579	group_3579	0.3703703703703703	middle
group_3162	group_3162	0.3703703703703703	middle
group_1503	group_1503	0.3703703703703703	middle
group_1484	group_1484	0.3703703703703703	middle
group_1262	group_1262	0.3703703703703703	middle
group_994	group_994	0.3703703703703703	middle
group_554	group_554	0.3703703703703703	middle
group_544	group_544	0.3703703703703703	middle
group_361	group_361	0.3703703703703703	middle
group_348	group_348	0.3703703703703703	middle
group_244	group_244	0.3703703703703703	middle
group_15359	group_15359	0.3518518518518518	middle
group_15003	group_15003	0.3518518518518518	middle
group_12940	group_12940	0.3518518518518518	middle
group_12712	group_12712	0.3518518518518518	middle
group_11680	group_11680	0.3518518518518518	middle
group_10712	group_10712	0.3518518518518518	middle
group_10706	group_10706	0.3518518518518518	middle
group_10703	group_10703	0.3518518518518518	middle
group_10700	group_10700	0.3518518518518518	middle
group_10689	group_10689	0.3518518518518518	middle
group_10682	group_10682	0.3518518518518518	middle
group_10668	group_10668	0.3518518518518518	middle
group_10658	group_10658	0.3518518518518518	middle
group_10618	group_10618	0.3518518518518518	middle
group_10305	group_10305	0.3518518518518518	middle
group_10165	group_10165	0.3518518518518518	middle
group_10148	group_10148	0.3518518518518518	middle
group_10012	group_10012	0.3518518518518518	middle
group_9959	group_9959	0.3518518518518518	middle
group_9613	group_9613	0.3518518518518518	middle
group_9567	group_9567	0.3518518518518518	middle
group_9546	group_9546	0.3518518518518518	middle
group_9474	group_9474	0.3518518518518518	middle
group_9449	group_9449	0.3518518518518518	middle
group_9269	group_9269	0.3518518518518518	middle
group_9255	group_9255	0.3518518518518518	middle
group_9171	group_9171	0.3518518518518518	middle
group_8624	group_8624	0.3518518518518518	middle
group_8255	group_8255	0.3518518518518518	middle
group_8212	group_8212	0.3518518518518518	middle
group_7861	group_7861	0.3518518518518518	middle
repB	repB	0.3518518518518518	middle
group_7327	group_7327	0.3518518518518518	middle
group_7293	group_7293	0.3518518518518518	middle
group_6224	group_6224	0.3518518518518518	middle
group_5978	group_5978	0.3518518518518518	middle
group_5710	group_5710	0.3518518518518518	middle
group_5419	group_5419	0.3518518518518518	middle
group_5056	group_5056	0.3518518518518518	middle
group_4755	group_4755	0.3518518518518518	middle
group_4188	group_4188	0.3518518518518518	middle
group_3236	group_3236	0.3518518518518518	middle
group_2251	group_2251	0.3518518518518518	middle
group_2096	group_2096	0.3518518518518518	middle
group_2002	group_2002	0.3518518518518518	middle
group_1218	group_1218	0.3518518518518518	middle
group_1124	group_1124	0.3518518518518518	middle
group_508	group_508	0.3518518518518518	middle
group_324	group_324	0.3518518518518518	middle
group_265	group_265	0.3518518518518518	middle
group_15577	group_15577	0.3333333333333333	middle
group_14518	group_14518	0.3333333333333333	middle
group_14110	group_14110	0.3333333333333333	middle
group_11975	group_11975	0.3333333333333333	middle
group_11886	group_11886	0.3333333333333333	middle
group_11418	group_11418	0.3333333333333333	middle
group_11008	group_11008	0.3333333333333333	middle
pbpC	pbpC	0.3333333333333333	middle
group_10664	group_10664	0.3333333333333333	middle
group_10602	group_10602	0.3333333333333333	middle
group_10382	group_10382	0.3333333333333333	middle
group_10315	group_10315	0.3333333333333333	middle
group_10301	group_10301	0.3333333333333333	middle
group_10281	group_10281	0.3333333333333333	middle
group_10244	group_10244	0.3333333333333333	middle
group_10037	group_10037	0.3333333333333333	middle
group_9523	group_9523	0.3333333333333333	middle
group_9307	group_9307	0.3333333333333333	middle
group_9076	group_9076	0.3333333333333333	middle
group_8857	group_8857	0.3333333333333333	middle
group_8808	group_8808	0.3333333333333333	middle
group_8766	group_8766	0.3333333333333333	middle
group_8643	group_8643	0.3333333333333333	middle
group_8404	group_8404	0.3333333333333333	middle
group_8393	group_8393	0.3333333333333333	middle
group_8261	group_8261	0.3333333333333333	middle
group_7914	group_7914	0.3333333333333333	middle
group_7631	group_7631	0.3333333333333333	middle
group_7626	group_7626	0.3333333333333333	middle
group_7031	group_7031	0.3333333333333333	middle
group_7030	group_7030	0.3333333333333333	middle
group_6949	group_6949	0.3333333333333333	middle
group_6752	group_6752	0.3333333333333333	middle
group_6521	group_6521	0.3333333333333333	middle
group_6519	group_6519	0.3333333333333333	middle
group_6118	group_6118	0.3333333333333333	middle
group_6117	group_6117	0.3333333333333333	middle
group_6027	group_6027	0.3333333333333333	middle
group_6026	group_6026	0.3333333333333333	middle
group_5753	group_5753	0.3333333333333333	middle
group_5541	group_5541	0.3333333333333333	middle
group_5368	group_5368	0.3333333333333333	middle
group_5315	group_5315	0.3333333333333333	middle
group_5197	group_5197	0.3333333333333333	middle
group_4955	group_4955	0.3333333333333333	middle
group_4898	group_4898	0.3333333333333333	middle
group_4853	group_4853	0.3333333333333333	middle
group_4455	group_4455	0.3333333333333333	middle
group_4316	group_4316	0.3333333333333333	middle
group_4087	group_4087	0.3333333333333333	middle
group_3996	group_3996	0.3333333333333333	middle
group_3976	group_3976	0.3333333333333333	middle
group_3850	group_3850	0.3333333333333333	middle
capA	capA	0.3333333333333333	middle
group_3431	group_3431	0.3333333333333333	middle
group_3263	group_3263	0.3333333333333333	middle
group_2166	group_2166	0.3333333333333333	middle
group_2158	group_2158	0.3333333333333333	middle
group_2102	group_2102	0.3333333333333333	middle
group_2082	group_2082	0.3333333333333333	middle
group_1921	group_1921	0.3333333333333333	middle
group_1702	group_1702	0.3333333333333333	middle
group_1659	group_1659	0.3333333333333333	middle
group_1186	group_1186	0.3333333333333333	middle
group_845	group_845	0.3333333333333333	middle
luxE	luxE	0.3333333333333333	middle
group_346	group_346	0.3333333333333333	middle
group_11890	group_11890	0.3148148148148148	middle
group_11436	group_11436	0.3148148148148148	middle
group_10892	group_10892	0.3148148148148148	middle
group_10890	group_10890	0.3148148148148148	middle
group_10824	group_10824	0.3148148148148148	middle
group_10749	group_10749	0.3148148148148148	middle
group_10685	group_10685	0.3148148148148148	middle
group_10681	group_10681	0.3148148148148148	middle
group_10675	group_10675	0.3148148148148148	middle
group_10592	group_10592	0.3148148148148148	middle
group_10587	group_10587	0.3148148148148148	middle
group_9813	group_9813	0.3148148148148148	middle
group_9745	group_9745	0.3148148148148148	middle
group_9744	group_9744	0.3148148148148148	middle
group_9633	group_9633	0.3148148148148148	middle
group_9521	group_9521	0.3148148148148148	middle
group_9436	group_9436	0.3148148148148148	middle
group_9207	group_9207	0.3148148148148148	middle
group_9173	group_9173	0.3148148148148148	middle
group_9077	group_9077	0.3148148148148148	middle
group_8937	group_8937	0.3148148148148148	middle
group_8936	group_8936	0.3148148148148148	middle
group_8844	group_8844	0.3148148148148148	middle
group_8840	group_8840	0.3148148148148148	middle
group_8600	group_8600	0.3148148148148148	middle
group_8395	group_8395	0.3148148148148148	middle
group_8353	group_8353	0.3148148148148148	middle
group_8301	group_8301	0.3148148148148148	middle
group_8088	group_8088	0.3148148148148148	middle
group_8047	group_8047	0.3148148148148148	middle
group_7044	group_7044	0.3148148148148148	middle
group_6763	group_6763	0.3148148148148148	middle
group_5804	group_5804	0.3148148148148148	middle
group_5550	group_5550	0.3148148148148148	middle
group_5449	group_5449	0.3148148148148148	middle
norM	norM	0.3148148148148148	middle
group_5443	group_5443	0.3148148148148148	middle
group_3851	group_3851	0.3148148148148148	middle
group_2095	group_2095	0.3148148148148148	middle
group_2016	group_2016	0.3148148148148148	middle
traN	traN	0.3148148148148148	middle
group_1161	group_1161	0.3148148148148148	middle
group_1070	group_1070	0.3148148148148148	middle
group_16381	group_16381	0.2962962962962963	middle
group_16378	group_16378	0.2962962962962963	middle
group_16088	group_16088	0.2962962962962963	middle
group_16087	group_16087	0.2962962962962963	middle
group_15865	group_15865	0.2962962962962963	middle
group_15856	group_15856	0.2962962962962963	middle
group_15254	group_15254	0.2962962962962963	middle
group_15013	group_15013	0.2962962962962963	middle
group_14922	group_14922	0.2962962962962963	middle
group_14819	group_14819	0.2962962962962963	middle
group_14641	group_14641	0.2962962962962963	middle
group_14185	group_14185	0.2962962962962963	middle
group_13974	group_13974	0.2962962962962963	middle
group_13937	group_13937	0.2962962962962963	middle
group_13634	group_13634	0.2962962962962963	middle
group_13625	group_13625	0.2962962962962963	middle
group_13408	group_13408	0.2962962962962963	middle
group_13180	group_13180	0.2962962962962963	middle
group_13149	group_13149	0.2962962962962963	middle
group_12875	group_12875	0.2962962962962963	middle
group_12817	group_12817	0.2962962962962963	middle
group_12590	group_12590	0.2962962962962963	middle
group_12556	group_12556	0.2962962962962963	middle
group_12019	group_12019	0.2962962962962963	middle
group_11973	group_11973	0.2962962962962963	middle
group_11818	group_11818	0.2962962962962963	middle
group_11593	group_11593	0.2962962962962963	middle
group_11545	group_11545	0.2962962962962963	middle
group_11339	group_11339	0.2962962962962963	middle
group_11204	group_11204	0.2962962962962963	middle
group_11044	group_11044	0.2962962962962963	middle
group_10869	group_10869	0.2962962962962963	middle
group_10798	group_10798	0.2962962962962963	middle
group_10717	group_10717	0.2962962962962963	middle
group_10693	group_10693	0.2962962962962963	middle
group_10657	group_10657	0.2962962962962963	middle
group_10652	group_10652	0.2962962962962963	middle
group_10649	group_10649	0.2962962962962963	middle
group_10594	group_10594	0.2962962962962963	middle
group_10302	group_10302	0.2962962962962963	middle
group_10095	group_10095	0.2962962962962963	middle
group_10072	group_10072	0.2962962962962963	middle
group_9965	group_9965	0.2962962962962963	middle
group_9921	group_9921	0.2962962962962963	middle
group_9917	group_9917	0.2962962962962963	middle
group_9798	group_9798	0.2962962962962963	middle
group_9596	group_9596	0.2962962962962963	middle
group_9448	group_9448	0.2962962962962963	middle
group_9347	group_9347	0.2962962962962963	middle
group_9318	group_9318	0.2962962962962963	middle
group_9110	group_9110	0.2962962962962963	middle
group_9100	group_9100	0.2962962962962963	middle
group_9010	group_9010	0.2962962962962963	middle
group_8944	group_8944	0.2962962962962963	middle
group_8933	group_8933	0.2962962962962963	middle
group_8925	group_8925	0.2962962962962963	middle
group_8878	group_8878	0.2962962962962963	middle
group_8834	group_8834	0.2962962962962963	middle
group_8654	group_8654	0.2962962962962963	middle
group_8608	group_8608	0.2962962962962963	middle
group_8594	group_8594	0.2962962962962963	middle
group_8564	group_8564	0.2962962962962963	middle
group_8537	group_8537	0.2962962962962963	middle
group_8453	group_8453	0.2962962962962963	middle
group_8220	group_8220	0.2962962962962963	middle
group_8188	group_8188	0.2962962962962963	middle
group_7828	group_7828	0.2962962962962963	middle
group_7793	group_7793	0.2962962962962963	middle
group_7725	group_7725	0.2962962962962963	middle
group_7632	group_7632	0.2962962962962963	middle
group_7611	group_7611	0.2962962962962963	middle
group_7607	group_7607	0.2962962962962963	middle
group_7599	group_7599	0.2962962962962963	middle
group_7403	group_7403	0.2962962962962963	middle
group_7317	group_7317	0.2962962962962963	middle
group_7301	group_7301	0.2962962962962963	middle
group_7238	group_7238	0.2962962962962963	middle
group_7228	group_7228	0.2962962962962963	middle
group_7170	group_7170	0.2962962962962963	middle
group_7145	group_7145	0.2962962962962963	middle
group_7049	group_7049	0.2962962962962963	middle
group_7043	group_7043	0.2962962962962963	middle
group_7010	group_7010	0.2962962962962963	middle
group_6873	group_6873	0.2962962962962963	middle
group_6604	group_6604	0.2962962962962963	middle
group_6530	group_6530	0.2962962962962963	middle
group_6338	group_6338	0.2962962962962963	middle
group_6328	group_6328	0.2962962962962963	middle
group_6282	group_6282	0.2962962962962963	middle
group_6281	group_6281	0.2962962962962963	middle
group_6218	group_6218	0.2962962962962963	middle
group_6178	group_6178	0.2962962962962963	middle
group_6128	group_6128	0.2962962962962963	middle
group_6093	group_6093	0.2962962962962963	middle
group_6066	group_6066	0.2962962962962963	middle
group_5986	group_5986	0.2962962962962963	middle
group_5981	group_5981	0.2962962962962963	middle
group_5903	group_5903	0.2962962962962963	middle
group_5861	group_5861	0.2962962962962963	middle
group_5853	group_5853	0.2962962962962963	middle
group_5706	group_5706	0.2962962962962963	middle
group_5586	group_5586	0.2962962962962963	middle
group_5476	group_5476	0.2962962962962963	middle
group_5441	group_5441	0.2962962962962963	middle
group_5343	group_5343	0.2962962962962963	middle
group_5299	group_5299	0.2962962962962963	middle
group_5010	group_5010	0.2962962962962963	middle
group_5009	group_5009	0.2962962962962963	middle
group_4947	group_4947	0.2962962962962963	middle
group_4816	group_4816	0.2962962962962963	middle
group_4812	group_4812	0.2962962962962963	middle
group_4699	group_4699	0.2962962962962963	middle
group_4629	group_4629	0.2962962962962963	middle
group_4582	group_4582	0.2962962962962963	middle
group_4581	group_4581	0.2962962962962963	middle
group_4575	group_4575	0.2962962962962963	middle
group_4410	group_4410	0.2962962962962963	middle
group_4327	group_4327	0.2962962962962963	middle
group_4317	group_4317	0.2962962962962963	middle
group_4314	group_4314	0.2962962962962963	middle
group_4248	group_4248	0.2962962962962963	middle
group_4032	group_4032	0.2962962962962963	middle
group_4029	group_4029	0.2962962962962963	middle
group_3915	group_3915	0.2962962962962963	middle
group_3870	group_3870	0.2962962962962963	middle
group_3847	group_3847	0.2962962962962963	middle
group_3708	group_3708	0.2962962962962963	middle
group_3635	group_3635	0.2962962962962963	middle
group_3602	group_3602	0.2962962962962963	middle
group_3461	group_3461	0.2962962962962963	middle
group_3452	group_3452	0.2962962962962963	middle
group_3206	group_3206	0.2962962962962963	middle
group_3149	group_3149	0.2962962962962963	middle
group_3066	group_3066	0.2962962962962963	middle
group_2230	group_2230	0.2962962962962963	middle
group_1958	group_1958	0.2962962962962963	middle
group_1922	group_1922	0.2962962962962963	middle
group_1885	group_1885	0.2962962962962963	middle
group_1847	group_1847	0.2962962962962963	middle
group_1796	group_1796	0.2962962962962963	middle
group_1736	group_1736	0.2962962962962963	middle
group_1657	group_1657	0.2962962962962963	middle
group_1603	group_1603	0.2962962962962963	middle
group_1593	group_1593	0.2962962962962963	middle
group_1557	group_1557	0.2962962962962963	middle
group_1548	group_1548	0.2962962962962963	middle
group_1524	group_1524	0.2962962962962963	middle
group_1395	group_1395	0.2962962962962963	middle
group_1290	group_1290	0.2962962962962963	middle
group_1110	group_1110	0.2962962962962963	middle
group_1084	group_1084	0.2962962962962963	middle
group_946	group_946	0.2962962962962963	middle
group_919	group_919	0.2962962962962963	middle
group_756	group_756	0.2962962962962963	middle
group_705	group_705	0.2962962962962963	middle
group_702	group_702	0.2962962962962963	middle
group_455	group_455	0.2962962962962963	middle
group_412	group_412	0.2962962962962963	middle
group_329	group_329	0.2962962962962963	middle
group_298	group_298	0.2962962962962963	middle
group_293	group_293	0.2962962962962963	middle
group_282	group_282	0.2962962962962963	middle
group_197	group_197	0.2962962962962963	middle
group_193	group_193	0.2962962962962963	middle
group_151	group_151	0.2962962962962963	middle
group_148	group_148	0.2962962962962963	middle
group_134	group_134	0.2962962962962963	middle
group_58	group_58	0.2962962962962963	middle
group_19	group_19	0.2962962962962963	middle
group_16127	group_16127	0.2777777777777778	middle
group_15724	group_15724	0.2777777777777778	middle
group_15613	group_15613	0.2777777777777778	middle
group_15244	group_15244	0.2777777777777778	middle
group_14895	group_14895	0.2777777777777778	middle
group_14520	group_14520	0.2777777777777778	middle
group_14220	group_14220	0.2777777777777778	middle
group_14183	group_14183	0.2777777777777778	middle
group_14080	group_14080	0.2777777777777778	middle
group_13860	group_13860	0.2777777777777778	middle
group_13800	group_13800	0.2777777777777778	middle
group_13405	group_13405	0.2777777777777778	middle
group_12841	group_12841	0.2777777777777778	middle
group_12736	group_12736	0.2777777777777778	middle
group_12733	group_12733	0.2777777777777778	middle
group_12419	group_12419	0.2777777777777778	middle
group_12254	group_12254	0.2777777777777778	middle
group_11577	group_11577	0.2777777777777778	middle
group_11510	group_11510	0.2777777777777778	middle
group_10925	group_10925	0.2777777777777778	middle
group_10812	group_10812	0.2777777777777778	middle
group_10772	group_10772	0.2777777777777778	middle
group_10646	group_10646	0.2777777777777778	middle
group_10614	group_10614	0.2777777777777778	middle
group_10606	group_10606	0.2777777777777778	middle
group_10598	group_10598	0.2777777777777778	middle
group_10517	group_10517	0.2777777777777778	middle
group_10502	group_10502	0.2777777777777778	middle
group_10456	group_10456	0.2777777777777778	middle
group_10433	group_10433	0.2777777777777778	middle
group_10400	group_10400	0.2777777777777778	middle
group_10334	group_10334	0.2777777777777778	middle
group_10333	group_10333	0.2777777777777778	middle
group_10286	group_10286	0.2777777777777778	middle
group_10068	group_10068	0.2777777777777778	middle
group_10014	group_10014	0.2777777777777778	middle
group_9988	group_9988	0.2777777777777778	middle
group_9871	group_9871	0.2777777777777778	middle
group_9831	group_9831	0.2777777777777778	middle
group_9777	group_9777	0.2777777777777778	middle
group_9773	group_9773	0.2777777777777778	middle
group_9719	group_9719	0.2777777777777778	middle
group_9679	group_9679	0.2777777777777778	middle
group_9634	group_9634	0.2777777777777778	middle
group_9609	group_9609	0.2777777777777778	middle
group_9524	group_9524	0.2777777777777778	middle
group_9266	group_9266	0.2777777777777778	middle
group_9249	group_9249	0.2777777777777778	middle
group_8995	group_8995	0.2777777777777778	middle
group_8838	group_8838	0.2777777777777778	middle
group_8800	group_8800	0.2777777777777778	middle
group_8625	group_8625	0.2777777777777778	middle
group_8609	group_8609	0.2777777777777778	middle
group_8473	group_8473	0.2777777777777778	middle
group_8424	group_8424	0.2777777777777778	middle
yopX	yopX	0.2777777777777778	middle
group_8147	group_8147	0.2777777777777778	middle
group_8146	group_8146	0.2777777777777778	middle
group_7834	group_7834	0.2777777777777778	middle
group_7781	group_7781	0.2777777777777778	middle
group_7482	group_7482	0.2777777777777778	middle
group_7385	group_7385	0.2777777777777778	middle
group_7235	group_7235	0.2777777777777778	middle
group_7223	group_7223	0.2777777777777778	middle
group_7132	group_7132	0.2777777777777778	middle
group_6959	group_6959	0.2777777777777778	middle
group_6727	group_6727	0.2777777777777778	middle
group_6667	group_6667	0.2777777777777778	middle
group_6654	group_6654	0.2777777777777778	middle
group_6620	group_6620	0.2777777777777778	middle
group_6576	group_6576	0.2777777777777778	middle
group_6227	group_6227	0.2777777777777778	middle
group_6212	group_6212	0.2777777777777778	middle
group_6153	group_6153	0.2777777777777778	middle
group_6068	group_6068	0.2777777777777778	middle
group_5988	group_5988	0.2777777777777778	middle
group_5882	group_5882	0.2777777777777778	middle
group_5881	group_5881	0.2777777777777778	middle
group_5863	group_5863	0.2777777777777778	middle
group_5799	group_5799	0.2777777777777778	middle
group_5425	group_5425	0.2777777777777778	middle
group_5392	group_5392	0.2777777777777778	middle
group_5352	group_5352	0.2777777777777778	middle
group_5071	group_5071	0.2777777777777778	middle
group_5065	group_5065	0.2777777777777778	middle
group_4829	group_4829	0.2777777777777778	middle
group_4763	group_4763	0.2777777777777778	middle
group_4431	group_4431	0.2777777777777778	middle
group_4408	group_4408	0.2777777777777778	middle
group_4292	group_4292	0.2777777777777778	middle
group_4103	group_4103	0.2777777777777778	middle
group_4060	group_4060	0.2777777777777778	middle
group_4031	group_4031	0.2777777777777778	middle
group_4024	group_4024	0.2777777777777778	middle
group_4023	group_4023	0.2777777777777778	middle
group_3990	group_3990	0.2777777777777778	middle
group_3970	group_3970	0.2777777777777778	middle
group_3959	group_3959	0.2777777777777778	middle
group_3917	group_3917	0.2777777777777778	middle
group_3873	group_3873	0.2777777777777778	middle
group_3872	group_3872	0.2777777777777778	middle
group_3865	group_3865	0.2777777777777778	middle
group_3796	group_3796	0.2777777777777778	middle
group_3639	group_3639	0.2777777777777778	middle
group_3556	group_3556	0.2777777777777778	middle
group_3484	group_3484	0.2777777777777778	middle
group_3424	group_3424	0.2777777777777778	middle
group_3363	group_3363	0.2777777777777778	middle
group_3241	group_3241	0.2777777777777778	middle
group_3227	group_3227	0.2777777777777778	middle
group_2396	group_2396	0.2777777777777778	middle
group_2394	group_2394	0.2777777777777778	middle
group_2222	group_2222	0.2777777777777778	middle
group_2059	group_2059	0.2777777777777778	middle
group_2057	group_2057	0.2777777777777778	middle
group_1611	group_1611	0.2777777777777778	middle
group_1351	group_1351	0.2777777777777778	middle
group_1335	group_1335	0.2777777777777778	middle
group_1308	group_1308	0.2777777777777778	middle
group_1144	group_1144	0.2777777777777778	middle
group_1033	group_1033	0.2777777777777778	middle
group_810	group_810	0.2777777777777778	middle
group_668	group_668	0.2777777777777778	middle
group_666	group_666	0.2777777777777778	middle
group_442	group_442	0.2777777777777778	middle
group_426	group_426	0.2777777777777778	middle
group_344	group_344	0.2777777777777778	middle
group_209	group_209	0.2777777777777778	middle
group_69	group_69	0.2777777777777778	middle
group_15109	group_15109	0.2592592592592592	middle
group_14925	group_14925	0.2592592592592592	middle
group_13752	group_13752	0.2592592592592592	middle
group_10916	group_10916	0.2592592592592592	middle
group_10811	group_10811	0.2592592592592592	middle
group_10810	group_10810	0.2592592592592592	middle
group_10718	group_10718	0.2592592592592592	middle
group_10636	group_10636	0.2592592592592592	middle
group_10563	group_10563	0.2592592592592592	middle
group_10425	group_10425	0.2592592592592592	middle
group_10407	group_10407	0.2592592592592592	middle
group_10375	group_10375	0.2592592592592592	middle
group_10332	group_10332	0.2592592592592592	middle
group_10291	group_10291	0.2592592592592592	middle
group_10236	group_10236	0.2592592592592592	middle
group_10080	group_10080	0.2592592592592592	middle
group_9713	group_9713	0.2592592592592592	middle
group_9094	group_9094	0.2592592592592592	middle
group_8885	group_8885	0.2592592592592592	middle
group_8364	group_8364	0.2592592592592592	middle
group_8274	group_8274	0.2592592592592592	middle
group_8044	group_8044	0.2592592592592592	middle
group_7991	group_7991	0.2592592592592592	middle
group_7938	group_7938	0.2592592592592592	middle
group_7761	group_7761	0.2592592592592592	middle
group_7579	group_7579	0.2592592592592592	middle
group_7242	group_7242	0.2592592592592592	middle
group_6908	group_6908	0.2592592592592592	middle
group_6651	group_6651	0.2592592592592592	middle
group_6048	group_6048	0.2592592592592592	middle
group_6047	group_6047	0.2592592592592592	middle
group_5823	group_5823	0.2592592592592592	middle
group_5794	group_5794	0.2592592592592592	middle
group_5793	group_5793	0.2592592592592592	middle
group_5601	group_5601	0.2592592592592592	middle
group_5377	group_5377	0.2592592592592592	middle
group_5370	group_5370	0.2592592592592592	middle
group_5265	group_5265	0.2592592592592592	middle
group_5040	group_5040	0.2592592592592592	middle
group_4922	group_4922	0.2592592592592592	middle
group_4374	group_4374	0.2592592592592592	middle
group_4179	group_4179	0.2592592592592592	middle
group_4099	group_4099	0.2592592592592592	middle
group_4006	group_4006	0.2592592592592592	middle
group_3783	group_3783	0.2592592592592592	middle
group_3716	group_3716	0.2592592592592592	middle
group_3709	group_3709	0.2592592592592592	middle
group_3691	group_3691	0.2592592592592592	middle
group_3344	group_3344	0.2592592592592592	middle
group_3200	group_3200	0.2592592592592592	middle
group_2824	group_2824	0.2592592592592592	middle
group_2512	group_2512	0.2592592592592592	middle
group_2246	group_2246	0.2592592592592592	middle
group_2245	group_2245	0.2592592592592592	middle
group_1436	group_1436	0.2592592592592592	middle
group_1311	group_1311	0.2592592592592592	middle
group_968	group_968	0.2592592592592592	middle
group_933	group_933	0.2592592592592592	middle
group_404	group_404	0.2592592592592592	middle
group_205	group_205	0.2592592592592592	middle
group_145	group_145	0.2592592592592592	middle
group_67	group_67	0.2592592592592592	middle
group_15969	group_15969	0.2407407407407407	middle
group_15776	group_15776	0.2407407407407407	middle
group_15494	group_15494	0.2407407407407407	middle
group_15139	group_15139	0.2407407407407407	middle
group_15051	group_15051	0.2407407407407407	middle
group_13621	group_13621	0.2407407407407407	middle
group_13098	group_13098	0.2407407407407407	middle
group_12964	group_12964	0.2407407407407407	middle
group_12908	group_12908	0.2407407407407407	middle
group_12905	group_12905	0.2407407407407407	middle
group_12694	group_12694	0.2407407407407407	middle
tssB	tssB	0.2407407407407407	middle
hydC	hydC	0.2407407407407407	middle
group_12064	group_12064	0.2407407407407407	middle
group_11846	group_11846	0.2407407407407407	middle
group_11596	group_11596	0.2407407407407407	middle
group_11568	group_11568	0.2407407407407407	middle
group_11480	group_11480	0.2407407407407407	middle
group_11119	group_11119	0.2407407407407407	middle
group_10883	group_10883	0.2407407407407407	middle
group_10828	group_10828	0.2407407407407407	middle
group_10823	group_10823	0.2407407407407407	middle
group_10817	group_10817	0.2407407407407407	middle
group_10792	group_10792	0.2407407407407407	middle
group_10733	group_10733	0.2407407407407407	middle
group_10666	group_10666	0.2407407407407407	middle
group_10660	group_10660	0.2407407407407407	middle
group_10429	group_10429	0.2407407407407407	middle
group_10325	group_10325	0.2407407407407407	middle
group_10290	group_10290	0.2407407407407407	middle
group_10284	group_10284	0.2407407407407407	middle
group_10247	group_10247	0.2407407407407407	middle
pinR	pinR	0.2407407407407407	middle
group_9875	group_9875	0.2407407407407407	middle
group_9869	group_9869	0.2407407407407407	middle
group_9845	group_9845	0.2407407407407407	middle
group_9844	group_9844	0.2407407407407407	middle
group_9793	group_9793	0.2407407407407407	middle
group_9786	group_9786	0.2407407407407407	middle
group_9701	group_9701	0.2407407407407407	middle
group_9700	group_9700	0.2407407407407407	middle
group_9590	group_9590	0.2407407407407407	middle
group_9569	group_9569	0.2407407407407407	middle
group_9548	group_9548	0.2407407407407407	middle
group_9547	group_9547	0.2407407407407407	middle
group_9482	group_9482	0.2407407407407407	middle
group_9359	group_9359	0.2407407407407407	middle
group_9302	group_9302	0.2407407407407407	middle
group_9258	group_9258	0.2407407407407407	middle
group_9228	group_9228	0.2407407407407407	middle
group_9176	group_9176	0.2407407407407407	middle
group_9175	group_9175	0.2407407407407407	middle
group_9141	group_9141	0.2407407407407407	middle
group_9113	group_9113	0.2407407407407407	middle
group_9090	group_9090	0.2407407407407407	middle
group_9048	group_9048	0.2407407407407407	middle
group_9018	group_9018	0.2407407407407407	middle
group_8999	group_8999	0.2407407407407407	middle
group_8904	group_8904	0.2407407407407407	middle
group_8886	group_8886	0.2407407407407407	middle
group_8697	group_8697	0.2407407407407407	middle
group_8677	group_8677	0.2407407407407407	middle
group_8661	group_8661	0.2407407407407407	middle
group_8640	group_8640	0.2407407407407407	middle
group_8458	group_8458	0.2407407407407407	middle
group_8400	group_8400	0.2407407407407407	middle
group_8262	group_8262	0.2407407407407407	middle
group_8150	group_8150	0.2407407407407407	middle
group_8089	group_8089	0.2407407407407407	middle
group_8022	group_8022	0.2407407407407407	middle
group_7855	group_7855	0.2407407407407407	middle
group_7831	group_7831	0.2407407407407407	middle
group_7829	group_7829	0.2407407407407407	middle
group_7811	group_7811	0.2407407407407407	middle
group_7683	group_7683	0.2407407407407407	middle
group_7422	group_7422	0.2407407407407407	middle
group_7373	group_7373	0.2407407407407407	middle
group_7333	group_7333	0.2407407407407407	middle
group_7331	group_7331	0.2407407407407407	middle
group_7325	group_7325	0.2407407407407407	middle
group_7175	group_7175	0.2407407407407407	middle
group_7081	group_7081	0.2407407407407407	middle
group_7013	group_7013	0.2407407407407407	middle
group_6971	group_6971	0.2407407407407407	middle
group_6897	group_6897	0.2407407407407407	middle
group_6834	group_6834	0.2407407407407407	middle
group_6831	group_6831	0.2407407407407407	middle
tssR	tssR	0.2407407407407407	middle
group_6799	group_6799	0.2407407407407407	middle
group_6790	group_6790	0.2407407407407407	middle
group_6757	group_6757	0.2407407407407407	middle
group_6689	group_6689	0.2407407407407407	middle
tssO	tssO	0.2407407407407407	middle
group_6419	group_6419	0.2407407407407407	middle
group_6387	group_6387	0.2407407407407407	middle
group_6376	group_6376	0.2407407407407407	middle
group_5991	group_5991	0.2407407407407407	middle
group_5938	group_5938	0.2407407407407407	middle
group_5862	group_5862	0.2407407407407407	middle
group_5796	group_5796	0.2407407407407407	middle
group_5743	group_5743	0.2407407407407407	middle
group_5726	group_5726	0.2407407407407407	middle
group_5527	group_5527	0.2407407407407407	middle
group_5190	group_5190	0.2407407407407407	middle
group_5112	group_5112	0.2407407407407407	middle
group_5036	group_5036	0.2407407407407407	middle
group_4628	group_4628	0.2407407407407407	middle
group_4590	group_4590	0.2407407407407407	middle
group_4462	group_4462	0.2407407407407407	middle
group_4301	group_4301	0.2407407407407407	middle
group_4288	group_4288	0.2407407407407407	middle
group_4108	group_4108	0.2407407407407407	middle
group_3773	group_3773	0.2407407407407407	middle
group_3687	group_3687	0.2407407407407407	middle
group_3454	group_3454	0.2407407407407407	middle
group_3430	group_3430	0.2407407407407407	middle
group_2511	group_2511	0.2407407407407407	middle
group_2454	group_2454	0.2407407407407407	middle
group_2398	group_2398	0.2407407407407407	middle
dnaC	dnaC	0.2407407407407407	middle
group_2157	group_2157	0.2407407407407407	middle
group_2132	group_2132	0.2407407407407407	middle
group_2073	group_2073	0.2407407407407407	middle
group_1981	group_1981	0.2407407407407407	middle
group_1828	group_1828	0.2407407407407407	middle
group_1816	group_1816	0.2407407407407407	middle
group_1764	group_1764	0.2407407407407407	middle
group_1610	group_1610	0.2407407407407407	middle
group_1213	group_1213	0.2407407407407407	middle
group_1205	group_1205	0.2407407407407407	middle
hndC	hndC	0.2407407407407407	middle
group_342	group_342	0.2407407407407407	middle
group_288	group_288	0.2407407407407407	middle
group_251	group_251	0.2407407407407407	middle
group_175	group_175	0.2407407407407407	middle
group_16117	group_16117	0.2222222222222222	middle
group_15208	group_15208	0.2222222222222222	middle
group_15172	group_15172	0.2222222222222222	middle
group_14454	group_14454	0.2222222222222222	middle
group_14140	group_14140	0.2222222222222222	middle
group_14022	group_14022	0.2222222222222222	middle
group_13782	group_13782	0.2222222222222222	middle
group_13096	group_13096	0.2222222222222222	middle
group_13073	group_13073	0.2222222222222222	middle
group_12557	group_12557	0.2222222222222222	middle
group_12087	group_12087	0.2222222222222222	middle
group_10961	group_10961	0.2222222222222222	middle
group_10833	group_10833	0.2222222222222222	middle
group_10799	group_10799	0.2222222222222222	middle
group_10796	group_10796	0.2222222222222222	middle
group_10710	group_10710	0.2222222222222222	middle
group_10708	group_10708	0.2222222222222222	middle
group_10686	group_10686	0.2222222222222222	middle
group_10684	group_10684	0.2222222222222222	middle
group_10679	group_10679	0.2222222222222222	middle
group_10641	group_10641	0.2222222222222222	middle
group_10595	group_10595	0.2222222222222222	middle
group_10512	group_10512	0.2222222222222222	middle
group_10511	group_10511	0.2222222222222222	middle
group_10468	group_10468	0.2222222222222222	middle
group_10457	group_10457	0.2222222222222222	middle
group_10410	group_10410	0.2222222222222222	middle
group_10374	group_10374	0.2222222222222222	middle
group_10360	group_10360	0.2222222222222222	middle
group_10342	group_10342	0.2222222222222222	middle
group_10278	group_10278	0.2222222222222222	middle
group_10196	group_10196	0.2222222222222222	middle
group_10128	group_10128	0.2222222222222222	middle
group_10126	group_10126	0.2222222222222222	middle
group_9683	group_9683	0.2222222222222222	middle
group_9480	group_9480	0.2222222222222222	middle
group_9374	group_9374	0.2222222222222222	middle
group_9214	group_9214	0.2222222222222222	middle
group_9184	group_9184	0.2222222222222222	middle
group_9012	group_9012	0.2222222222222222	middle
bioC	bioC	0.2222222222222222	middle
group_8759	group_8759	0.2222222222222222	middle
group_8723	group_8723	0.2222222222222222	middle
group_8687	group_8687	0.2222222222222222	middle
group_8657	group_8657	0.2222222222222222	middle
group_8478	group_8478	0.2222222222222222	middle
group_8253	group_8253	0.2222222222222222	middle
group_8249	group_8249	0.2222222222222222	middle
group_7906	group_7906	0.2222222222222222	middle
group_7885	group_7885	0.2222222222222222	middle
group_7838	group_7838	0.2222222222222222	middle
group_7830	group_7830	0.2222222222222222	middle
group_7746	group_7746	0.2222222222222222	middle
group_7675	group_7675	0.2222222222222222	middle
group_7616	group_7616	0.2222222222222222	middle
group_7606	group_7606	0.2222222222222222	middle
group_7442	group_7442	0.2222222222222222	middle
group_7309	group_7309	0.2222222222222222	middle
group_6548	group_6548	0.2222222222222222	middle
group_6501	group_6501	0.2222222222222222	middle
group_6060	group_6060	0.2222222222222222	middle
group_5803	group_5803	0.2222222222222222	middle
group_5766	group_5766	0.2222222222222222	middle
group_5583	group_5583	0.2222222222222222	middle
group_5500	group_5500	0.2222222222222222	middle
group_5367	group_5367	0.2222222222222222	middle
group_5249	group_5249	0.2222222222222222	middle
group_5057	group_5057	0.2222222222222222	middle
group_5019	group_5019	0.2222222222222222	middle
group_4901	group_4901	0.2222222222222222	middle
group_4626	group_4626	0.2222222222222222	middle
group_4559	group_4559	0.2222222222222222	middle
group_4498	group_4498	0.2222222222222222	middle
group_4486	group_4486	0.2222222222222222	middle
group_4282	group_4282	0.2222222222222222	middle
group_3957	group_3957	0.2222222222222222	middle
group_3941	group_3941	0.2222222222222222	middle
group_3561	group_3561	0.2222222222222222	middle
group_3547	group_3547	0.2222222222222222	middle
group_3505	group_3505	0.2222222222222222	middle
group_3090	group_3090	0.2222222222222222	middle
group_2852	group_2852	0.2222222222222222	middle
group_2647	group_2647	0.2222222222222222	middle
group_2528	group_2528	0.2222222222222222	middle
group_2418	group_2418	0.2222222222222222	middle
group_2405	group_2405	0.2222222222222222	middle
group_2404	group_2404	0.2222222222222222	middle
group_2403	group_2403	0.2222222222222222	middle
group_2366	group_2366	0.2222222222222222	middle
group_2289	group_2289	0.2222222222222222	middle
group_2286	group_2286	0.2222222222222222	middle
group_2193	group_2193	0.2222222222222222	middle
group_2080	group_2080	0.2222222222222222	middle
group_2066	group_2066	0.2222222222222222	middle
group_2058	group_2058	0.2222222222222222	middle
group_1843	group_1843	0.2222222222222222	middle
group_1660	group_1660	0.2222222222222222	middle
group_1560	group_1560	0.2222222222222222	middle
group_1558	group_1558	0.2222222222222222	middle
group_1467	group_1467	0.2222222222222222	middle
group_1462	group_1462	0.2222222222222222	middle
group_1381	group_1381	0.2222222222222222	middle
group_1367	group_1367	0.2222222222222222	middle
group_1347	group_1347	0.2222222222222222	middle
group_1336	group_1336	0.2222222222222222	middle
group_1166	group_1166	0.2222222222222222	middle
group_943	group_943	0.2222222222222222	middle
group_724	group_724	0.2222222222222222	middle
group_667	group_667	0.2222222222222222	middle
group_472	group_472	0.2222222222222222	middle
group_206	group_206	0.2222222222222222	middle
group_106	group_106	0.2222222222222222	middle
group_16447	group_16447	0.2037037037037037	middle
group_16357	group_16357	0.2037037037037037	middle
group_16268	group_16268	0.2037037037037037	middle
group_16139	group_16139	0.2037037037037037	middle
group_16129	group_16129	0.2037037037037037	middle
group_16124	group_16124	0.2037037037037037	middle
group_16122	group_16122	0.2037037037037037	middle
group_16121	group_16121	0.2037037037037037	middle
group_16120	group_16120	0.2037037037037037	middle
group_16118	group_16118	0.2037037037037037	middle
group_15890	group_15890	0.2037037037037037	middle
group_15780	group_15780	0.2037037037037037	middle
group_15663	group_15663	0.2037037037037037	middle
group_15660	group_15660	0.2037037037037037	middle
group_15543	group_15543	0.2037037037037037	middle
group_15542	group_15542	0.2037037037037037	middle
group_15422	group_15422	0.2037037037037037	middle
group_15364	group_15364	0.2037037037037037	middle
group_15325	group_15325	0.2037037037037037	middle
group_15311	group_15311	0.2037037037037037	middle
group_15134	group_15134	0.2037037037037037	middle
group_15085	group_15085	0.2037037037037037	middle
group_14772	group_14772	0.2037037037037037	middle
group_14733	group_14733	0.2037037037037037	middle
group_14694	group_14694	0.2037037037037037	middle
group_14476	group_14476	0.2037037037037037	middle
group_14398	group_14398	0.2037037037037037	middle
group_14327	group_14327	0.2037037037037037	middle
group_14304	group_14304	0.2037037037037037	middle
group_14277	group_14277	0.2037037037037037	middle
group_14163	group_14163	0.2037037037037037	middle
group_13973	group_13973	0.2037037037037037	middle
group_13898	group_13898	0.2037037037037037	middle
group_13797	group_13797	0.2037037037037037	middle
group_13786	group_13786	0.2037037037037037	middle
group_13454	group_13454	0.2037037037037037	middle
group_13406	group_13406	0.2037037037037037	middle
group_13097	group_13097	0.2037037037037037	middle
group_13095	group_13095	0.2037037037037037	middle
group_13040	group_13040	0.2037037037037037	middle
group_12863	group_12863	0.2037037037037037	middle
group_12795	group_12795	0.2037037037037037	middle
group_12735	group_12735	0.2037037037037037	middle
group_12608	group_12608	0.2037037037037037	middle
group_12525	group_12525	0.2037037037037037	middle
group_12505	group_12505	0.2037037037037037	middle
group_12480	group_12480	0.2037037037037037	middle
group_12272	group_12272	0.2037037037037037	middle
group_12250	group_12250	0.2037037037037037	middle
group_12205	group_12205	0.2037037037037037	middle
group_12084	group_12084	0.2037037037037037	middle
group_11977	group_11977	0.2037037037037037	middle
group_11726	group_11726	0.2037037037037037	middle
group_11677	group_11677	0.2037037037037037	middle
group_11387	group_11387	0.2037037037037037	middle
group_11340	group_11340	0.2037037037037037	middle
group_10955	group_10955	0.2037037037037037	middle
group_10897	group_10897	0.2037037037037037	middle
group_10867	group_10867	0.2037037037037037	middle
group_10862	group_10862	0.2037037037037037	middle
group_10842	group_10842	0.2037037037037037	middle
group_10838	group_10838	0.2037037037037037	middle
group_10837	group_10837	0.2037037037037037	middle
group_10790	group_10790	0.2037037037037037	middle
group_10781	group_10781	0.2037037037037037	middle
group_10762	group_10762	0.2037037037037037	middle
group_10758	group_10758	0.2037037037037037	middle
group_10743	group_10743	0.2037037037037037	middle
group_10654	group_10654	0.2037037037037037	middle
group_10571	group_10571	0.2037037037037037	middle
group_10483	group_10483	0.2037037037037037	middle
group_10449	group_10449	0.2037037037037037	middle
group_10397	group_10397	0.2037037037037037	middle
group_10381	group_10381	0.2037037037037037	middle
group_10377	group_10377	0.2037037037037037	middle
group_10356	group_10356	0.2037037037037037	middle
group_10352	group_10352	0.2037037037037037	middle
group_10288	group_10288	0.2037037037037037	middle
group_10287	group_10287	0.2037037037037037	middle
group_10166	group_10166	0.2037037037037037	middle
group_10160	group_10160	0.2037037037037037	middle
group_10104	group_10104	0.2037037037037037	middle
group_10094	group_10094	0.2037037037037037	middle
group_10065	group_10065	0.2037037037037037	middle
group_10055	group_10055	0.2037037037037037	middle
group_10017	group_10017	0.2037037037037037	middle
group_9957	group_9957	0.2037037037037037	middle
group_9952	group_9952	0.2037037037037037	middle
group_9788	group_9788	0.2037037037037037	middle
group_9703	group_9703	0.2037037037037037	middle
group_9699	group_9699	0.2037037037037037	middle
group_9698	group_9698	0.2037037037037037	middle
group_9680	group_9680	0.2037037037037037	middle
group_9555	group_9555	0.2037037037037037	middle
group_9544	group_9544	0.2037037037037037	middle
group_9435	group_9435	0.2037037037037037	middle
group_9327	group_9327	0.2037037037037037	middle
group_9312	group_9312	0.2037037037037037	middle
group_9201	group_9201	0.2037037037037037	middle
group_9118	group_9118	0.2037037037037037	middle
group_9111	group_9111	0.2037037037037037	middle
group_9030	group_9030	0.2037037037037037	middle
group_8949	group_8949	0.2037037037037037	middle
group_8931	group_8931	0.2037037037037037	middle
group_8915	group_8915	0.2037037037037037	middle
group_8898	group_8898	0.2037037037037037	middle
group_8827	group_8827	0.2037037037037037	middle
group_8778	group_8778	0.2037037037037037	middle
group_8735	group_8735	0.2037037037037037	middle
group_8558	group_8558	0.2037037037037037	middle
group_8496	group_8496	0.2037037037037037	middle
group_8480	group_8480	0.2037037037037037	middle
group_8426	group_8426	0.2037037037037037	middle
group_8425	group_8425	0.2037037037037037	middle
group_8417	group_8417	0.2037037037037037	middle
group_8372	group_8372	0.2037037037037037	middle
group_8371	group_8371	0.2037037037037037	middle
group_8354	group_8354	0.2037037037037037	middle
group_8327	group_8327	0.2037037037037037	middle
group_8133	group_8133	0.2037037037037037	middle
group_8092	group_8092	0.2037037037037037	middle
group_8081	group_8081	0.2037037037037037	middle
group_8072	group_8072	0.2037037037037037	middle
group_7912	group_7912	0.2037037037037037	middle
group_7910	group_7910	0.2037037037037037	middle
group_7909	group_7909	0.2037037037037037	middle
group_7878	group_7878	0.2037037037037037	middle
group_7857	group_7857	0.2037037037037037	middle
group_7792	group_7792	0.2037037037037037	middle
group_7756	group_7756	0.2037037037037037	middle
group_7703	group_7703	0.2037037037037037	middle
group_7651	group_7651	0.2037037037037037	middle
group_7646	group_7646	0.2037037037037037	middle
group_7639	group_7639	0.2037037037037037	middle
group_7554	group_7554	0.2037037037037037	middle
group_7472	group_7472	0.2037037037037037	middle
group_7427	group_7427	0.2037037037037037	middle
group_7393	group_7393	0.2037037037037037	middle
group_7348	group_7348	0.2037037037037037	middle
group_7304	group_7304	0.2037037037037037	middle
group_7240	group_7240	0.2037037037037037	middle
group_7198	group_7198	0.2037037037037037	middle
group_7130	group_7130	0.2037037037037037	middle
group_7101	group_7101	0.2037037037037037	middle
group_7073	group_7073	0.2037037037037037	middle
group_7069	group_7069	0.2037037037037037	middle
group_7037	group_7037	0.2037037037037037	middle
group_7025	group_7025	0.2037037037037037	middle
group_6923	group_6923	0.2037037037037037	middle
group_6888	group_6888	0.2037037037037037	middle
group_6770	group_6770	0.2037037037037037	middle
group_6631	group_6631	0.2037037037037037	middle
group_6526	group_6526	0.2037037037037037	middle
group_6400	group_6400	0.2037037037037037	middle
group_6317	group_6317	0.2037037037037037	middle
group_6164	group_6164	0.2037037037037037	middle
recT	recT	0.2037037037037037	middle
group_5911	group_5911	0.2037037037037037	middle
rlmN	rlmN	0.2037037037037037	middle
group_5891	group_5891	0.2037037037037037	middle
group_5859	group_5859	0.2037037037037037	middle
group_5832	group_5832	0.2037037037037037	middle
group_5805	group_5805	0.2037037037037037	middle
group_5800	group_5800	0.2037037037037037	middle
group_5798	group_5798	0.2037037037037037	middle
group_5782	group_5782	0.2037037037037037	middle
group_5781	group_5781	0.2037037037037037	middle
group_5768	group_5768	0.2037037037037037	middle
group_5720	group_5720	0.2037037037037037	middle
group_5719	group_5719	0.2037037037037037	middle
group_5677	group_5677	0.2037037037037037	middle
group_5667	group_5667	0.2037037037037037	middle
group_5598	group_5598	0.2037037037037037	middle
group_5569	group_5569	0.2037037037037037	middle
group_5547	group_5547	0.2037037037037037	middle
group_5464	group_5464	0.2037037037037037	middle
group_5447	group_5447	0.2037037037037037	middle
group_5362	group_5362	0.2037037037037037	middle
group_5320	group_5320	0.2037037037037037	middle
group_5305	group_5305	0.2037037037037037	middle
group_5300	group_5300	0.2037037037037037	middle
group_5276	group_5276	0.2037037037037037	middle
group_5242	group_5242	0.2037037037037037	middle
group_5233	group_5233	0.2037037037037037	middle
group_5222	group_5222	0.2037037037037037	middle
group_5188	group_5188	0.2037037037037037	middle
group_5183	group_5183	0.2037037037037037	middle
group_5139	group_5139	0.2037037037037037	middle
group_5059	group_5059	0.2037037037037037	middle
group_5055	group_5055	0.2037037037037037	middle
group_5049	group_5049	0.2037037037037037	middle
group_5005	group_5005	0.2037037037037037	middle
group_4986	group_4986	0.2037037037037037	middle
group_4982	group_4982	0.2037037037037037	middle
group_4872	group_4872	0.2037037037037037	middle
group_4831	group_4831	0.2037037037037037	middle
group_4790	group_4790	0.2037037037037037	middle
group_4781	group_4781	0.2037037037037037	middle
group_4731	group_4731	0.2037037037037037	middle
group_4722	group_4722	0.2037037037037037	middle
group_4682	group_4682	0.2037037037037037	middle
group_4657	group_4657	0.2037037037037037	middle
group_4652	group_4652	0.2037037037037037	middle
group_4449	group_4449	0.2037037037037037	middle
group_4255	group_4255	0.2037037037037037	middle
group_4162	group_4162	0.2037037037037037	middle
group_4073	group_4073	0.2037037037037037	middle
group_4055	group_4055	0.2037037037037037	middle
group_4026	group_4026	0.2037037037037037	middle
group_4007	group_4007	0.2037037037037037	middle
group_3954	group_3954	0.2037037037037037	middle
group_3944	group_3944	0.2037037037037037	middle
group_3900	group_3900	0.2037037037037037	middle
group_3885	group_3885	0.2037037037037037	middle
group_3864	group_3864	0.2037037037037037	middle
group_3862	group_3862	0.2037037037037037	middle
group_3784	group_3784	0.2037037037037037	middle
group_3778	group_3778	0.2037037037037037	middle
group_3647	group_3647	0.2037037037037037	middle
group_3605	group_3605	0.2037037037037037	middle
group_3500	group_3500	0.2037037037037037	middle
group_3481	group_3481	0.2037037037037037	middle
group_3426	group_3426	0.2037037037037037	middle
group_3383	group_3383	0.2037037037037037	middle
group_3348	group_3348	0.2037037037037037	middle
group_3302	group_3302	0.2037037037037037	middle
group_3228	group_3228	0.2037037037037037	middle
group_3213	group_3213	0.2037037037037037	middle
group_3148	group_3148	0.2037037037037037	middle
group_2705	group_2705	0.2037037037037037	middle
group_2704	group_2704	0.2037037037037037	middle
group_2703	group_2703	0.2037037037037037	middle
group_2702	group_2702	0.2037037037037037	middle
group_2701	group_2701	0.2037037037037037	middle
group_2699	group_2699	0.2037037037037037	middle
group_2698	group_2698	0.2037037037037037	middle
group_2697	group_2697	0.2037037037037037	middle
group_2696	group_2696	0.2037037037037037	middle
group_2695	group_2695	0.2037037037037037	middle
group_2693	group_2693	0.2037037037037037	middle
group_2692	group_2692	0.2037037037037037	middle
group_2691	group_2691	0.2037037037037037	middle
group_2690	group_2690	0.2037037037037037	middle
group_2687	group_2687	0.2037037037037037	middle
group_2678	group_2678	0.2037037037037037	middle
group_2677	group_2677	0.2037037037037037	middle
group_2563	group_2563	0.2037037037037037	middle
group_2461	group_2461	0.2037037037037037	middle
group_2429	group_2429	0.2037037037037037	middle
group_2414	group_2414	0.2037037037037037	middle
group_2411	group_2411	0.2037037037037037	middle
group_2272	group_2272	0.2037037037037037	middle
group_2271	group_2271	0.2037037037037037	middle
group_2270	group_2270	0.2037037037037037	middle
group_2267	group_2267	0.2037037037037037	middle
group_2266	group_2266	0.2037037037037037	middle
group_2264	group_2264	0.2037037037037037	middle
group_2262	group_2262	0.2037037037037037	middle
group_2238	group_2238	0.2037037037037037	middle
group_2231	group_2231	0.2037037037037037	middle
group_2173	group_2173	0.2037037037037037	middle
group_2170	group_2170	0.2037037037037037	middle
group_2165	group_2165	0.2037037037037037	middle
group_2163	group_2163	0.2037037037037037	middle
group_2155	group_2155	0.2037037037037037	middle
group_2154	group_2154	0.2037037037037037	middle
group_2151	group_2151	0.2037037037037037	middle
group_2135	group_2135	0.2037037037037037	middle
group_2092	group_2092	0.2037037037037037	middle
group_2060	group_2060	0.2037037037037037	middle
group_2036	group_2036	0.2037037037037037	middle
group_2017	group_2017	0.2037037037037037	middle
group_2010	group_2010	0.2037037037037037	middle
group_1973	group_1973	0.2037037037037037	middle
group_1945	group_1945	0.2037037037037037	middle
group_1942	group_1942	0.2037037037037037	middle
group_1930	group_1930	0.2037037037037037	middle
group_1812	group_1812	0.2037037037037037	middle
group_1693	group_1693	0.2037037037037037	middle
group_1637	group_1637	0.2037037037037037	middle
group_1561	group_1561	0.2037037037037037	middle
group_1507	group_1507	0.2037037037037037	middle
group_1453	group_1453	0.2037037037037037	middle
group_1447	group_1447	0.2037037037037037	middle
group_1446	group_1446	0.2037037037037037	middle
group_1438	group_1438	0.2037037037037037	middle
group_1433	group_1433	0.2037037037037037	middle
group_1368	group_1368	0.2037037037037037	middle
group_1206	group_1206	0.2037037037037037	middle
group_1168	group_1168	0.2037037037037037	middle
group_1077	group_1077	0.2037037037037037	middle
group_1015	group_1015	0.2037037037037037	middle
group_1011	group_1011	0.2037037037037037	middle
group_742	group_742	0.2037037037037037	middle
group_403	group_403	0.2037037037037037	middle
group_353	group_353	0.2037037037037037	middle
group_349	group_349	0.2037037037037037	middle
group_295	group_295	0.2037037037037037	middle
group_250	group_250	0.2037037037037037	middle
group_232	group_232	0.2037037037037037	middle
group_226	group_226	0.2037037037037037	middle
group_163	group_163	0.2037037037037037	middle
group_93	group_93	0.2037037037037037	middle
group_15903	group_15903	0.1851851851851851	middle
group_15556	group_15556	0.1851851851851851	middle
group_15523	group_15523	0.1851851851851851	middle
group_15309	group_15309	0.1851851851851851	middle
group_15307	group_15307	0.1851851851851851	middle
group_15211	group_15211	0.1851851851851851	middle
group_15057	group_15057	0.1851851851851851	middle
group_15012	group_15012	0.1851851851851851	middle
group_14932	group_14932	0.1851851851851851	middle
group_14779	group_14779	0.1851851851851851	middle
group_14730	group_14730	0.1851851851851851	middle
group_14729	group_14729	0.1851851851851851	middle
group_14655	group_14655	0.1851851851851851	middle
group_14650	group_14650	0.1851851851851851	middle
group_14612	group_14612	0.1851851851851851	middle
group_14359	group_14359	0.1851851851851851	middle
group_13981	group_13981	0.1851851851851851	middle
group_13487	group_13487	0.1851851851851851	middle
group_12970	group_12970	0.1851851851851851	middle
group_12941	group_12941	0.1851851851851851	middle
group_12909	group_12909	0.1851851851851851	middle
group_12823	group_12823	0.1851851851851851	middle
group_12717	group_12717	0.1851851851851851	middle
group_12688	group_12688	0.1851851851851851	middle
group_12657	group_12657	0.1851851851851851	middle
group_12509	group_12509	0.1851851851851851	middle
group_12330	group_12330	0.1851851851851851	middle
group_12306	group_12306	0.1851851851851851	middle
group_12112	group_12112	0.1851851851851851	middle
group_11567	group_11567	0.1851851851851851	middle
group_11094	group_11094	0.1851851851851851	middle
group_10957	group_10957	0.1851851851851851	middle
group_10910	group_10910	0.1851851851851851	middle
group_10884	group_10884	0.1851851851851851	middle
group_10864	group_10864	0.1851851851851851	middle
group_10831	group_10831	0.1851851851851851	middle
group_10788	group_10788	0.1851851851851851	middle
group_10738	group_10738	0.1851851851851851	middle
group_10705	group_10705	0.1851851851851851	middle
group_10676	group_10676	0.1851851851851851	middle
group_10669	group_10669	0.1851851851851851	middle
group_10628	group_10628	0.1851851851851851	middle
group_10616	group_10616	0.1851851851851851	middle
group_10613	group_10613	0.1851851851851851	middle
group_10603	group_10603	0.1851851851851851	middle
group_10588	group_10588	0.1851851851851851	middle
group_10582	group_10582	0.1851851851851851	middle
group_10471	group_10471	0.1851851851851851	middle
group_10337	group_10337	0.1851851851851851	middle
group_10255	group_10255	0.1851851851851851	middle
group_10241	group_10241	0.1851851851851851	middle
group_10227	group_10227	0.1851851851851851	middle
group_10209	group_10209	0.1851851851851851	middle
group_10195	group_10195	0.1851851851851851	middle
group_10179	group_10179	0.1851851851851851	middle
group_10176	group_10176	0.1851851851851851	middle
group_10163	group_10163	0.1851851851851851	middle
group_10102	group_10102	0.1851851851851851	middle
group_10076	group_10076	0.1851851851851851	middle
group_10070	group_10070	0.1851851851851851	middle
group_10043	group_10043	0.1851851851851851	middle
group_10029	group_10029	0.1851851851851851	middle
group_9987	group_9987	0.1851851851851851	middle
group_9971	group_9971	0.1851851851851851	middle
group_9953	group_9953	0.1851851851851851	middle
group_9948	group_9948	0.1851851851851851	middle
group_9934	group_9934	0.1851851851851851	middle
group_9915	group_9915	0.1851851851851851	middle
group_9894	group_9894	0.1851851851851851	middle
group_9806	group_9806	0.1851851851851851	middle
group_9747	group_9747	0.1851851851851851	middle
group_9733	group_9733	0.1851851851851851	middle
group_9710	group_9710	0.1851851851851851	middle
group_9686	group_9686	0.1851851851851851	middle
group_9675	group_9675	0.1851851851851851	middle
group_9639	group_9639	0.1851851851851851	middle
group_9637	group_9637	0.1851851851851851	middle
group_9608	group_9608	0.1851851851851851	middle
group_9588	group_9588	0.1851851851851851	middle
group_9508	group_9508	0.1851851851851851	middle
group_9471	group_9471	0.1851851851851851	middle
group_9458	group_9458	0.1851851851851851	middle
group_9442	group_9442	0.1851851851851851	middle
group_9395	group_9395	0.1851851851851851	middle
group_9316	group_9316	0.1851851851851851	middle
group_9315	group_9315	0.1851851851851851	middle
group_9304	group_9304	0.1851851851851851	middle
group_9284	group_9284	0.1851851851851851	middle
group_9106	group_9106	0.1851851851851851	middle
group_9087	group_9087	0.1851851851851851	middle
group_9086	group_9086	0.1851851851851851	middle
group_9085	group_9085	0.1851851851851851	middle
group_9020	group_9020	0.1851851851851851	middle
group_9000	group_9000	0.1851851851851851	middle
group_8897	group_8897	0.1851851851851851	middle
group_8877	group_8877	0.1851851851851851	middle
group_8813	group_8813	0.1851851851851851	middle
group_8804	group_8804	0.1851851851851851	middle
group_8641	group_8641	0.1851851851851851	middle
group_8448	group_8448	0.1851851851851851	middle
group_8438	group_8438	0.1851851851851851	middle
group_8435	group_8435	0.1851851851851851	middle
group_8402	group_8402	0.1851851851851851	middle
group_8363	group_8363	0.1851851851851851	middle
group_8260	group_8260	0.1851851851851851	middle
group_8242	group_8242	0.1851851851851851	middle
group_7905	group_7905	0.1851851851851851	middle
group_7825	group_7825	0.1851851851851851	middle
group_7822	group_7822	0.1851851851851851	middle
group_7803	group_7803	0.1851851851851851	middle
group_7755	group_7755	0.1851851851851851	middle
group_7752	group_7752	0.1851851851851851	middle
group_7715	group_7715	0.1851851851851851	middle
group_7709	group_7709	0.1851851851851851	middle
group_7699	group_7699	0.1851851851851851	middle
group_7688	group_7688	0.1851851851851851	middle
group_7638	group_7638	0.1851851851851851	middle
group_7567	group_7567	0.1851851851851851	middle
group_7564	group_7564	0.1851851851851851	middle
btgA	btgA	0.1851851851851851	middle
group_7496	group_7496	0.1851851851851851	middle
group_7477	group_7477	0.1851851851851851	middle
group_7466	group_7466	0.1851851851851851	middle
group_7413	group_7413	0.1851851851851851	middle
group_7412	group_7412	0.1851851851851851	middle
group_7133	group_7133	0.1851851851851851	middle
group_6964	group_6964	0.1851851851851851	middle
group_6948	group_6948	0.1851851851851851	middle
group_6891	group_6891	0.1851851851851851	middle
group_6877	group_6877	0.1851851851851851	middle
group_6756	group_6756	0.1851851851851851	middle
group_6723	group_6723	0.1851851851851851	middle
group_6334	group_6334	0.1851851851851851	middle
group_6231	group_6231	0.1851851851851851	middle
group_6180	group_6180	0.1851851851851851	middle
group_6069	group_6069	0.1851851851851851	middle
group_5885	group_5885	0.1851851851851851	middle
group_5827	group_5827	0.1851851851851851	middle
group_5690	group_5690	0.1851851851851851	middle
group_5652	group_5652	0.1851851851851851	middle
group_5599	group_5599	0.1851851851851851	middle
group_5549	group_5549	0.1851851851851851	middle
group_5504	group_5504	0.1851851851851851	middle
group_5488	group_5488	0.1851851851851851	middle
group_5481	group_5481	0.1851851851851851	middle
group_5461	group_5461	0.1851851851851851	middle
group_5426	group_5426	0.1851851851851851	middle
group_4912	group_4912	0.1851851851851851	middle
group_4859	group_4859	0.1851851851851851	middle
group_4736	group_4736	0.1851851851851851	middle
group_4429	group_4429	0.1851851851851851	middle
group_4341	group_4341	0.1851851851851851	middle
group_4333	group_4333	0.1851851851851851	middle
group_4278	group_4278	0.1851851851851851	middle
group_4132	group_4132	0.1851851851851851	middle
group_4048	group_4048	0.1851851851851851	middle
group_4043	group_4043	0.1851851851851851	middle
group_3938	group_3938	0.1851851851851851	middle
group_3855	group_3855	0.1851851851851851	middle
group_3748	group_3748	0.1851851851851851	middle
group_3667	group_3667	0.1851851851851851	middle
group_3637	group_3637	0.1851851851851851	middle
group_3573	group_3573	0.1851851851851851	middle
group_3308	group_3308	0.1851851851851851	middle
group_3188	group_3188	0.1851851851851851	middle
group_2685	group_2685	0.1851851851851851	middle
group_2682	group_2682	0.1851851851851851	middle
group_2681	group_2681	0.1851851851851851	middle
group_2680	group_2680	0.1851851851851851	middle
group_2676	group_2676	0.1851851851851851	middle
group_2673	group_2673	0.1851851851851851	middle
group_2415	group_2415	0.1851851851851851	middle
group_2274	group_2274	0.1851851851851851	middle
group_2253	group_2253	0.1851851851851851	middle
group_1795	group_1795	0.1851851851851851	middle
group_1720	group_1720	0.1851851851851851	middle
group_1648	group_1648	0.1851851851851851	middle
group_1644	group_1644	0.1851851851851851	middle
group_1424	group_1424	0.1851851851851851	middle
group_1394	group_1394	0.1851851851851851	middle
group_681	group_681	0.1851851851851851	middle
group_210	group_210	0.1851851851851851	middle
group_166	group_166	0.1851851851851851	middle
group_80	group_80	0.1851851851851851	middle
group_15854	group_15854	0.1666666666666666	middle
group_15616	group_15616	0.1666666666666666	middle
group_15508	group_15508	0.1666666666666666	middle
group_15442	group_15442	0.1666666666666666	middle
group_15404	group_15404	0.1666666666666666	middle
group_15317	group_15317	0.1666666666666666	middle
group_15165	group_15165	0.1666666666666666	middle
group_15164	group_15164	0.1666666666666666	middle
group_15149	group_15149	0.1666666666666666	middle
group_15014	group_15014	0.1666666666666666	middle
group_14846	group_14846	0.1666666666666666	middle
group_14770	group_14770	0.1666666666666666	middle
group_14540	group_14540	0.1666666666666666	middle
group_14272	group_14272	0.1666666666666666	middle
group_14074	group_14074	0.1666666666666666	middle
group_13751	group_13751	0.1666666666666666	middle
group_13710	group_13710	0.1666666666666666	middle
group_13649	group_13649	0.1666666666666666	middle
group_13364	group_13364	0.1666666666666666	middle
group_13090	group_13090	0.1666666666666666	middle
group_12990	group_12990	0.1666666666666666	middle
group_12850	group_12850	0.1666666666666666	middle
group_12822	group_12822	0.1666666666666666	middle
group_12273	group_12273	0.1666666666666666	middle
group_11981	group_11981	0.1666666666666666	middle
group_11867	group_11867	0.1666666666666666	middle
group_11569	group_11569	0.1666666666666666	middle
group_11347	group_11347	0.1666666666666666	middle
group_11245	group_11245	0.1666666666666666	middle
group_11233	group_11233	0.1666666666666666	middle
group_11174	group_11174	0.1666666666666666	middle
group_11173	group_11173	0.1666666666666666	middle
group_11099	group_11099	0.1666666666666666	middle
group_10875	group_10875	0.1666666666666666	middle
group_10866	group_10866	0.1666666666666666	middle
group_10656	group_10656	0.1666666666666666	middle
group_10583	group_10583	0.1666666666666666	middle
group_10524	group_10524	0.1666666666666666	middle
group_10523	group_10523	0.1666666666666666	middle
group_10519	group_10519	0.1666666666666666	middle
group_10497	group_10497	0.1666666666666666	middle
group_10496	group_10496	0.1666666666666666	middle
group_10495	group_10495	0.1666666666666666	middle
group_10453	group_10453	0.1666666666666666	middle
group_10447	group_10447	0.1666666666666666	middle
group_10391	group_10391	0.1666666666666666	middle
group_10371	group_10371	0.1666666666666666	middle
group_10358	group_10358	0.1666666666666666	middle
group_10357	group_10357	0.1666666666666666	middle
group_10345	group_10345	0.1666666666666666	middle
group_10233	group_10233	0.1666666666666666	middle
group_10205	group_10205	0.1666666666666666	middle
group_10159	group_10159	0.1666666666666666	middle
group_10118	group_10118	0.1666666666666666	middle
group_10092	group_10092	0.1666666666666666	middle
group_10079	group_10079	0.1666666666666666	middle
group_10030	group_10030	0.1666666666666666	middle
group_9990	group_9990	0.1666666666666666	middle
group_9946	group_9946	0.1666666666666666	middle
group_9939	group_9939	0.1666666666666666	middle
group_9919	group_9919	0.1666666666666666	middle
group_9904	group_9904	0.1666666666666666	middle
group_9868	group_9868	0.1666666666666666	middle
group_9853	group_9853	0.1666666666666666	middle
group_9715	group_9715	0.1666666666666666	middle
group_9705	group_9705	0.1666666666666666	middle
group_9621	group_9621	0.1666666666666666	middle
group_9550	group_9550	0.1666666666666666	middle
group_9443	group_9443	0.1666666666666666	middle
group_9350	group_9350	0.1666666666666666	middle
group_9260	group_9260	0.1666666666666666	middle
group_9158	group_9158	0.1666666666666666	middle
group_9125	group_9125	0.1666666666666666	middle
group_8926	group_8926	0.1666666666666666	middle
group_8882	group_8882	0.1666666666666666	middle
group_8867	group_8867	0.1666666666666666	middle
group_8797	group_8797	0.1666666666666666	middle
group_8722	group_8722	0.1666666666666666	middle
group_8637	group_8637	0.1666666666666666	middle
group_8627	group_8627	0.1666666666666666	middle
group_8626	group_8626	0.1666666666666666	middle
group_8554	group_8554	0.1666666666666666	middle
group_8541	group_8541	0.1666666666666666	middle
group_8384	group_8384	0.1666666666666666	middle
group_8317	group_8317	0.1666666666666666	middle
group_8258	group_8258	0.1666666666666666	middle
group_8240	group_8240	0.1666666666666666	middle
group_8189	group_8189	0.1666666666666666	middle
group_8158	group_8158	0.1666666666666666	middle
group_8073	group_8073	0.1666666666666666	middle
group_8037	group_8037	0.1666666666666666	middle
group_7896	group_7896	0.1666666666666666	middle
group_7882	group_7882	0.1666666666666666	middle
group_7849	group_7849	0.1666666666666666	middle
group_7833	group_7833	0.1666666666666666	middle
group_7826	group_7826	0.1666666666666666	middle
group_7684	group_7684	0.1666666666666666	middle
group_7672	group_7672	0.1666666666666666	middle
group_7566	group_7566	0.1666666666666666	middle
group_7551	group_7551	0.1666666666666666	middle
group_7465	group_7465	0.1666666666666666	middle
group_7291	group_7291	0.1666666666666666	middle
group_7280	group_7280	0.1666666666666666	middle
group_7243	group_7243	0.1666666666666666	middle
group_7091	group_7091	0.1666666666666666	middle
group_7026	group_7026	0.1666666666666666	middle
group_6864	group_6864	0.1666666666666666	middle
group_6858	group_6858	0.1666666666666666	middle
group_6833	group_6833	0.1666666666666666	middle
group_6826	group_6826	0.1666666666666666	middle
group_6748	group_6748	0.1666666666666666	middle
group_6728	group_6728	0.1666666666666666	middle
group_6712	group_6712	0.1666666666666666	middle
group_6704	group_6704	0.1666666666666666	middle
group_6615	group_6615	0.1666666666666666	middle
group_6464	group_6464	0.1666666666666666	middle
group_6460	group_6460	0.1666666666666666	middle
group_6230	group_6230	0.1666666666666666	middle
group_6176	group_6176	0.1666666666666666	middle
group_6102	group_6102	0.1666666666666666	middle
group_6040	group_6040	0.1666666666666666	middle
group_6010	group_6010	0.1666666666666666	middle
group_5937	group_5937	0.1666666666666666	middle
group_5857	group_5857	0.1666666666666666	middle
group_5777	group_5777	0.1666666666666666	middle
group_5725	group_5725	0.1666666666666666	middle
group_5709	group_5709	0.1666666666666666	middle
insH~~~tnp	insH~~~tnp	0.1666666666666666	middle
group_5680	group_5680	0.1666666666666666	middle
group_5675	group_5675	0.1666666666666666	middle
group_5610	group_5610	0.1666666666666666	middle
group_5388	group_5388	0.1666666666666666	middle
group_5361	group_5361	0.1666666666666666	middle
group_5244	group_5244	0.1666666666666666	middle
group_5093	group_5093	0.1666666666666666	middle
group_5028	group_5028	0.1666666666666666	middle
group_4963	group_4963	0.1666666666666666	middle
group_4935	group_4935	0.1666666666666666	middle
group_4920	group_4920	0.1666666666666666	middle
group_4893	group_4893	0.1666666666666666	middle
group_4882	group_4882	0.1666666666666666	middle
group_4834	group_4834	0.1666666666666666	middle
group_4828	group_4828	0.1666666666666666	middle
group_4754	group_4754	0.1666666666666666	middle
group_4752	group_4752	0.1666666666666666	middle
group_4746	group_4746	0.1666666666666666	middle
group_4598	group_4598	0.1666666666666666	middle
group_4497	group_4497	0.1666666666666666	middle
group_4447	group_4447	0.1666666666666666	middle
group_4422	group_4422	0.1666666666666666	middle
group_4311	group_4311	0.1666666666666666	middle
group_4195	group_4195	0.1666666666666666	middle
group_4184	group_4184	0.1666666666666666	middle
group_4094	group_4094	0.1666666666666666	middle
group_4090	group_4090	0.1666666666666666	middle
group_4075	group_4075	0.1666666666666666	middle
group_4003	group_4003	0.1666666666666666	middle
group_3977	group_3977	0.1666666666666666	middle
group_3830	group_3830	0.1666666666666666	middle
group_3828	group_3828	0.1666666666666666	middle
group_3774	group_3774	0.1666666666666666	middle
group_3744	group_3744	0.1666666666666666	middle
group_3706	group_3706	0.1666666666666666	middle
group_3690	group_3690	0.1666666666666666	middle
group_3689	group_3689	0.1666666666666666	middle
group_3603	group_3603	0.1666666666666666	middle
group_3587	group_3587	0.1666666666666666	middle
group_3493	group_3493	0.1666666666666666	middle
group_3201	group_3201	0.1666666666666666	middle
group_3174	group_3174	0.1666666666666666	middle
group_3170	group_3170	0.1666666666666666	middle
group_2983	group_2983	0.1666666666666666	middle
group_2829	group_2829	0.1666666666666666	middle
group_2477	group_2477	0.1666666666666666	middle
group_2413	group_2413	0.1666666666666666	middle
group_2249	group_2249	0.1666666666666666	middle
group_2237	group_2237	0.1666666666666666	middle
group_2183	group_2183	0.1666666666666666	middle
group_2150	group_2150	0.1666666666666666	middle
group_2137	group_2137	0.1666666666666666	middle
group_2122	group_2122	0.1666666666666666	middle
group_1804	group_1804	0.1666666666666666	middle
group_1681	group_1681	0.1666666666666666	middle
group_1528	group_1528	0.1666666666666666	middle
group_1527	group_1527	0.1666666666666666	middle
group_1463	group_1463	0.1666666666666666	middle
araC	araC	0.1666666666666666	middle
group_1013	group_1013	0.1666666666666666	middle
group_860	group_860	0.1666666666666666	middle
group_818	group_818	0.1666666666666666	middle
group_806	group_806	0.1666666666666666	middle
group_171	group_171	0.1666666666666666	middle
group_16131	group_16131	0.1481481481481481	middle
group_15821	group_15821	0.1481481481481481	middle
group_15725	group_15725	0.1481481481481481	middle
group_15674	group_15674	0.1481481481481481	middle
group_15619	group_15619	0.1481481481481481	middle
group_15305	group_15305	0.1481481481481481	middle
group_15044	group_15044	0.1481481481481481	middle
group_14969	group_14969	0.1481481481481481	middle
group_14883	group_14883	0.1481481481481481	middle
hicA	hicA	0.1481481481481481	middle
group_14771	group_14771	0.1481481481481481	middle
group_14725	group_14725	0.1481481481481481	middle
group_14281	group_14281	0.1481481481481481	middle
group_14242	group_14242	0.1481481481481481	middle
group_13934	group_13934	0.1481481481481481	middle
group_13826	group_13826	0.1481481481481481	middle
group_13821	group_13821	0.1481481481481481	middle
group_13713	group_13713	0.1481481481481481	middle
group_13712	group_13712	0.1481481481481481	middle
group_13658	group_13658	0.1481481481481481	middle
group_13654	group_13654	0.1481481481481481	middle
group_13516	group_13516	0.1481481481481481	middle
group_13514	group_13514	0.1481481481481481	middle
group_13488	group_13488	0.1481481481481481	middle
group_13268	group_13268	0.1481481481481481	middle
group_13015	group_13015	0.1481481481481481	middle
group_12966	group_12966	0.1481481481481481	middle
group_12912	group_12912	0.1481481481481481	middle
group_12847	group_12847	0.1481481481481481	middle
group_12840	group_12840	0.1481481481481481	middle
group_12720	group_12720	0.1481481481481481	middle
group_12206	group_12206	0.1481481481481481	middle
group_11929	group_11929	0.1481481481481481	middle
group_11658	group_11658	0.1481481481481481	middle
group_11386	group_11386	0.1481481481481481	middle
group_11304	group_11304	0.1481481481481481	middle
group_11175	group_11175	0.1481481481481481	middle
epsM	epsM	0.1481481481481481	middle
group_10895	group_10895	0.1481481481481481	middle
group_10894	group_10894	0.1481481481481481	middle
group_10873	group_10873	0.1481481481481481	middle
group_10784	group_10784	0.1481481481481481	middle
group_10767	group_10767	0.1481481481481481	middle
group_10751	group_10751	0.1481481481481481	middle
group_10740	group_10740	0.1481481481481481	middle
group_10729	group_10729	0.1481481481481481	middle
group_10688	group_10688	0.1481481481481481	middle
group_10644	group_10644	0.1481481481481481	middle
group_10510	group_10510	0.1481481481481481	middle
group_10500	group_10500	0.1481481481481481	middle
group_10440	group_10440	0.1481481481481481	middle
group_10415	group_10415	0.1481481481481481	middle
group_10395	group_10395	0.1481481481481481	middle
group_10394	group_10394	0.1481481481481481	middle
group_10386	group_10386	0.1481481481481481	middle
group_10317	group_10317	0.1481481481481481	middle
group_10299	group_10299	0.1481481481481481	middle
group_10298	group_10298	0.1481481481481481	middle
group_10254	group_10254	0.1481481481481481	middle
group_10253	group_10253	0.1481481481481481	middle
group_10252	group_10252	0.1481481481481481	middle
group_10218	group_10218	0.1481481481481481	middle
group_10142	group_10142	0.1481481481481481	middle
group_10106	group_10106	0.1481481481481481	middle
group_10087	group_10087	0.1481481481481481	middle
group_10000	group_10000	0.1481481481481481	middle
group_9945	group_9945	0.1481481481481481	middle
group_9918	group_9918	0.1481481481481481	middle
group_9903	group_9903	0.1481481481481481	middle
group_9890	group_9890	0.1481481481481481	middle
group_9882	group_9882	0.1481481481481481	middle
group_9842	group_9842	0.1481481481481481	middle
group_9841	group_9841	0.1481481481481481	middle
group_9790	group_9790	0.1481481481481481	middle
group_9783	group_9783	0.1481481481481481	middle
group_9695	group_9695	0.1481481481481481	middle
group_9616	group_9616	0.1481481481481481	middle
group_9597	group_9597	0.1481481481481481	middle
group_9556	group_9556	0.1481481481481481	middle
group_9530	group_9530	0.1481481481481481	middle
group_9512	group_9512	0.1481481481481481	middle
group_9493	group_9493	0.1481481481481481	middle
group_9488	group_9488	0.1481481481481481	middle
group_9401	group_9401	0.1481481481481481	middle
group_9387	group_9387	0.1481481481481481	middle
group_9385	group_9385	0.1481481481481481	middle
istB	istB	0.1481481481481481	middle
group_9353	group_9353	0.1481481481481481	middle
group_9346	group_9346	0.1481481481481481	middle
group_9303	group_9303	0.1481481481481481	middle
group_9208	group_9208	0.1481481481481481	middle
group_9133	group_9133	0.1481481481481481	middle
group_9099	group_9099	0.1481481481481481	middle
group_9070	group_9070	0.1481481481481481	middle
group_8911	group_8911	0.1481481481481481	middle
group_8843	group_8843	0.1481481481481481	middle
group_8795	group_8795	0.1481481481481481	middle
group_8750	group_8750	0.1481481481481481	middle
group_8718	group_8718	0.1481481481481481	middle
group_8555	group_8555	0.1481481481481481	middle
group_8531	group_8531	0.1481481481481481	middle
group_8412	group_8412	0.1481481481481481	middle
group_8388	group_8388	0.1481481481481481	middle
group_8269	group_8269	0.1481481481481481	middle
group_8241	group_8241	0.1481481481481481	middle
group_8221	group_8221	0.1481481481481481	middle
group_8090	group_8090	0.1481481481481481	middle
group_7957	group_7957	0.1481481481481481	middle
group_7941	group_7941	0.1481481481481481	middle
group_7922	group_7922	0.1481481481481481	middle
group_7860	group_7860	0.1481481481481481	middle
group_7858	group_7858	0.1481481481481481	middle
group_7852	group_7852	0.1481481481481481	middle
group_7697	group_7697	0.1481481481481481	middle
group_7652	group_7652	0.1481481481481481	middle
group_7648	group_7648	0.1481481481481481	middle
group_7605	group_7605	0.1481481481481481	middle
group_7593	group_7593	0.1481481481481481	middle
group_7528	group_7528	0.1481481481481481	middle
group_7527	group_7527	0.1481481481481481	middle
group_7456	group_7456	0.1481481481481481	middle
group_7424	group_7424	0.1481481481481481	middle
group_7062	group_7062	0.1481481481481481	middle
group_7041	group_7041	0.1481481481481481	middle
group_6993	group_6993	0.1481481481481481	middle
group_6992	group_6992	0.1481481481481481	middle
group_6990	group_6990	0.1481481481481481	middle
group_6847	group_6847	0.1481481481481481	middle
group_6827	group_6827	0.1481481481481481	middle
group_6808	group_6808	0.1481481481481481	middle
group_6754	group_6754	0.1481481481481481	middle
group_6698	group_6698	0.1481481481481481	middle
group_6643	group_6643	0.1481481481481481	middle
group_6587	group_6587	0.1481481481481481	middle
group_6525	group_6525	0.1481481481481481	middle
group_6427	group_6427	0.1481481481481481	middle
group_6083	group_6083	0.1481481481481481	middle
group_5983	group_5983	0.1481481481481481	middle
group_5702	group_5702	0.1481481481481481	middle
group_5678	group_5678	0.1481481481481481	middle
group_5605	group_5605	0.1481481481481481	middle
group_5511	group_5511	0.1481481481481481	middle
group_5510	group_5510	0.1481481481481481	middle
group_5509	group_5509	0.1481481481481481	middle
group_5508	group_5508	0.1481481481481481	middle
group_5438	group_5438	0.1481481481481481	middle
group_5338	group_5338	0.1481481481481481	middle
group_5330	group_5330	0.1481481481481481	middle
group_5203	group_5203	0.1481481481481481	middle
group_5135	group_5135	0.1481481481481481	middle
group_5122	group_5122	0.1481481481481481	middle
group_5110	group_5110	0.1481481481481481	middle
group_5067	group_5067	0.1481481481481481	middle
group_5061	group_5061	0.1481481481481481	middle
group_5026	group_5026	0.1481481481481481	middle
group_4826	group_4826	0.1481481481481481	middle
group_4819	group_4819	0.1481481481481481	middle
group_4747	group_4747	0.1481481481481481	middle
group_4720	group_4720	0.1481481481481481	middle
group_4677	group_4677	0.1481481481481481	middle
group_4531	group_4531	0.1481481481481481	middle
group_4513	group_4513	0.1481481481481481	middle
group_4499	group_4499	0.1481481481481481	middle
group_4238	group_4238	0.1481481481481481	middle
susE	susE	0.1481481481481481	middle
group_3813	group_3813	0.1481481481481481	middle
group_3685	group_3685	0.1481481481481481	middle
group_3584	group_3584	0.1481481481481481	middle
group_3535	group_3535	0.1481481481481481	middle
group_3482	group_3482	0.1481481481481481	middle
group_3410	group_3410	0.1481481481481481	middle
darT	darT	0.1481481481481481	middle
group_3144	group_3144	0.1481481481481481	middle
group_3137	group_3137	0.1481481481481481	middle
group_3092	group_3092	0.1481481481481481	middle
group_2768	group_2768	0.1481481481481481	middle
group_2752	group_2752	0.1481481481481481	middle
group_2726	group_2726	0.1481481481481481	middle
group_2723	group_2723	0.1481481481481481	middle
group_2684	group_2684	0.1481481481481481	middle
group_2649	group_2649	0.1481481481481481	middle
group_2401	group_2401	0.1481481481481481	middle
group_2374	group_2374	0.1481481481481481	middle
group_2362	group_2362	0.1481481481481481	middle
group_2305	group_2305	0.1481481481481481	middle
group_2304	group_2304	0.1481481481481481	middle
group_2303	group_2303	0.1481481481481481	middle
group_2298	group_2298	0.1481481481481481	middle
group_2297	group_2297	0.1481481481481481	middle
group_2295	group_2295	0.1481481481481481	middle
group_2293	group_2293	0.1481481481481481	middle
group_2291	group_2291	0.1481481481481481	middle
group_2257	group_2257	0.1481481481481481	middle
group_2242	group_2242	0.1481481481481481	middle
group_2236	group_2236	0.1481481481481481	middle
group_2182	group_2182	0.1481481481481481	middle
group_2177	group_2177	0.1481481481481481	middle
group_2119	group_2119	0.1481481481481481	middle
group_2106	group_2106	0.1481481481481481	middle
group_2034	group_2034	0.1481481481481481	middle
group_2028	group_2028	0.1481481481481481	middle
group_2025	group_2025	0.1481481481481481	middle
group_2021	group_2021	0.1481481481481481	middle
group_1990	group_1990	0.1481481481481481	middle
group_1841	group_1841	0.1481481481481481	middle
group_1725	group_1725	0.1481481481481481	middle
group_1521	group_1521	0.1481481481481481	middle
group_1341	group_1341	0.1481481481481481	middle
group_1040	group_1040	0.1481481481481481	middle
group_1028	group_1028	0.1481481481481481	middle
group_1012	group_1012	0.1481481481481481	middle
group_940	group_940	0.1481481481481481	middle
group_652	group_652	0.1481481481481481	middle
group_639	group_639	0.1481481481481481	middle
group_630	group_630	0.1481481481481481	middle
group_432	group_432	0.1481481481481481	middle
group_272	group_272	0.1481481481481481	middle
group_16484	group_16484	0.1296296296296296	middle
group_16426	group_16426	0.1296296296296296	middle
group_16205	group_16205	0.1296296296296296	middle
group_15954	group_15954	0.1296296296296296	middle
group_15896	group_15896	0.1296296296296296	middle
group_15857	group_15857	0.1296296296296296	middle
group_15814	group_15814	0.1296296296296296	middle
group_15808	group_15808	0.1296296296296296	middle
group_15806	group_15806	0.1296296296296296	middle
group_15704	group_15704	0.1296296296296296	middle
group_15686	group_15686	0.1296296296296296	middle
group_15644	group_15644	0.1296296296296296	middle
group_15468	group_15468	0.1296296296296296	middle
group_15406	group_15406	0.1296296296296296	middle
group_15395	group_15395	0.1296296296296296	middle
group_15369	group_15369	0.1296296296296296	middle
group_15365	group_15365	0.1296296296296296	middle
group_15310	group_15310	0.1296296296296296	middle
group_15283	group_15283	0.1296296296296296	middle
group_15262	group_15262	0.1296296296296296	middle
group_15253	group_15253	0.1296296296296296	middle
group_15245	group_15245	0.1296296296296296	middle
group_15167	group_15167	0.1296296296296296	middle
group_15118	group_15118	0.1296296296296296	middle
group_15104	group_15104	0.1296296296296296	middle
group_15004	group_15004	0.1296296296296296	middle
group_14980	group_14980	0.1296296296296296	middle
group_14923	group_14923	0.1296296296296296	middle
group_14921	group_14921	0.1296296296296296	middle
group_14848	group_14848	0.1296296296296296	middle
group_14799	group_14799	0.1296296296296296	middle
group_14653	group_14653	0.1296296296296296	middle
group_14565	group_14565	0.1296296296296296	middle
group_14526	group_14526	0.1296296296296296	middle
group_14422	group_14422	0.1296296296296296	middle
group_14421	group_14421	0.1296296296296296	middle
group_14331	group_14331	0.1296296296296296	middle
group_14326	group_14326	0.1296296296296296	middle
group_14279	group_14279	0.1296296296296296	middle
group_14278	group_14278	0.1296296296296296	middle
group_14248	group_14248	0.1296296296296296	middle
group_14241	group_14241	0.1296296296296296	middle
group_14238	group_14238	0.1296296296296296	middle
group_14221	group_14221	0.1296296296296296	middle
group_14129	group_14129	0.1296296296296296	middle
yoeB	yoeB	0.1296296296296296	middle
group_14084	group_14084	0.1296296296296296	middle
group_13864	group_13864	0.1296296296296296	middle
group_13818	group_13818	0.1296296296296296	middle
group_13781	group_13781	0.1296296296296296	middle
group_13716	group_13716	0.1296296296296296	middle
group_13667	group_13667	0.1296296296296296	middle
group_13665	group_13665	0.1296296296296296	middle
group_13660	group_13660	0.1296296296296296	middle
group_13655	group_13655	0.1296296296296296	middle
group_13588	group_13588	0.1296296296296296	middle
group_13540	group_13540	0.1296296296296296	middle
group_13533	group_13533	0.1296296296296296	middle
group_13439	group_13439	0.1296296296296296	middle
group_13434	group_13434	0.1296296296296296	middle
group_13422	group_13422	0.1296296296296296	middle
group_13412	group_13412	0.1296296296296296	middle
group_13400	group_13400	0.1296296296296296	middle
group_13397	group_13397	0.1296296296296296	middle
group_13387	group_13387	0.1296296296296296	middle
group_13382	group_13382	0.1296296296296296	middle
group_13369	group_13369	0.1296296296296296	middle
group_13332	group_13332	0.1296296296296296	middle
group_13238	group_13238	0.1296296296296296	middle
group_13226	group_13226	0.1296296296296296	middle
group_13211	group_13211	0.1296296296296296	middle
group_13206	group_13206	0.1296296296296296	middle
group_13186	group_13186	0.1296296296296296	middle
group_13107	group_13107	0.1296296296296296	middle
group_13099	group_13099	0.1296296296296296	middle
group_13059	group_13059	0.1296296296296296	middle
group_13035	group_13035	0.1296296296296296	middle
group_13026	group_13026	0.1296296296296296	middle
group_13018	group_13018	0.1296296296296296	middle
group_13011	group_13011	0.1296296296296296	middle
group_12967	group_12967	0.1296296296296296	middle
group_12965	group_12965	0.1296296296296296	middle
group_12952	group_12952	0.1296296296296296	middle
group_12906	group_12906	0.1296296296296296	middle
group_12865	group_12865	0.1296296296296296	middle
group_12846	group_12846	0.1296296296296296	middle
group_12660	group_12660	0.1296296296296296	middle
group_12635	group_12635	0.1296296296296296	middle
group_12619	group_12619	0.1296296296296296	middle
group_12529	group_12529	0.1296296296296296	middle
group_12516	group_12516	0.1296296296296296	middle
group_12487	group_12487	0.1296296296296296	middle
group_12479	group_12479	0.1296296296296296	middle
group_12447	group_12447	0.1296296296296296	middle
group_12399	group_12399	0.1296296296296296	middle
group_12384	group_12384	0.1296296296296296	middle
group_12304	group_12304	0.1296296296296296	middle
group_12146	group_12146	0.1296296296296296	middle
group_12101	group_12101	0.1296296296296296	middle
group_12081	group_12081	0.1296296296296296	middle
group_12047	group_12047	0.1296296296296296	middle
group_11971	group_11971	0.1296296296296296	middle
group_11927	group_11927	0.1296296296296296	middle
group_11866	group_11866	0.1296296296296296	middle
group_11861	group_11861	0.1296296296296296	middle
group_11850	group_11850	0.1296296296296296	middle
group_11839	group_11839	0.1296296296296296	middle
group_11837	group_11837	0.1296296296296296	middle
group_11794	group_11794	0.1296296296296296	middle
group_11791	group_11791	0.1296296296296296	middle
group_11769	group_11769	0.1296296296296296	middle
group_11752	group_11752	0.1296296296296296	middle
group_11704	group_11704	0.1296296296296296	middle
group_11678	group_11678	0.1296296296296296	middle
group_11662	group_11662	0.1296296296296296	middle
group_11635	group_11635	0.1296296296296296	middle
group_11634	group_11634	0.1296296296296296	middle
group_11573	group_11573	0.1296296296296296	middle
group_11535	group_11535	0.1296296296296296	middle
group_11513	group_11513	0.1296296296296296	middle
group_11496	group_11496	0.1296296296296296	middle
group_11486	group_11486	0.1296296296296296	middle
group_11463	group_11463	0.1296296296296296	middle
group_11415	group_11415	0.1296296296296296	middle
group_11384	group_11384	0.1296296296296296	middle
group_11344	group_11344	0.1296296296296296	middle
group_11321	group_11321	0.1296296296296296	middle
group_11185	group_11185	0.1296296296296296	middle
group_11177	group_11177	0.1296296296296296	middle
group_11055	group_11055	0.1296296296296296	middle
group_11029	group_11029	0.1296296296296296	middle
group_11024	group_11024	0.1296296296296296	middle
group_11006	group_11006	0.1296296296296296	middle
group_10998	group_10998	0.1296296296296296	middle
group_10997	group_10997	0.1296296296296296	middle
group_10986	group_10986	0.1296296296296296	middle
group_10984	group_10984	0.1296296296296296	middle
group_10983	group_10983	0.1296296296296296	middle
group_10981	group_10981	0.1296296296296296	middle
group_10978	group_10978	0.1296296296296296	middle
group_10971	group_10971	0.1296296296296296	middle
group_10970	group_10970	0.1296296296296296	middle
group_10969	group_10969	0.1296296296296296	middle
group_10968	group_10968	0.1296296296296296	middle
group_10960	group_10960	0.1296296296296296	middle
group_10940	group_10940	0.1296296296296296	middle
group_10936	group_10936	0.1296296296296296	middle
group_10918	group_10918	0.1296296296296296	middle
group_10917	group_10917	0.1296296296296296	middle
group_10909	group_10909	0.1296296296296296	middle
group_10880	group_10880	0.1296296296296296	middle
group_10879	group_10879	0.1296296296296296	middle
group_10878	group_10878	0.1296296296296296	middle
group_10857	group_10857	0.1296296296296296	middle
group_10856	group_10856	0.1296296296296296	middle
group_10826	group_10826	0.1296296296296296	middle
group_10825	group_10825	0.1296296296296296	middle
group_10822	group_10822	0.1296296296296296	middle
group_10816	group_10816	0.1296296296296296	middle
group_10804	group_10804	0.1296296296296296	middle
group_10771	group_10771	0.1296296296296296	middle
group_10763	group_10763	0.1296296296296296	middle
group_10747	group_10747	0.1296296296296296	middle
group_10695	group_10695	0.1296296296296296	middle
group_10694	group_10694	0.1296296296296296	middle
group_10680	group_10680	0.1296296296296296	middle
group_10661	group_10661	0.1296296296296296	middle
group_10642	group_10642	0.1296296296296296	middle
group_10639	group_10639	0.1296296296296296	middle
group_10632	group_10632	0.1296296296296296	middle
group_10627	group_10627	0.1296296296296296	middle
group_10610	group_10610	0.1296296296296296	middle
group_10579	group_10579	0.1296296296296296	middle
group_10578	group_10578	0.1296296296296296	middle
group_10577	group_10577	0.1296296296296296	middle
group_10573	group_10573	0.1296296296296296	middle
group_10535	group_10535	0.1296296296296296	middle
group_10516	group_10516	0.1296296296296296	middle
group_10515	group_10515	0.1296296296296296	middle
group_10494	group_10494	0.1296296296296296	middle
group_10493	group_10493	0.1296296296296296	middle
group_10490	group_10490	0.1296296296296296	middle
group_10486	group_10486	0.1296296296296296	middle
group_10474	group_10474	0.1296296296296296	middle
group_10472	group_10472	0.1296296296296296	middle
group_10446	group_10446	0.1296296296296296	middle
group_10445	group_10445	0.1296296296296296	middle
group_10444	group_10444	0.1296296296296296	middle
group_10439	group_10439	0.1296296296296296	middle
group_10432	group_10432	0.1296296296296296	middle
group_10431	group_10431	0.1296296296296296	middle
group_10402	group_10402	0.1296296296296296	middle
arsD	arsD	0.1296296296296296	middle
group_10399	group_10399	0.1296296296296296	middle
group_10398	group_10398	0.1296296296296296	middle
group_10340	group_10340	0.1296296296296296	middle
group_10330	group_10330	0.1296296296296296	middle
group_10329	group_10329	0.1296296296296296	middle
group_10266	group_10266	0.1296296296296296	middle
group_10265	group_10265	0.1296296296296296	middle
group_10263	group_10263	0.1296296296296296	middle
group_10258	group_10258	0.1296296296296296	middle
group_10240	group_10240	0.1296296296296296	middle
group_10237	group_10237	0.1296296296296296	middle
group_10230	group_10230	0.1296296296296296	middle
group_10220	group_10220	0.1296296296296296	middle
group_10212	group_10212	0.1296296296296296	middle
group_10211	group_10211	0.1296296296296296	middle
group_10193	group_10193	0.1296296296296296	middle
group_10185	group_10185	0.1296296296296296	middle
group_10137	group_10137	0.1296296296296296	middle
group_10077	group_10077	0.1296296296296296	middle
group_10073	group_10073	0.1296296296296296	middle
group_10064	group_10064	0.1296296296296296	middle
group_10062	group_10062	0.1296296296296296	middle
group_10038	group_10038	0.1296296296296296	middle
group_10027	group_10027	0.1296296296296296	middle
group_10018	group_10018	0.1296296296296296	middle
group_10009	group_10009	0.1296296296296296	middle
group_9999	group_9999	0.1296296296296296	middle
group_9986	group_9986	0.1296296296296296	middle
group_9968	group_9968	0.1296296296296296	middle
group_9880	group_9880	0.1296296296296296	middle
group_9879	group_9879	0.1296296296296296	middle
group_9867	group_9867	0.1296296296296296	middle
group_9851	group_9851	0.1296296296296296	middle
group_9849	group_9849	0.1296296296296296	middle
group_9828	group_9828	0.1296296296296296	middle
group_9827	group_9827	0.1296296296296296	middle
group_9803	group_9803	0.1296296296296296	middle
group_9802	group_9802	0.1296296296296296	middle
group_9797	group_9797	0.1296296296296296	middle
group_9796	group_9796	0.1296296296296296	middle
group_9767	group_9767	0.1296296296296296	middle
group_9766	group_9766	0.1296296296296296	middle
group_9730	group_9730	0.1296296296296296	middle
group_9729	group_9729	0.1296296296296296	middle
group_9722	group_9722	0.1296296296296296	middle
group_9706	group_9706	0.1296296296296296	middle
group_9678	group_9678	0.1296296296296296	middle
group_9610	group_9610	0.1296296296296296	middle
group_9606	group_9606	0.1296296296296296	middle
group_9604	group_9604	0.1296296296296296	middle
group_9589	group_9589	0.1296296296296296	middle
group_9570	group_9570	0.1296296296296296	middle
group_9540	group_9540	0.1296296296296296	middle
group_9502	group_9502	0.1296296296296296	middle
group_9497	group_9497	0.1296296296296296	middle
group_9487	group_9487	0.1296296296296296	middle
group_9486	group_9486	0.1296296296296296	middle
group_9472	group_9472	0.1296296296296296	middle
group_9467	group_9467	0.1296296296296296	middle
group_9415	group_9415	0.1296296296296296	middle
group_9381	group_9381	0.1296296296296296	middle
group_9362	group_9362	0.1296296296296296	middle
group_9321	group_9321	0.1296296296296296	middle
group_9320	group_9320	0.1296296296296296	middle
group_9305	group_9305	0.1296296296296296	middle
group_9263	group_9263	0.1296296296296296	middle
group_9252	group_9252	0.1296296296296296	middle
group_9241	group_9241	0.1296296296296296	middle
group_9240	group_9240	0.1296296296296296	middle
group_9224	group_9224	0.1296296296296296	middle
group_9204	group_9204	0.1296296296296296	middle
group_9195	group_9195	0.1296296296296296	middle
group_9179	group_9179	0.1296296296296296	middle
group_9167	group_9167	0.1296296296296296	middle
group_9041	group_9041	0.1296296296296296	middle
group_9013	group_9013	0.1296296296296296	middle
group_9007	group_9007	0.1296296296296296	middle
group_8988	group_8988	0.1296296296296296	middle
group_8951	group_8951	0.1296296296296296	middle
group_8935	group_8935	0.1296296296296296	middle
group_8858	group_8858	0.1296296296296296	middle
group_8812	group_8812	0.1296296296296296	middle
group_8811	group_8811	0.1296296296296296	middle
group_8780	group_8780	0.1296296296296296	middle
group_8720	group_8720	0.1296296296296296	middle
group_8716	group_8716	0.1296296296296296	middle
group_8680	group_8680	0.1296296296296296	middle
group_8678	group_8678	0.1296296296296296	middle
group_8590	group_8590	0.1296296296296296	middle
group_8589	group_8589	0.1296296296296296	middle
group_8571	group_8571	0.1296296296296296	middle
group_8508	group_8508	0.1296296296296296	middle
group_8502	group_8502	0.1296296296296296	middle
group_8489	group_8489	0.1296296296296296	middle
group_8431	group_8431	0.1296296296296296	middle
group_8411	group_8411	0.1296296296296296	middle
group_8373	group_8373	0.1296296296296296	middle
group_8303	group_8303	0.1296296296296296	middle
group_8259	group_8259	0.1296296296296296	middle
group_8139	group_8139	0.1296296296296296	middle
group_8091	group_8091	0.1296296296296296	middle
group_8039	group_8039	0.1296296296296296	middle
group_7932	group_7932	0.1296296296296296	middle
group_7931	group_7931	0.1296296296296296	middle
group_7930	group_7930	0.1296296296296296	middle
group_7923	group_7923	0.1296296296296296	middle
group_7919	group_7919	0.1296296296296296	middle
group_7918	group_7918	0.1296296296296296	middle
group_7901	group_7901	0.1296296296296296	middle
group_7879	group_7879	0.1296296296296296	middle
group_7877	group_7877	0.1296296296296296	middle
group_7876	group_7876	0.1296296296296296	middle
group_7874	group_7874	0.1296296296296296	middle
group_7873	group_7873	0.1296296296296296	middle
group_7871	group_7871	0.1296296296296296	middle
group_7870	group_7870	0.1296296296296296	middle
group_7869	group_7869	0.1296296296296296	middle
group_7841	group_7841	0.1296296296296296	middle
group_7643	group_7643	0.1296296296296296	middle
group_7637	group_7637	0.1296296296296296	middle
group_7582	group_7582	0.1296296296296296	middle
group_7572	group_7572	0.1296296296296296	middle
group_7560	group_7560	0.1296296296296296	middle
group_7558	group_7558	0.1296296296296296	middle
group_7555	group_7555	0.1296296296296296	middle
group_7494	group_7494	0.1296296296296296	middle
group_7459	group_7459	0.1296296296296296	middle
group_7387	group_7387	0.1296296296296296	middle
group_7346	group_7346	0.1296296296296296	middle
group_7338	group_7338	0.1296296296296296	middle
group_7307	group_7307	0.1296296296296296	middle
group_7295	group_7295	0.1296296296296296	middle
group_7268	group_7268	0.1296296296296296	middle
group_7244	group_7244	0.1296296296296296	middle
group_7224	group_7224	0.1296296296296296	middle
group_7199	group_7199	0.1296296296296296	middle
group_7140	group_7140	0.1296296296296296	middle
adaA	adaA	0.1296296296296296	middle
group_7090	group_7090	0.1296296296296296	middle
group_7028	group_7028	0.1296296296296296	middle
group_7009	group_7009	0.1296296296296296	middle
group_7005	group_7005	0.1296296296296296	middle
group_6924	group_6924	0.1296296296296296	middle
group_6883	group_6883	0.1296296296296296	middle
group_6730	group_6730	0.1296296296296296	middle
group_6716	group_6716	0.1296296296296296	middle
group_6711	group_6711	0.1296296296296296	middle
group_6676	group_6676	0.1296296296296296	middle
group_6650	group_6650	0.1296296296296296	middle
group_6619	group_6619	0.1296296296296296	middle
group_6606	group_6606	0.1296296296296296	middle
group_6590	group_6590	0.1296296296296296	middle
group_6589	group_6589	0.1296296296296296	middle
group_6566	group_6566	0.1296296296296296	middle
group_6510	group_6510	0.1296296296296296	middle
group_6456	group_6456	0.1296296296296296	middle
group_6384	group_6384	0.1296296296296296	middle
group_6365	group_6365	0.1296296296296296	middle
group_6360	group_6360	0.1296296296296296	middle
group_6285	group_6285	0.1296296296296296	middle
group_6265	group_6265	0.1296296296296296	middle
group_6252	group_6252	0.1296296296296296	middle
group_6183	group_6183	0.1296296296296296	middle
group_6122	group_6122	0.1296296296296296	middle
group_6109	group_6109	0.1296296296296296	middle
group_6106	group_6106	0.1296296296296296	middle
pchR	pchR	0.1296296296296296	middle
group_5985	group_5985	0.1296296296296296	middle
group_5954	group_5954	0.1296296296296296	middle
group_5953	group_5953	0.1296296296296296	middle
group_5929	group_5929	0.1296296296296296	middle
group_5815	group_5815	0.1296296296296296	middle
group_5810	group_5810	0.1296296296296296	middle
group_5756	group_5756	0.1296296296296296	middle
group_5730	group_5730	0.1296296296296296	middle
group_5718	group_5718	0.1296296296296296	middle
group_5707	group_5707	0.1296296296296296	middle
group_5695	group_5695	0.1296296296296296	middle
group_5681	group_5681	0.1296296296296296	middle
group_5679	group_5679	0.1296296296296296	middle
group_5658	group_5658	0.1296296296296296	middle
group_5633	group_5633	0.1296296296296296	middle
group_5611	group_5611	0.1296296296296296	middle
group_5471	group_5471	0.1296296296296296	middle
group_5468	group_5468	0.1296296296296296	middle
group_5453	group_5453	0.1296296296296296	middle
group_5446	group_5446	0.1296296296296296	middle
group_5432	group_5432	0.1296296296296296	middle
group_5413	group_5413	0.1296296296296296	middle
group_5375	group_5375	0.1296296296296296	middle
group_5369	group_5369	0.1296296296296296	middle
group_5339	group_5339	0.1296296296296296	middle
group_5308	group_5308	0.1296296296296296	middle
group_5302	group_5302	0.1296296296296296	middle
group_5236	group_5236	0.1296296296296296	middle
group_5232	group_5232	0.1296296296296296	middle
group_5207	group_5207	0.1296296296296296	middle
group_5204	group_5204	0.1296296296296296	middle
group_5185	group_5185	0.1296296296296296	middle
group_5174	group_5174	0.1296296296296296	middle
group_5103	group_5103	0.1296296296296296	middle
group_5100	group_5100	0.1296296296296296	middle
group_5098	group_5098	0.1296296296296296	middle
group_5097	group_5097	0.1296296296296296	middle
group_5016	group_5016	0.1296296296296296	middle
group_4999	group_4999	0.1296296296296296	middle
group_4975	group_4975	0.1296296296296296	middle
group_4968	group_4968	0.1296296296296296	middle
group_4937	group_4937	0.1296296296296296	middle
group_4924	group_4924	0.1296296296296296	middle
group_4921	group_4921	0.1296296296296296	middle
group_4917	group_4917	0.1296296296296296	middle
group_4894	group_4894	0.1296296296296296	middle
group_4820	group_4820	0.1296296296296296	middle
group_4808	group_4808	0.1296296296296296	middle
group_4787	group_4787	0.1296296296296296	middle
group_4710	group_4710	0.1296296296296296	middle
group_4698	group_4698	0.1296296296296296	middle
group_4696	group_4696	0.1296296296296296	middle
group_4689	group_4689	0.1296296296296296	middle
group_4678	group_4678	0.1296296296296296	middle
group_4668	group_4668	0.1296296296296296	middle
group_4593	group_4593	0.1296296296296296	middle
group_4588	group_4588	0.1296296296296296	middle
group_4571	group_4571	0.1296296296296296	middle
group_4568	group_4568	0.1296296296296296	middle
group_4565	group_4565	0.1296296296296296	middle
group_4549	group_4549	0.1296296296296296	middle
group_4492	group_4492	0.1296296296296296	middle
group_4483	group_4483	0.1296296296296296	middle
group_4460	group_4460	0.1296296296296296	middle
group_4380	group_4380	0.1296296296296296	middle
group_4379	group_4379	0.1296296296296296	middle
group_4378	group_4378	0.1296296296296296	middle
group_4361	group_4361	0.1296296296296296	middle
group_4355	group_4355	0.1296296296296296	middle
group_4304	group_4304	0.1296296296296296	middle
group_4303	group_4303	0.1296296296296296	middle
group_4285	group_4285	0.1296296296296296	middle
group_4152	group_4152	0.1296296296296296	middle
group_4106	group_4106	0.1296296296296296	middle
group_4076	group_4076	0.1296296296296296	middle
susG	susG	0.1296296296296296	middle
group_4033	group_4033	0.1296296296296296	middle
group_4028	group_4028	0.1296296296296296	middle
group_4001	group_4001	0.1296296296296296	middle
group_3946	group_3946	0.1296296296296296	middle
group_3921	group_3921	0.1296296296296296	middle
group_3918	group_3918	0.1296296296296296	middle
group_3905	group_3905	0.1296296296296296	middle
group_3871	group_3871	0.1296296296296296	middle
group_3792	group_3792	0.1296296296296296	middle
group_3754	group_3754	0.1296296296296296	middle
group_3740	group_3740	0.1296296296296296	middle
group_3713	group_3713	0.1296296296296296	middle
group_3669	group_3669	0.1296296296296296	middle
group_3524	group_3524	0.1296296296296296	middle
group_3485	group_3485	0.1296296296296296	middle
group_3391	group_3391	0.1296296296296296	middle
group_3370	group_3370	0.1296296296296296	middle
group_3352	group_3352	0.1296296296296296	middle
group_3346	group_3346	0.1296296296296296	middle
group_3335	group_3335	0.1296296296296296	middle
group_3325	group_3325	0.1296296296296296	middle
group_3265	group_3265	0.1296296296296296	middle
group_3190	group_3190	0.1296296296296296	middle
group_3178	group_3178	0.1296296296296296	middle
group_3008	group_3008	0.1296296296296296	middle
group_2996	group_2996	0.1296296296296296	middle
group_2995	group_2995	0.1296296296296296	middle
group_2993	group_2993	0.1296296296296296	middle
group_2936	group_2936	0.1296296296296296	middle
group_2934	group_2934	0.1296296296296296	middle
group_2910	group_2910	0.1296296296296296	middle
group_2820	group_2820	0.1296296296296296	middle
group_2816	group_2816	0.1296296296296296	middle
group_2813	group_2813	0.1296296296296296	middle
group_2810	group_2810	0.1296296296296296	middle
group_2791	group_2791	0.1296296296296296	middle
group_2756	group_2756	0.1296296296296296	middle
group_2741	group_2741	0.1296296296296296	middle
group_2720	group_2720	0.1296296296296296	middle
group_2718	group_2718	0.1296296296296296	middle
group_2715	group_2715	0.1296296296296296	middle
group_2714	group_2714	0.1296296296296296	middle
group_2711	group_2711	0.1296296296296296	middle
group_2709	group_2709	0.1296296296296296	middle
group_2707	group_2707	0.1296296296296296	middle
group_2706	group_2706	0.1296296296296296	middle
group_2551	group_2551	0.1296296296296296	middle
group_2547	group_2547	0.1296296296296296	middle
group_2442	group_2442	0.1296296296296296	middle
group_2395	group_2395	0.1296296296296296	middle
group_2393	group_2393	0.1296296296296296	middle
group_2354	group_2354	0.1296296296296296	middle
group_2352	group_2352	0.1296296296296296	middle
group_2351	group_2351	0.1296296296296296	middle
group_2349	group_2349	0.1296296296296296	middle
group_2346	group_2346	0.1296296296296296	middle
group_2345	group_2345	0.1296296296296296	middle
group_2342	group_2342	0.1296296296296296	middle
group_2340	group_2340	0.1296296296296296	middle
group_2337	group_2337	0.1296296296296296	middle
group_2334	group_2334	0.1296296296296296	middle
group_2331	group_2331	0.1296296296296296	middle
group_2330	group_2330	0.1296296296296296	middle
group_2328	group_2328	0.1296296296296296	middle
group_2327	group_2327	0.1296296296296296	middle
group_2325	group_2325	0.1296296296296296	middle
group_2322	group_2322	0.1296296296296296	middle
group_2320	group_2320	0.1296296296296296	middle
group_2317	group_2317	0.1296296296296296	middle
group_2316	group_2316	0.1296296296296296	middle
group_2315	group_2315	0.1296296296296296	middle
group_2311	group_2311	0.1296296296296296	middle
group_2309	group_2309	0.1296296296296296	middle
group_2306	group_2306	0.1296296296296296	middle
group_2300	group_2300	0.1296296296296296	middle
group_2299	group_2299	0.1296296296296296	middle
group_2258	group_2258	0.1296296296296296	middle
group_2252	group_2252	0.1296296296296296	middle
group_2243	group_2243	0.1296296296296296	middle
group_2210	group_2210	0.1296296296296296	middle
group_2204	group_2204	0.1296296296296296	middle
group_2198	group_2198	0.1296296296296296	middle
group_2197	group_2197	0.1296296296296296	middle
group_2168	group_2168	0.1296296296296296	middle
group_2161	group_2161	0.1296296296296296	middle
group_2108	group_2108	0.1296296296296296	middle
group_2099	group_2099	0.1296296296296296	middle
group_2067	group_2067	0.1296296296296296	middle
group_2051	group_2051	0.1296296296296296	middle
group_2022	group_2022	0.1296296296296296	middle
group_2005	group_2005	0.1296296296296296	middle
group_2003	group_2003	0.1296296296296296	middle
group_1993	group_1993	0.1296296296296296	middle
group_1989	group_1989	0.1296296296296296	middle
group_1974	group_1974	0.1296296296296296	middle
group_1944	group_1944	0.1296296296296296	middle
group_1877	group_1877	0.1296296296296296	middle
group_1726	group_1726	0.1296296296296296	middle
group_1651	group_1651	0.1296296296296296	middle
group_1486	group_1486	0.1296296296296296	middle
group_1478	group_1478	0.1296296296296296	middle
group_1444	group_1444	0.1296296296296296	middle
group_1439	group_1439	0.1296296296296296	middle
group_1386	group_1386	0.1296296296296296	middle
group_1350	group_1350	0.1296296296296296	middle
group_1315	group_1315	0.1296296296296296	middle
group_1284	group_1284	0.1296296296296296	middle
group_1256	group_1256	0.1296296296296296	middle
group_1215	group_1215	0.1296296296296296	middle
group_1214	group_1214	0.1296296296296296	middle
group_1131	group_1131	0.1296296296296296	middle
group_1107	group_1107	0.1296296296296296	middle
group_1071	group_1071	0.1296296296296296	middle
group_1010	group_1010	0.1296296296296296	middle
group_987	group_987	0.1296296296296296	middle
group_976	group_976	0.1296296296296296	middle
group_960	group_960	0.1296296296296296	middle
group_945	group_945	0.1296296296296296	middle
group_834	group_834	0.1296296296296296	middle
group_827	group_827	0.1296296296296296	middle
group_765	group_765	0.1296296296296296	middle
group_654	group_654	0.1296296296296296	middle
group_593	group_593	0.1296296296296296	middle
group_535	group_535	0.1296296296296296	middle
group_523	group_523	0.1296296296296296	middle
group_515	group_515	0.1296296296296296	middle
dnaK	dnaK	0.1296296296296296	middle
group_414	group_414	0.1296296296296296	middle
group_317	group_317	0.1296296296296296	middle
group_289	group_289	0.1296296296296296	middle
group_287	group_287	0.1296296296296296	middle
group_165	group_165	0.1296296296296296	middle
group_153	group_153	0.1296296296296296	middle
group_140	group_140	0.1296296296296296	middle
group_138	group_138	0.1296296296296296	middle
group_108	group_108	0.1296296296296296	middle
group_16532	group_16532	0.1111111111111111	middle
group_16531	group_16531	0.1111111111111111	middle
group_16527	group_16527	0.1111111111111111	middle
group_16505	group_16505	0.1111111111111111	middle
group_16359	group_16359	0.1111111111111111	middle
group_16358	group_16358	0.1111111111111111	middle
group_16356	group_16356	0.1111111111111111	middle
group_16355	group_16355	0.1111111111111111	middle
group_16354	group_16354	0.1111111111111111	middle
group_16353	group_16353	0.1111111111111111	middle
group_16352	group_16352	0.1111111111111111	middle
group_16351	group_16351	0.1111111111111111	middle
group_16350	group_16350	0.1111111111111111	middle
group_16348	group_16348	0.1111111111111111	middle
group_16347	group_16347	0.1111111111111111	middle
group_16346	group_16346	0.1111111111111111	middle
group_16345	group_16345	0.1111111111111111	middle
group_16344	group_16344	0.1111111111111111	middle
group_16343	group_16343	0.1111111111111111	middle
group_16210	group_16210	0.1111111111111111	middle
group_16200	group_16200	0.1111111111111111	middle
group_16173	group_16173	0.1111111111111111	middle
group_16160	group_16160	0.1111111111111111	middle
group_16101	group_16101	0.1111111111111111	middle
group_16040	group_16040	0.1111111111111111	middle
group_15985	group_15985	0.1111111111111111	middle
group_15931	group_15931	0.1111111111111111	middle
group_15929	group_15929	0.1111111111111111	middle
group_15926	group_15926	0.1111111111111111	middle
group_15913	group_15913	0.1111111111111111	middle
group_15912	group_15912	0.1111111111111111	middle
group_15911	group_15911	0.1111111111111111	middle
group_15869	group_15869	0.1111111111111111	middle
group_15866	group_15866	0.1111111111111111	middle
group_15787	group_15787	0.1111111111111111	middle
group_15714	group_15714	0.1111111111111111	middle
group_15707	group_15707	0.1111111111111111	middle
group_15696	group_15696	0.1111111111111111	middle
group_15694	group_15694	0.1111111111111111	middle
group_15670	group_15670	0.1111111111111111	middle
group_15669	group_15669	0.1111111111111111	middle
group_15667	group_15667	0.1111111111111111	middle
group_15646	group_15646	0.1111111111111111	middle
group_15645	group_15645	0.1111111111111111	middle
group_15625	group_15625	0.1111111111111111	middle
group_15624	group_15624	0.1111111111111111	middle
group_15583	group_15583	0.1111111111111111	middle
group_15581	group_15581	0.1111111111111111	middle
group_15580	group_15580	0.1111111111111111	middle
group_15562	group_15562	0.1111111111111111	middle
group_15540	group_15540	0.1111111111111111	middle
group_15534	group_15534	0.1111111111111111	middle
group_15492	group_15492	0.1111111111111111	middle
group_15477	group_15477	0.1111111111111111	middle
group_15427	group_15427	0.1111111111111111	middle
group_15426	group_15426	0.1111111111111111	middle
group_15425	group_15425	0.1111111111111111	middle
group_15420	group_15420	0.1111111111111111	middle
group_15402	group_15402	0.1111111111111111	middle
group_15401	group_15401	0.1111111111111111	middle
group_15399	group_15399	0.1111111111111111	middle
group_15373	group_15373	0.1111111111111111	middle
group_15343	group_15343	0.1111111111111111	middle
group_15323	group_15323	0.1111111111111111	middle
group_15321	group_15321	0.1111111111111111	middle
group_15288	group_15288	0.1111111111111111	middle
group_15261	group_15261	0.1111111111111111	middle
group_15212	group_15212	0.1111111111111111	middle
group_15174	group_15174	0.1111111111111111	middle
group_15148	group_15148	0.1111111111111111	middle
group_15112	group_15112	0.1111111111111111	middle
group_15107	group_15107	0.1111111111111111	middle
group_15089	group_15089	0.1111111111111111	middle
group_15060	group_15060	0.1111111111111111	middle
group_15058	group_15058	0.1111111111111111	middle
group_15056	group_15056	0.1111111111111111	middle
group_15052	group_15052	0.1111111111111111	middle
group_15018	group_15018	0.1111111111111111	middle
group_14985	group_14985	0.1111111111111111	middle
group_14976	group_14976	0.1111111111111111	middle
group_14970	group_14970	0.1111111111111111	middle
group_14951	group_14951	0.1111111111111111	middle
group_14937	group_14937	0.1111111111111111	middle
group_14927	group_14927	0.1111111111111111	middle
group_14884	group_14884	0.1111111111111111	middle
group_14814	group_14814	0.1111111111111111	middle
group_14769	group_14769	0.1111111111111111	middle
group_14726	group_14726	0.1111111111111111	middle
group_14703	group_14703	0.1111111111111111	middle
group_14699	group_14699	0.1111111111111111	middle
group_14656	group_14656	0.1111111111111111	middle
group_14651	group_14651	0.1111111111111111	middle
group_14617	group_14617	0.1111111111111111	middle
group_14578	group_14578	0.1111111111111111	middle
group_14541	group_14541	0.1111111111111111	middle
group_14531	group_14531	0.1111111111111111	middle
group_14519	group_14519	0.1111111111111111	middle
group_14494	group_14494	0.1111111111111111	middle
group_14493	group_14493	0.1111111111111111	middle
group_14491	group_14491	0.1111111111111111	middle
group_14484	group_14484	0.1111111111111111	middle
group_14436	group_14436	0.1111111111111111	middle
group_14411	group_14411	0.1111111111111111	middle
group_14392	group_14392	0.1111111111111111	middle
group_14373	group_14373	0.1111111111111111	middle
group_14366	group_14366	0.1111111111111111	middle
group_14356	group_14356	0.1111111111111111	middle
group_14334	group_14334	0.1111111111111111	middle
group_14312	group_14312	0.1111111111111111	middle
group_14307	group_14307	0.1111111111111111	middle
group_14289	group_14289	0.1111111111111111	middle
group_14285	group_14285	0.1111111111111111	middle
group_14240	group_14240	0.1111111111111111	middle
group_14232	group_14232	0.1111111111111111	middle
group_14192	group_14192	0.1111111111111111	middle
group_14168	group_14168	0.1111111111111111	middle
group_14146	group_14146	0.1111111111111111	middle
group_14078	group_14078	0.1111111111111111	middle
group_14054	group_14054	0.1111111111111111	middle
group_14052	group_14052	0.1111111111111111	middle
group_14050	group_14050	0.1111111111111111	middle
group_14027	group_14027	0.1111111111111111	middle
group_14024	group_14024	0.1111111111111111	middle
group_14017	group_14017	0.1111111111111111	middle
group_13963	group_13963	0.1111111111111111	middle
group_13953	group_13953	0.1111111111111111	middle
group_13904	group_13904	0.1111111111111111	middle
group_13892	group_13892	0.1111111111111111	middle
group_13870	group_13870	0.1111111111111111	middle
group_13788	group_13788	0.1111111111111111	middle
group_13760	group_13760	0.1111111111111111	middle
group_13694	group_13694	0.1111111111111111	middle
group_13683	group_13683	0.1111111111111111	middle
group_13670	group_13670	0.1111111111111111	middle
group_13653	group_13653	0.1111111111111111	middle
group_13633	group_13633	0.1111111111111111	middle
group_13554	group_13554	0.1111111111111111	middle
group_13534	group_13534	0.1111111111111111	middle
group_13513	group_13513	0.1111111111111111	middle
group_13512	group_13512	0.1111111111111111	middle
group_13504	group_13504	0.1111111111111111	middle
group_13493	group_13493	0.1111111111111111	middle
group_13478	group_13478	0.1111111111111111	middle
group_13468	group_13468	0.1111111111111111	middle
group_13435	group_13435	0.1111111111111111	middle
group_13413	group_13413	0.1111111111111111	middle
group_13409	group_13409	0.1111111111111111	middle
group_13404	group_13404	0.1111111111111111	middle
group_13309	group_13309	0.1111111111111111	middle
group_13290	group_13290	0.1111111111111111	middle
group_13271	group_13271	0.1111111111111111	middle
group_13262	group_13262	0.1111111111111111	middle
group_13216	group_13216	0.1111111111111111	middle
group_13199	group_13199	0.1111111111111111	middle
group_13181	group_13181	0.1111111111111111	middle
group_13128	group_13128	0.1111111111111111	middle
group_13076	group_13076	0.1111111111111111	middle
group_13063	group_13063	0.1111111111111111	middle
group_13045	group_13045	0.1111111111111111	middle
group_13019	group_13019	0.1111111111111111	middle
group_12996	group_12996	0.1111111111111111	middle
group_12995	group_12995	0.1111111111111111	middle
group_12989	group_12989	0.1111111111111111	middle
group_12921	group_12921	0.1111111111111111	middle
group_12915	group_12915	0.1111111111111111	middle
group_12910	group_12910	0.1111111111111111	middle
group_12890	group_12890	0.1111111111111111	middle
group_12879	group_12879	0.1111111111111111	middle
group_12861	group_12861	0.1111111111111111	middle
group_12844	group_12844	0.1111111111111111	middle
group_12809	group_12809	0.1111111111111111	middle
group_12802	group_12802	0.1111111111111111	middle
group_12744	group_12744	0.1111111111111111	middle
group_12716	group_12716	0.1111111111111111	middle
group_12715	group_12715	0.1111111111111111	middle
group_12617	group_12617	0.1111111111111111	middle
group_12526	group_12526	0.1111111111111111	middle
group_12497	group_12497	0.1111111111111111	middle
group_12457	group_12457	0.1111111111111111	middle
group_12454	group_12454	0.1111111111111111	middle
group_12428	group_12428	0.1111111111111111	middle
group_12426	group_12426	0.1111111111111111	middle
group_12425	group_12425	0.1111111111111111	middle
group_12402	group_12402	0.1111111111111111	middle
group_12389	group_12389	0.1111111111111111	middle
group_12369	group_12369	0.1111111111111111	middle
group_12355	group_12355	0.1111111111111111	middle
group_12353	group_12353	0.1111111111111111	middle
group_12350	group_12350	0.1111111111111111	middle
group_12349	group_12349	0.1111111111111111	middle
group_12305	group_12305	0.1111111111111111	middle
group_12281	group_12281	0.1111111111111111	middle
group_12252	group_12252	0.1111111111111111	middle
group_12191	group_12191	0.1111111111111111	middle
group_12188	group_12188	0.1111111111111111	middle
group_12169	group_12169	0.1111111111111111	middle
group_12144	group_12144	0.1111111111111111	middle
group_12141	group_12141	0.1111111111111111	middle
group_12137	group_12137	0.1111111111111111	middle
group_12132	group_12132	0.1111111111111111	middle
group_12111	group_12111	0.1111111111111111	middle
group_12092	group_12092	0.1111111111111111	middle
group_12082	group_12082	0.1111111111111111	middle
group_12078	group_12078	0.1111111111111111	middle
group_12056	group_12056	0.1111111111111111	middle
group_12038	group_12038	0.1111111111111111	middle
group_12008	group_12008	0.1111111111111111	middle
group_12007	group_12007	0.1111111111111111	middle
group_11962	group_11962	0.1111111111111111	middle
lnuAN2	lnuAN2	0.1111111111111111	middle
group_11881	group_11881	0.1111111111111111	middle
group_11822	group_11822	0.1111111111111111	middle
group_11817	group_11817	0.1111111111111111	middle
group_11695	group_11695	0.1111111111111111	middle
group_11615	group_11615	0.1111111111111111	middle
group_11600	group_11600	0.1111111111111111	middle
group_11580	group_11580	0.1111111111111111	middle
group_11579	group_11579	0.1111111111111111	middle
group_11532	group_11532	0.1111111111111111	middle
group_11509	group_11509	0.1111111111111111	middle
group_11433	group_11433	0.1111111111111111	middle
group_11366	group_11366	0.1111111111111111	middle
group_11349	group_11349	0.1111111111111111	middle
group_11338	group_11338	0.1111111111111111	middle
group_11337	group_11337	0.1111111111111111	middle
group_11308	group_11308	0.1111111111111111	middle
group_11282	group_11282	0.1111111111111111	middle
group_11270	group_11270	0.1111111111111111	middle
group_11267	group_11267	0.1111111111111111	middle
group_11239	group_11239	0.1111111111111111	middle
group_11225	group_11225	0.1111111111111111	middle
group_11209	group_11209	0.1111111111111111	middle
group_11205	group_11205	0.1111111111111111	middle
group_11200	group_11200	0.1111111111111111	middle
group_11178	group_11178	0.1111111111111111	middle
group_11155	group_11155	0.1111111111111111	middle
group_11126	group_11126	0.1111111111111111	middle
group_11124	group_11124	0.1111111111111111	middle
group_11114	group_11114	0.1111111111111111	middle
group_11100	group_11100	0.1111111111111111	middle
group_11075	group_11075	0.1111111111111111	middle
group_11072	group_11072	0.1111111111111111	middle
group_11065	group_11065	0.1111111111111111	middle
group_11054	group_11054	0.1111111111111111	middle
group_11048	group_11048	0.1111111111111111	middle
group_11018	group_11018	0.1111111111111111	middle
group_11014	group_11014	0.1111111111111111	middle
group_11011	group_11011	0.1111111111111111	middle
group_10995	group_10995	0.1111111111111111	middle
group_10994	group_10994	0.1111111111111111	middle
group_10991	group_10991	0.1111111111111111	middle
group_10989	group_10989	0.1111111111111111	middle
group_10987	group_10987	0.1111111111111111	middle
group_10982	group_10982	0.1111111111111111	middle
group_10977	group_10977	0.1111111111111111	middle
group_10975	group_10975	0.1111111111111111	middle
group_10973	group_10973	0.1111111111111111	middle
group_10972	group_10972	0.1111111111111111	middle
group_10964	group_10964	0.1111111111111111	middle
group_10963	group_10963	0.1111111111111111	middle
group_10943	group_10943	0.1111111111111111	middle
group_10939	group_10939	0.1111111111111111	middle
group_10938	group_10938	0.1111111111111111	middle
group_10926	group_10926	0.1111111111111111	middle
group_10915	group_10915	0.1111111111111111	middle
group_10911	group_10911	0.1111111111111111	middle
group_10903	group_10903	0.1111111111111111	middle
group_10902	group_10902	0.1111111111111111	middle
group_10898	group_10898	0.1111111111111111	middle
group_10888	group_10888	0.1111111111111111	middle
group_10877	group_10877	0.1111111111111111	middle
group_10872	group_10872	0.1111111111111111	middle
group_10871	group_10871	0.1111111111111111	middle
group_10863	group_10863	0.1111111111111111	middle
group_10847	group_10847	0.1111111111111111	middle
group_10844	group_10844	0.1111111111111111	middle
group_10832	group_10832	0.1111111111111111	middle
group_10821	group_10821	0.1111111111111111	middle
group_10815	group_10815	0.1111111111111111	middle
group_10795	group_10795	0.1111111111111111	middle
group_10794	group_10794	0.1111111111111111	middle
group_10793	group_10793	0.1111111111111111	middle
group_10777	group_10777	0.1111111111111111	middle
group_10744	group_10744	0.1111111111111111	middle
group_10721	group_10721	0.1111111111111111	middle
group_10709	group_10709	0.1111111111111111	middle
group_10678	group_10678	0.1111111111111111	middle
group_10672	group_10672	0.1111111111111111	middle
group_10670	group_10670	0.1111111111111111	middle
group_10631	group_10631	0.1111111111111111	middle
group_10617	group_10617	0.1111111111111111	middle
group_10607	group_10607	0.1111111111111111	middle
group_10569	group_10569	0.1111111111111111	middle
group_10567	group_10567	0.1111111111111111	middle
group_10554	group_10554	0.1111111111111111	middle
group_10546	group_10546	0.1111111111111111	middle
group_10545	group_10545	0.1111111111111111	middle
group_10528	group_10528	0.1111111111111111	middle
group_10473	group_10473	0.1111111111111111	middle
group_10448	group_10448	0.1111111111111111	middle
group_10424	group_10424	0.1111111111111111	middle
group_10412	group_10412	0.1111111111111111	middle
group_10403	group_10403	0.1111111111111111	middle
group_10393	group_10393	0.1111111111111111	middle
tetQ~~~tet	tetQ~~~tet	0.1111111111111111	middle
group_10369	group_10369	0.1111111111111111	middle
group_10367	group_10367	0.1111111111111111	middle
group_10331	group_10331	0.1111111111111111	middle
group_10328	group_10328	0.1111111111111111	middle
group_10312	group_10312	0.1111111111111111	middle
group_10282	group_10282	0.1111111111111111	middle
group_10279	group_10279	0.1111111111111111	middle
group_10270	group_10270	0.1111111111111111	middle
group_10257	group_10257	0.1111111111111111	middle
group_10239	group_10239	0.1111111111111111	middle
group_10238	group_10238	0.1111111111111111	middle
group_10210	group_10210	0.1111111111111111	middle
group_10204	group_10204	0.1111111111111111	middle
group_10199	group_10199	0.1111111111111111	middle
group_10184	group_10184	0.1111111111111111	middle
group_10162	group_10162	0.1111111111111111	middle
group_10131	group_10131	0.1111111111111111	middle
group_10122	group_10122	0.1111111111111111	middle
group_10108	group_10108	0.1111111111111111	middle
group_10082	group_10082	0.1111111111111111	middle
group_10071	group_10071	0.1111111111111111	middle
parD	parD	0.1111111111111111	middle
group_10052	group_10052	0.1111111111111111	middle
group_10034	group_10034	0.1111111111111111	middle
group_10028	group_10028	0.1111111111111111	middle
group_10021	group_10021	0.1111111111111111	middle
group_10015	group_10015	0.1111111111111111	middle
group_10011	group_10011	0.1111111111111111	middle
group_10001	group_10001	0.1111111111111111	middle
group_9997	group_9997	0.1111111111111111	middle
group_9993	group_9993	0.1111111111111111	middle
spsF	spsF	0.1111111111111111	middle
group_9931	group_9931	0.1111111111111111	middle
group_9930	group_9930	0.1111111111111111	middle
group_9885	group_9885	0.1111111111111111	middle
group_9847	group_9847	0.1111111111111111	middle
group_9830	group_9830	0.1111111111111111	middle
group_9811	group_9811	0.1111111111111111	middle
group_9770	group_9770	0.1111111111111111	middle
group_9768	group_9768	0.1111111111111111	middle
group_9740	group_9740	0.1111111111111111	middle
group_9738	group_9738	0.1111111111111111	middle
group_9736	group_9736	0.1111111111111111	middle
group_9721	group_9721	0.1111111111111111	middle
group_9711	group_9711	0.1111111111111111	middle
group_9685	group_9685	0.1111111111111111	middle
group_9684	group_9684	0.1111111111111111	middle
group_9677	group_9677	0.1111111111111111	middle
group_9676	group_9676	0.1111111111111111	middle
group_9672	group_9672	0.1111111111111111	middle
group_9618	group_9618	0.1111111111111111	middle
group_9594	group_9594	0.1111111111111111	middle
group_9591	group_9591	0.1111111111111111	middle
group_9584	group_9584	0.1111111111111111	middle
group_9578	group_9578	0.1111111111111111	middle
group_9519	group_9519	0.1111111111111111	middle
group_9511	group_9511	0.1111111111111111	middle
group_9507	group_9507	0.1111111111111111	middle
group_9501	group_9501	0.1111111111111111	middle
group_9424	group_9424	0.1111111111111111	middle
group_9422	group_9422	0.1111111111111111	middle
group_9412	group_9412	0.1111111111111111	middle
group_9410	group_9410	0.1111111111111111	middle
group_9380	group_9380	0.1111111111111111	middle
group_9349	group_9349	0.1111111111111111	middle
group_9319	group_9319	0.1111111111111111	middle
group_9310	group_9310	0.1111111111111111	middle
group_9286	group_9286	0.1111111111111111	middle
group_9278	group_9278	0.1111111111111111	middle
group_9270	group_9270	0.1111111111111111	middle
group_9226	group_9226	0.1111111111111111	middle
group_9174	group_9174	0.1111111111111111	middle
group_9162	group_9162	0.1111111111111111	middle
group_9161	group_9161	0.1111111111111111	middle
group_9135	group_9135	0.1111111111111111	middle
group_9080	group_9080	0.1111111111111111	middle
group_9072	group_9072	0.1111111111111111	middle
group_9066	group_9066	0.1111111111111111	middle
group_9064	group_9064	0.1111111111111111	middle
group_9058	group_9058	0.1111111111111111	middle
group_9057	group_9057	0.1111111111111111	middle
group_9043	group_9043	0.1111111111111111	middle
group_8965	group_8965	0.1111111111111111	middle
group_8963	group_8963	0.1111111111111111	middle
group_8934	group_8934	0.1111111111111111	middle
group_8916	group_8916	0.1111111111111111	middle
group_8876	group_8876	0.1111111111111111	middle
group_8846	group_8846	0.1111111111111111	middle
group_8833	group_8833	0.1111111111111111	middle
group_8786	group_8786	0.1111111111111111	middle
group_8777	group_8777	0.1111111111111111	middle
group_8764	group_8764	0.1111111111111111	middle
group_8721	group_8721	0.1111111111111111	middle
group_8693	group_8693	0.1111111111111111	middle
group_8674	group_8674	0.1111111111111111	middle
group_8667	group_8667	0.1111111111111111	middle
group_8618	group_8618	0.1111111111111111	middle
group_8549	group_8549	0.1111111111111111	middle
group_8513	group_8513	0.1111111111111111	middle
group_8444	group_8444	0.1111111111111111	middle
group_8440	group_8440	0.1111111111111111	middle
group_8414	group_8414	0.1111111111111111	middle
group_8397	group_8397	0.1111111111111111	middle
group_8396	group_8396	0.1111111111111111	middle
group_8391	group_8391	0.1111111111111111	middle
group_8361	group_8361	0.1111111111111111	middle
group_8355	group_8355	0.1111111111111111	middle
group_8349	group_8349	0.1111111111111111	middle
group_8314	group_8314	0.1111111111111111	middle
group_8293	group_8293	0.1111111111111111	middle
group_8250	group_8250	0.1111111111111111	middle
group_8236	group_8236	0.1111111111111111	middle
group_8227	group_8227	0.1111111111111111	middle
group_8214	group_8214	0.1111111111111111	middle
group_8213	group_8213	0.1111111111111111	middle
group_8194	group_8194	0.1111111111111111	middle
group_8149	group_8149	0.1111111111111111	middle
group_8124	group_8124	0.1111111111111111	middle
group_8109	group_8109	0.1111111111111111	middle
group_8106	group_8106	0.1111111111111111	middle
group_8078	group_8078	0.1111111111111111	middle
group_8070	group_8070	0.1111111111111111	middle
group_8049	group_8049	0.1111111111111111	middle
group_8007	group_8007	0.1111111111111111	middle
group_7982	group_7982	0.1111111111111111	middle
group_7949	group_7949	0.1111111111111111	middle
group_7934	group_7934	0.1111111111111111	middle
group_7921	group_7921	0.1111111111111111	middle
group_7911	group_7911	0.1111111111111111	middle
group_7847	group_7847	0.1111111111111111	middle
group_7846	group_7846	0.1111111111111111	middle
group_7843	group_7843	0.1111111111111111	middle
group_7840	group_7840	0.1111111111111111	middle
group_7804	group_7804	0.1111111111111111	middle
group_7799	group_7799	0.1111111111111111	middle
group_7798	group_7798	0.1111111111111111	middle
group_7794	group_7794	0.1111111111111111	middle
group_7777	group_7777	0.1111111111111111	middle
group_7772	group_7772	0.1111111111111111	middle
group_7769	group_7769	0.1111111111111111	middle
group_7759	group_7759	0.1111111111111111	middle
group_7735	group_7735	0.1111111111111111	middle
group_7729	group_7729	0.1111111111111111	middle
group_7704	group_7704	0.1111111111111111	middle
group_7670	group_7670	0.1111111111111111	middle
group_7664	group_7664	0.1111111111111111	middle
group_7647	group_7647	0.1111111111111111	middle
group_7641	group_7641	0.1111111111111111	middle
group_7633	group_7633	0.1111111111111111	middle
group_7617	group_7617	0.1111111111111111	middle
group_7588	group_7588	0.1111111111111111	middle
group_7586	group_7586	0.1111111111111111	middle
group_7533	group_7533	0.1111111111111111	middle
group_7529	group_7529	0.1111111111111111	middle
group_7516	group_7516	0.1111111111111111	middle
group_7513	group_7513	0.1111111111111111	middle
group_7511	group_7511	0.1111111111111111	middle
group_7483	group_7483	0.1111111111111111	middle
group_7474	group_7474	0.1111111111111111	middle
group_7464	group_7464	0.1111111111111111	middle
group_7463	group_7463	0.1111111111111111	middle
group_7454	group_7454	0.1111111111111111	middle
group_7430	group_7430	0.1111111111111111	middle
group_7415	group_7415	0.1111111111111111	middle
group_7368	group_7368	0.1111111111111111	middle
group_7277	group_7277	0.1111111111111111	middle
group_7255	group_7255	0.1111111111111111	middle
group_7251	group_7251	0.1111111111111111	middle
group_7236	group_7236	0.1111111111111111	middle
group_7197	group_7197	0.1111111111111111	middle
group_7193	group_7193	0.1111111111111111	middle
group_7173	group_7173	0.1111111111111111	middle
group_7160	group_7160	0.1111111111111111	middle
group_7149	group_7149	0.1111111111111111	middle
group_7110	group_7110	0.1111111111111111	middle
group_7109	group_7109	0.1111111111111111	middle
group_7039	group_7039	0.1111111111111111	middle
group_6979	group_6979	0.1111111111111111	middle
group_6940	group_6940	0.1111111111111111	middle
group_6925	group_6925	0.1111111111111111	middle
group_6884	group_6884	0.1111111111111111	middle
group_6863	group_6863	0.1111111111111111	middle
group_6859	group_6859	0.1111111111111111	middle
group_6855	group_6855	0.1111111111111111	middle
group_6854	group_6854	0.1111111111111111	middle
group_6839	group_6839	0.1111111111111111	middle
group_6810	group_6810	0.1111111111111111	middle
group_6803	group_6803	0.1111111111111111	middle
group_6765	group_6765	0.1111111111111111	middle
group_6733	group_6733	0.1111111111111111	middle
group_6646	group_6646	0.1111111111111111	middle
group_6641	group_6641	0.1111111111111111	middle
group_6616	group_6616	0.1111111111111111	middle
group_6614	group_6614	0.1111111111111111	middle
group_6598	group_6598	0.1111111111111111	middle
group_6594	group_6594	0.1111111111111111	middle
group_6549	group_6549	0.1111111111111111	middle
group_6532	group_6532	0.1111111111111111	middle
group_6505	group_6505	0.1111111111111111	middle
group_6463	group_6463	0.1111111111111111	middle
group_6459	group_6459	0.1111111111111111	middle
yicE	yicE	0.1111111111111111	middle
group_6423	group_6423	0.1111111111111111	middle
group_6412	group_6412	0.1111111111111111	middle
group_6359	group_6359	0.1111111111111111	middle
group_6310	group_6310	0.1111111111111111	middle
group_6305	group_6305	0.1111111111111111	middle
group_6291	group_6291	0.1111111111111111	middle
group_6189	group_6189	0.1111111111111111	middle
group_6147	group_6147	0.1111111111111111	middle
group_6137	group_6137	0.1111111111111111	middle
group_6105	group_6105	0.1111111111111111	middle
group_6065	group_6065	0.1111111111111111	middle
group_6059	group_6059	0.1111111111111111	middle
group_6051	group_6051	0.1111111111111111	middle
group_6042	group_6042	0.1111111111111111	middle
group_6038	group_6038	0.1111111111111111	middle
group_6035	group_6035	0.1111111111111111	middle
group_5996	group_5996	0.1111111111111111	middle
wcaF	wcaF	0.1111111111111111	middle
group_5864	group_5864	0.1111111111111111	middle
group_5860	group_5860	0.1111111111111111	middle
group_5836	group_5836	0.1111111111111111	middle
group_5814	group_5814	0.1111111111111111	middle
group_5811	group_5811	0.1111111111111111	middle
group_5808	group_5808	0.1111111111111111	middle
group_5801	group_5801	0.1111111111111111	middle
group_5783	group_5783	0.1111111111111111	middle
group_5759	group_5759	0.1111111111111111	middle
group_5752	group_5752	0.1111111111111111	middle
group_5750	group_5750	0.1111111111111111	middle
group_5732	group_5732	0.1111111111111111	middle
group_5731	group_5731	0.1111111111111111	middle
group_5712	group_5712	0.1111111111111111	middle
group_5699	group_5699	0.1111111111111111	middle
group_5682	group_5682	0.1111111111111111	middle
group_5624	group_5624	0.1111111111111111	middle
group_5618	group_5618	0.1111111111111111	middle
group_5597	group_5597	0.1111111111111111	middle
group_5587	group_5587	0.1111111111111111	middle
group_5584	group_5584	0.1111111111111111	middle
group_5570	group_5570	0.1111111111111111	middle
group_5540	group_5540	0.1111111111111111	middle
group_5538	group_5538	0.1111111111111111	middle
group_5506	group_5506	0.1111111111111111	middle
group_5487	group_5487	0.1111111111111111	middle
group_5459	group_5459	0.1111111111111111	middle
group_5431	group_5431	0.1111111111111111	middle
group_5408	group_5408	0.1111111111111111	middle
group_5395	group_5395	0.1111111111111111	middle
group_5379	group_5379	0.1111111111111111	middle
group_5363	group_5363	0.1111111111111111	middle
group_5326	group_5326	0.1111111111111111	middle
group_5307	group_5307	0.1111111111111111	middle
group_5283	group_5283	0.1111111111111111	middle
group_5210	group_5210	0.1111111111111111	middle
group_5199	group_5199	0.1111111111111111	middle
group_5196	group_5196	0.1111111111111111	middle
group_5176	group_5176	0.1111111111111111	middle
group_5175	group_5175	0.1111111111111111	middle
group_5141	group_5141	0.1111111111111111	middle
group_5133	group_5133	0.1111111111111111	middle
group_5131	group_5131	0.1111111111111111	middle
group_5130	group_5130	0.1111111111111111	middle
group_5127	group_5127	0.1111111111111111	middle
group_5124	group_5124	0.1111111111111111	middle
group_5123	group_5123	0.1111111111111111	middle
group_5118	group_5118	0.1111111111111111	middle
group_5072	group_5072	0.1111111111111111	middle
group_5015	group_5015	0.1111111111111111	middle
group_4997	group_4997	0.1111111111111111	middle
group_4995	group_4995	0.1111111111111111	middle
group_4959	group_4959	0.1111111111111111	middle
group_4923	group_4923	0.1111111111111111	middle
group_4904	group_4904	0.1111111111111111	middle
group_4903	group_4903	0.1111111111111111	middle
group_4887	group_4887	0.1111111111111111	middle
group_4880	group_4880	0.1111111111111111	middle
group_4878	group_4878	0.1111111111111111	middle
group_4873	group_4873	0.1111111111111111	middle
group_4852	group_4852	0.1111111111111111	middle
group_4848	group_4848	0.1111111111111111	middle
group_4824	group_4824	0.1111111111111111	middle
traE	traE	0.1111111111111111	middle
group_4793	group_4793	0.1111111111111111	middle
group_4767	group_4767	0.1111111111111111	middle
group_4758	group_4758	0.1111111111111111	middle
group_4753	group_4753	0.1111111111111111	middle
group_4738	group_4738	0.1111111111111111	middle
group_4727	group_4727	0.1111111111111111	middle
group_4726	group_4726	0.1111111111111111	middle
group_4725	group_4725	0.1111111111111111	middle
group_4724	group_4724	0.1111111111111111	middle
group_4723	group_4723	0.1111111111111111	middle
group_4715	group_4715	0.1111111111111111	middle
group_4674	group_4674	0.1111111111111111	middle
group_4670	group_4670	0.1111111111111111	middle
group_4666	group_4666	0.1111111111111111	middle
group_4663	group_4663	0.1111111111111111	middle
group_4640	group_4640	0.1111111111111111	middle
group_4632	group_4632	0.1111111111111111	middle
group_4625	group_4625	0.1111111111111111	middle
group_4610	group_4610	0.1111111111111111	middle
group_4566	group_4566	0.1111111111111111	middle
group_4538	group_4538	0.1111111111111111	middle
group_4511	group_4511	0.1111111111111111	middle
group_4504	group_4504	0.1111111111111111	middle
group_4503	group_4503	0.1111111111111111	middle
group_4479	group_4479	0.1111111111111111	middle
group_4465	group_4465	0.1111111111111111	middle
group_4464	group_4464	0.1111111111111111	middle
group_4463	group_4463	0.1111111111111111	middle
group_4459	group_4459	0.1111111111111111	middle
group_4450	group_4450	0.1111111111111111	middle
group_4406	group_4406	0.1111111111111111	middle
group_4401	group_4401	0.1111111111111111	middle
group_4388	group_4388	0.1111111111111111	middle
hlyD	hlyD	0.1111111111111111	middle
group_4376	group_4376	0.1111111111111111	middle
group_4323	group_4323	0.1111111111111111	middle
group_4266	group_4266	0.1111111111111111	middle
group_4263	group_4263	0.1111111111111111	middle
group_4259	group_4259	0.1111111111111111	middle
group_4257	group_4257	0.1111111111111111	middle
group_4251	group_4251	0.1111111111111111	middle
group_4226	group_4226	0.1111111111111111	middle
group_4202	group_4202	0.1111111111111111	middle
group_4143	group_4143	0.1111111111111111	middle
group_4118	group_4118	0.1111111111111111	middle
group_4098	group_4098	0.1111111111111111	middle
group_4095	group_4095	0.1111111111111111	middle
group_4036	group_4036	0.1111111111111111	middle
group_4019	group_4019	0.1111111111111111	middle
group_4008	group_4008	0.1111111111111111	middle
group_3991	group_3991	0.1111111111111111	middle
group_3982	group_3982	0.1111111111111111	middle
group_3958	group_3958	0.1111111111111111	middle
group_3939	group_3939	0.1111111111111111	middle
group_3919	group_3919	0.1111111111111111	middle
group_3869	group_3869	0.1111111111111111	middle
group_3831	group_3831	0.1111111111111111	middle
group_3775	group_3775	0.1111111111111111	middle
group_3762	group_3762	0.1111111111111111	middle
group_3746	group_3746	0.1111111111111111	middle
group_3737	group_3737	0.1111111111111111	middle
group_3688	group_3688	0.1111111111111111	middle
group_3681	group_3681	0.1111111111111111	middle
mefEn2	mefEn2	0.1111111111111111	middle
group_3643	group_3643	0.1111111111111111	middle
group_3642	group_3642	0.1111111111111111	middle
group_3638	group_3638	0.1111111111111111	middle
qacE	qacE	0.1111111111111111	middle
group_3630	group_3630	0.1111111111111111	middle
group_3611	group_3611	0.1111111111111111	middle
group_3594	group_3594	0.1111111111111111	middle
group_3552	group_3552	0.1111111111111111	middle
group_3544	group_3544	0.1111111111111111	middle
group_3540	group_3540	0.1111111111111111	middle
group_3539	group_3539	0.1111111111111111	middle
group_3534	group_3534	0.1111111111111111	middle
group_3434	group_3434	0.1111111111111111	middle
group_3425	group_3425	0.1111111111111111	middle
group_3351	group_3351	0.1111111111111111	middle
group_3313	group_3313	0.1111111111111111	middle
group_3282	group_3282	0.1111111111111111	middle
group_3252	group_3252	0.1111111111111111	middle
group_3244	group_3244	0.1111111111111111	middle
group_3221	group_3221	0.1111111111111111	middle
group_3210	group_3210	0.1111111111111111	middle
group_3209	group_3209	0.1111111111111111	middle
group_3159	group_3159	0.1111111111111111	middle
group_3102	group_3102	0.1111111111111111	middle
group_3074	group_3074	0.1111111111111111	middle
group_3072	group_3072	0.1111111111111111	middle
group_3062	group_3062	0.1111111111111111	middle
group_3061	group_3061	0.1111111111111111	middle
group_3060	group_3060	0.1111111111111111	middle
group_3058	group_3058	0.1111111111111111	middle
group_3057	group_3057	0.1111111111111111	middle
group_3054	group_3054	0.1111111111111111	middle
group_3052	group_3052	0.1111111111111111	middle
group_3050	group_3050	0.1111111111111111	middle
group_3049	group_3049	0.1111111111111111	middle
group_3046	group_3046	0.1111111111111111	middle
group_3044	group_3044	0.1111111111111111	middle
group_3042	group_3042	0.1111111111111111	middle
group_3039	group_3039	0.1111111111111111	middle
group_3038	group_3038	0.1111111111111111	middle
group_3037	group_3037	0.1111111111111111	middle
group_3036	group_3036	0.1111111111111111	middle
group_3035	group_3035	0.1111111111111111	middle
group_3034	group_3034	0.1111111111111111	middle
group_3033	group_3033	0.1111111111111111	middle
group_3032	group_3032	0.1111111111111111	middle
group_3030	group_3030	0.1111111111111111	middle
group_3027	group_3027	0.1111111111111111	middle
group_3025	group_3025	0.1111111111111111	middle
group_3024	group_3024	0.1111111111111111	middle
group_3023	group_3023	0.1111111111111111	middle
group_3021	group_3021	0.1111111111111111	middle
group_3020	group_3020	0.1111111111111111	middle
group_3017	group_3017	0.1111111111111111	middle
group_3016	group_3016	0.1111111111111111	middle
group_3014	group_3014	0.1111111111111111	middle
group_3013	group_3013	0.1111111111111111	middle
group_3012	group_3012	0.1111111111111111	middle
group_3002	group_3002	0.1111111111111111	middle
group_2994	group_2994	0.1111111111111111	middle
group_2921	group_2921	0.1111111111111111	middle
group_2915	group_2915	0.1111111111111111	middle
group_2899	group_2899	0.1111111111111111	middle
group_2848	group_2848	0.1111111111111111	middle
group_2846	group_2846	0.1111111111111111	middle
group_2812	group_2812	0.1111111111111111	middle
group_2764	group_2764	0.1111111111111111	middle
group_2737	group_2737	0.1111111111111111	middle
group_2727	group_2727	0.1111111111111111	middle
group_2713	group_2713	0.1111111111111111	middle
group_2654	group_2654	0.1111111111111111	middle
group_2643	group_2643	0.1111111111111111	middle
group_2639	group_2639	0.1111111111111111	middle
group_2635	group_2635	0.1111111111111111	middle
group_2634	group_2634	0.1111111111111111	middle
group_2629	group_2629	0.1111111111111111	middle
group_2625	group_2625	0.1111111111111111	middle
group_2621	group_2621	0.1111111111111111	middle
group_2617	group_2617	0.1111111111111111	middle
group_2612	group_2612	0.1111111111111111	middle
group_2607	group_2607	0.1111111111111111	middle
group_2602	group_2602	0.1111111111111111	middle
group_2598	group_2598	0.1111111111111111	middle
group_2594	group_2594	0.1111111111111111	middle
group_2585	group_2585	0.1111111111111111	middle
group_2576	group_2576	0.1111111111111111	middle
group_2573	group_2573	0.1111111111111111	middle
group_2570	group_2570	0.1111111111111111	middle
group_2568	group_2568	0.1111111111111111	middle
dnaJ	dnaJ	0.1111111111111111	middle
group_2565	group_2565	0.1111111111111111	middle
group_2562	group_2562	0.1111111111111111	middle
group_2560	group_2560	0.1111111111111111	middle
group_2559	group_2559	0.1111111111111111	middle
group_2554	group_2554	0.1111111111111111	middle
group_2552	group_2552	0.1111111111111111	middle
group_2550	group_2550	0.1111111111111111	middle
group_2548	group_2548	0.1111111111111111	middle
group_2546	group_2546	0.1111111111111111	middle
group_2544	group_2544	0.1111111111111111	middle
group_2542	group_2542	0.1111111111111111	middle
group_2539	group_2539	0.1111111111111111	middle
group_2537	group_2537	0.1111111111111111	middle
group_2535	group_2535	0.1111111111111111	middle
group_2526	group_2526	0.1111111111111111	middle
group_2520	group_2520	0.1111111111111111	middle
group_2458	group_2458	0.1111111111111111	middle
group_2436	group_2436	0.1111111111111111	middle
group_2364	group_2364	0.1111111111111111	middle
group_2360	group_2360	0.1111111111111111	middle
group_2357	group_2357	0.1111111111111111	middle
group_2356	group_2356	0.1111111111111111	middle
group_2319	group_2319	0.1111111111111111	middle
group_2301	group_2301	0.1111111111111111	middle
group_2255	group_2255	0.1111111111111111	middle
group_2240	group_2240	0.1111111111111111	middle
group_2235	group_2235	0.1111111111111111	middle
group_2229	group_2229	0.1111111111111111	middle
group_2209	group_2209	0.1111111111111111	middle
group_2207	group_2207	0.1111111111111111	middle
group_2205	group_2205	0.1111111111111111	middle
group_2203	group_2203	0.1111111111111111	middle
group_2201	group_2201	0.1111111111111111	middle
group_2146	group_2146	0.1111111111111111	middle
group_2133	group_2133	0.1111111111111111	middle
group_2109	group_2109	0.1111111111111111	middle
group_2107	group_2107	0.1111111111111111	middle
group_2039	group_2039	0.1111111111111111	middle
group_2035	group_2035	0.1111111111111111	middle
group_2026	group_2026	0.1111111111111111	middle
group_2024	group_2024	0.1111111111111111	middle
group_2013	group_2013	0.1111111111111111	middle
group_1972	group_1972	0.1111111111111111	middle
group_1970	group_1970	0.1111111111111111	middle
group_1964	group_1964	0.1111111111111111	middle
group_1946	group_1946	0.1111111111111111	middle
group_1935	group_1935	0.1111111111111111	middle
group_1881	group_1881	0.1111111111111111	middle
group_1803	group_1803	0.1111111111111111	middle
group_1748	group_1748	0.1111111111111111	middle
group_1629	group_1629	0.1111111111111111	middle
group_1596	group_1596	0.1111111111111111	middle
group_1534	group_1534	0.1111111111111111	middle
group_1520	group_1520	0.1111111111111111	middle
group_1455	group_1455	0.1111111111111111	middle
group_1427	group_1427	0.1111111111111111	middle
group_1337	group_1337	0.1111111111111111	middle
group_1266	group_1266	0.1111111111111111	middle
group_1192	group_1192	0.1111111111111111	middle
group_1152	group_1152	0.1111111111111111	middle
group_1143	group_1143	0.1111111111111111	middle
group_1140	group_1140	0.1111111111111111	middle
group_1128	group_1128	0.1111111111111111	middle
group_1085	group_1085	0.1111111111111111	middle
group_1080	group_1080	0.1111111111111111	middle
group_1065	group_1065	0.1111111111111111	middle
group_1048	group_1048	0.1111111111111111	middle
group_980	group_980	0.1111111111111111	middle
group_973	group_973	0.1111111111111111	middle
group_962	group_962	0.1111111111111111	middle
group_952	group_952	0.1111111111111111	middle
group_929	group_929	0.1111111111111111	middle
group_911	group_911	0.1111111111111111	middle
group_857	group_857	0.1111111111111111	middle
group_853	group_853	0.1111111111111111	middle
group_840	group_840	0.1111111111111111	middle
group_777	group_777	0.1111111111111111	middle
group_771	group_771	0.1111111111111111	middle
group_760	group_760	0.1111111111111111	middle
group_711	group_711	0.1111111111111111	middle
group_562	group_562	0.1111111111111111	middle
macB	macB	0.1111111111111111	middle
group_439	group_439	0.1111111111111111	middle
group_435	group_435	0.1111111111111111	middle
group_405	group_405	0.1111111111111111	middle
group_380	group_380	0.1111111111111111	middle
traG	traG	0.1111111111111111	middle
group_318	group_318	0.1111111111111111	middle
group_233	group_233	0.1111111111111111	middle
group_225	group_225	0.1111111111111111	middle
group_211	group_211	0.1111111111111111	middle
group_130	group_130	0.1111111111111111	middle
group_126	group_126	0.1111111111111111	middle
group_16413	group_16413	0.0925925925925925	middle
group_16380	group_16380	0.0925925925925925	middle
group_16377	group_16377	0.0925925925925925	middle
group_16376	group_16376	0.0925925925925925	middle
group_16375	group_16375	0.0925925925925925	middle
group_16373	group_16373	0.0925925925925925	middle
group_16371	group_16371	0.0925925925925925	middle
group_16370	group_16370	0.0925925925925925	middle
group_16369	group_16369	0.0925925925925925	middle
group_16368	group_16368	0.0925925925925925	middle
group_16251	group_16251	0.0925925925925925	middle
group_16246	group_16246	0.0925925925925925	middle
group_16199	group_16199	0.0925925925925925	middle
group_16193	group_16193	0.0925925925925925	middle
group_16177	group_16177	0.0925925925925925	middle
group_16165	group_16165	0.0925925925925925	middle
group_16159	group_16159	0.0925925925925925	middle
group_15990	group_15990	0.0925925925925925	middle
group_15937	group_15937	0.0925925925925925	middle
group_15927	group_15927	0.0925925925925925	middle
group_15891	group_15891	0.0925925925925925	middle
group_15859	group_15859	0.0925925925925925	middle
group_15833	group_15833	0.0925925925925925	middle
group_15807	group_15807	0.0925925925925925	middle
group_15782	group_15782	0.0925925925925925	middle
group_15748	group_15748	0.0925925925925925	middle
group_15702	group_15702	0.0925925925925925	middle
group_15697	group_15697	0.0925925925925925	middle
group_15680	group_15680	0.0925925925925925	middle
group_15672	group_15672	0.0925925925925925	middle
group_15661	group_15661	0.0925925925925925	middle
group_15643	group_15643	0.0925925925925925	middle
group_15604	group_15604	0.0925925925925925	middle
group_15557	group_15557	0.0925925925925925	middle
group_15522	group_15522	0.0925925925925925	middle
group_15514	group_15514	0.0925925925925925	middle
group_15464	group_15464	0.0925925925925925	middle
group_15463	group_15463	0.0925925925925925	middle
group_15444	group_15444	0.0925925925925925	middle
group_15443	group_15443	0.0925925925925925	middle
group_15441	group_15441	0.0925925925925925	middle
group_15398	group_15398	0.0925925925925925	middle
group_15396	group_15396	0.0925925925925925	middle
group_15368	group_15368	0.0925925925925925	middle
group_15360	group_15360	0.0925925925925925	middle
group_15316	group_15316	0.0925925925925925	middle
group_15285	group_15285	0.0925925925925925	middle
group_15242	group_15242	0.0925925925925925	middle
group_15234	group_15234	0.0925925925925925	middle
group_15222	group_15222	0.0925925925925925	middle
group_15219	group_15219	0.0925925925925925	middle
group_15180	group_15180	0.0925925925925925	middle
group_15176	group_15176	0.0925925925925925	middle
group_15145	group_15145	0.0925925925925925	middle
group_15142	group_15142	0.0925925925925925	middle
group_15111	group_15111	0.0925925925925925	middle
group_15083	group_15083	0.0925925925925925	middle
group_15081	group_15081	0.0925925925925925	middle
group_15009	group_15009	0.0925925925925925	middle
group_15007	group_15007	0.0925925925925925	middle
group_14986	group_14986	0.0925925925925925	middle
group_14979	group_14979	0.0925925925925925	middle
group_14974	group_14974	0.0925925925925925	middle
group_14934	group_14934	0.0925925925925925	middle
group_14889	group_14889	0.0925925925925925	middle
group_14851	group_14851	0.0925925925925925	middle
group_14792	group_14792	0.0925925925925925	middle
group_14738	group_14738	0.0925925925925925	middle
group_14736	group_14736	0.0925925925925925	middle
group_14718	group_14718	0.0925925925925925	middle
group_14716	group_14716	0.0925925925925925	middle
group_14706	group_14706	0.0925925925925925	middle
group_14621	group_14621	0.0925925925925925	middle
group_14620	group_14620	0.0925925925925925	middle
group_14574	group_14574	0.0925925925925925	middle
group_14538	group_14538	0.0925925925925925	middle
group_14528	group_14528	0.0925925925925925	middle
group_14523	group_14523	0.0925925925925925	middle
group_14521	group_14521	0.0925925925925925	middle
group_14482	group_14482	0.0925925925925925	middle
group_14435	group_14435	0.0925925925925925	middle
group_14405	group_14405	0.0925925925925925	middle
group_14403	group_14403	0.0925925925925925	middle
group_14394	group_14394	0.0925925925925925	middle
group_14383	group_14383	0.0925925925925925	middle
group_14381	group_14381	0.0925925925925925	middle
group_14375	group_14375	0.0925925925925925	middle
group_14372	group_14372	0.0925925925925925	middle
group_14370	group_14370	0.0925925925925925	middle
group_14363	group_14363	0.0925925925925925	middle
group_14362	group_14362	0.0925925925925925	middle
group_14357	group_14357	0.0925925925925925	middle
group_14339	group_14339	0.0925925925925925	middle
group_14310	group_14310	0.0925925925925925	middle
group_14309	group_14309	0.0925925925925925	middle
group_14282	group_14282	0.0925925925925925	middle
group_14256	group_14256	0.0925925925925925	middle
group_14251	group_14251	0.0925925925925925	middle
group_14246	group_14246	0.0925925925925925	middle
group_14239	group_14239	0.0925925925925925	middle
group_14216	group_14216	0.0925925925925925	middle
group_14214	group_14214	0.0925925925925925	middle
group_14167	group_14167	0.0925925925925925	middle
group_14166	group_14166	0.0925925925925925	middle
group_14161	group_14161	0.0925925925925925	middle
group_14120	group_14120	0.0925925925925925	middle
group_14112	group_14112	0.0925925925925925	middle
group_14109	group_14109	0.0925925925925925	middle
group_14085	group_14085	0.0925925925925925	middle
group_14081	group_14081	0.0925925925925925	middle
group_14053	group_14053	0.0925925925925925	middle
group_14051	group_14051	0.0925925925925925	middle
group_14003	group_14003	0.0925925925925925	middle
group_13996	group_13996	0.0925925925925925	middle
group_13980	group_13980	0.0925925925925925	middle
group_13968	group_13968	0.0925925925925925	middle
group_13962	group_13962	0.0925925925925925	middle
group_13867	group_13867	0.0925925925925925	middle
group_13866	group_13866	0.0925925925925925	middle
mazG	mazG	0.0925925925925925	middle
group_13836	group_13836	0.0925925925925925	middle
group_13822	group_13822	0.0925925925925925	middle
group_13819	group_13819	0.0925925925925925	middle
group_13787	group_13787	0.0925925925925925	middle
group_13783	group_13783	0.0925925925925925	middle
group_13767	group_13767	0.0925925925925925	middle
group_13757	group_13757	0.0925925925925925	middle
group_13754	group_13754	0.0925925925925925	middle
group_13720	group_13720	0.0925925925925925	middle
group_13719	group_13719	0.0925925925925925	middle
group_13718	group_13718	0.0925925925925925	middle
group_13714	group_13714	0.0925925925925925	middle
group_13695	group_13695	0.0925925925925925	middle
group_13666	group_13666	0.0925925925925925	middle
group_13662	group_13662	0.0925925925925925	middle
group_13661	group_13661	0.0925925925925925	middle
group_13643	group_13643	0.0925925925925925	middle
group_13636	group_13636	0.0925925925925925	middle
group_13629	group_13629	0.0925925925925925	middle
group_13602	group_13602	0.0925925925925925	middle
group_13585	group_13585	0.0925925925925925	middle
group_13580	group_13580	0.0925925925925925	middle
group_13579	group_13579	0.0925925925925925	middle
group_13576	group_13576	0.0925925925925925	middle
group_13557	group_13557	0.0925925925925925	middle
group_13539	group_13539	0.0925925925925925	middle
group_13537	group_13537	0.0925925925925925	middle
group_13536	group_13536	0.0925925925925925	middle
group_13518	group_13518	0.0925925925925925	middle
group_13505	group_13505	0.0925925925925925	middle
group_13485	group_13485	0.0925925925925925	middle
group_13457	group_13457	0.0925925925925925	middle
group_13433	group_13433	0.0925925925925925	middle
group_13423	group_13423	0.0925925925925925	middle
group_13414	group_13414	0.0925925925925925	middle
group_13385	group_13385	0.0925925925925925	middle
higA	higA	0.0925925925925925	middle
group_13384	group_13384	0.0925925925925925	middle
group_13381	group_13381	0.0925925925925925	middle
group_13362	group_13362	0.0925925925925925	middle
group_13357	group_13357	0.0925925925925925	middle
group_13356	group_13356	0.0925925925925925	middle
group_13334	group_13334	0.0925925925925925	middle
group_13331	group_13331	0.0925925925925925	middle
group_13330	group_13330	0.0925925925925925	middle
group_13307	group_13307	0.0925925925925925	middle
group_13294	group_13294	0.0925925925925925	middle
group_13293	group_13293	0.0925925925925925	middle
group_13282	group_13282	0.0925925925925925	middle
group_13239	group_13239	0.0925925925925925	middle
group_13218	group_13218	0.0925925925925925	middle
group_13184	group_13184	0.0925925925925925	middle
group_13177	group_13177	0.0925925925925925	middle
group_13152	group_13152	0.0925925925925925	middle
group_13129	group_13129	0.0925925925925925	middle
group_13106	group_13106	0.0925925925925925	middle
group_13041	group_13041	0.0925925925925925	middle
group_13017	group_13017	0.0925925925925925	middle
group_13016	group_13016	0.0925925925925925	middle
group_12994	group_12994	0.0925925925925925	middle
group_12993	group_12993	0.0925925925925925	middle
group_12942	group_12942	0.0925925925925925	middle
group_12914	group_12914	0.0925925925925925	middle
group_12881	group_12881	0.0925925925925925	middle
group_12864	group_12864	0.0925925925925925	middle
group_12818	group_12818	0.0925925925925925	middle
group_12807	group_12807	0.0925925925925925	middle
group_12804	group_12804	0.0925925925925925	middle
group_12794	group_12794	0.0925925925925925	middle
group_12773	group_12773	0.0925925925925925	middle
group_12767	group_12767	0.0925925925925925	middle
group_12752	group_12752	0.0925925925925925	middle
group_12747	group_12747	0.0925925925925925	middle
group_12746	group_12746	0.0925925925925925	middle
group_12719	group_12719	0.0925925925925925	middle
group_12692	group_12692	0.0925925925925925	middle
group_12691	group_12691	0.0925925925925925	middle
gemA	gemA	0.0925925925925925	middle
group_12661	group_12661	0.0925925925925925	middle
group_12656	group_12656	0.0925925925925925	middle
group_12641	group_12641	0.0925925925925925	middle
group_12640	group_12640	0.0925925925925925	middle
group_12632	group_12632	0.0925925925925925	middle
group_12629	group_12629	0.0925925925925925	middle
group_12606	group_12606	0.0925925925925925	middle
group_12553	group_12553	0.0925925925925925	middle
group_12551	group_12551	0.0925925925925925	middle
group_12531	group_12531	0.0925925925925925	middle
group_12513	group_12513	0.0925925925925925	middle
group_12507	group_12507	0.0925925925925925	middle
group_12506	group_12506	0.0925925925925925	middle
group_12502	group_12502	0.0925925925925925	middle
group_12482	group_12482	0.0925925925925925	middle
group_12476	group_12476	0.0925925925925925	middle
group_12453	group_12453	0.0925925925925925	middle
group_12449	group_12449	0.0925925925925925	middle
group_12445	group_12445	0.0925925925925925	middle
group_12417	group_12417	0.0925925925925925	middle
group_12385	group_12385	0.0925925925925925	middle
group_12383	group_12383	0.0925925925925925	middle
group_12382	group_12382	0.0925925925925925	middle
group_12377	group_12377	0.0925925925925925	middle
group_12351	group_12351	0.0925925925925925	middle
group_12328	group_12328	0.0925925925925925	middle
group_12302	group_12302	0.0925925925925925	middle
group_12297	group_12297	0.0925925925925925	middle
group_12279	group_12279	0.0925925925925925	middle
group_12269	group_12269	0.0925925925925925	middle
group_12256	group_12256	0.0925925925925925	middle
group_12208	group_12208	0.0925925925925925	middle
group_12204	group_12204	0.0925925925925925	middle
group_12203	group_12203	0.0925925925925925	middle
group_12187	group_12187	0.0925925925925925	middle
group_12182	group_12182	0.0925925925925925	middle
group_12181	group_12181	0.0925925925925925	middle
group_12167	group_12167	0.0925925925925925	middle
group_12162	group_12162	0.0925925925925925	middle
group_12085	group_12085	0.0925925925925925	middle
group_12072	group_12072	0.0925925925925925	middle
group_12065	group_12065	0.0925925925925925	middle
group_12024	group_12024	0.0925925925925925	middle
group_11978	group_11978	0.0925925925925925	middle
group_11957	group_11957	0.0925925925925925	middle
group_11935	group_11935	0.0925925925925925	middle
group_11931	group_11931	0.0925925925925925	middle
group_11909	group_11909	0.0925925925925925	middle
group_11870	group_11870	0.0925925925925925	middle
group_11851	group_11851	0.0925925925925925	middle
group_11808	group_11808	0.0925925925925925	middle
group_11801	group_11801	0.0925925925925925	middle
group_11795	group_11795	0.0925925925925925	middle
group_11765	group_11765	0.0925925925925925	middle
group_11701	group_11701	0.0925925925925925	middle
group_11591	group_11591	0.0925925925925925	middle
group_11576	group_11576	0.0925925925925925	middle
group_11572	group_11572	0.0925925925925925	middle
group_11516	group_11516	0.0925925925925925	middle
group_11483	group_11483	0.0925925925925925	middle
group_11482	group_11482	0.0925925925925925	middle
group_11442	group_11442	0.0925925925925925	middle
group_11441	group_11441	0.0925925925925925	middle
group_11435	group_11435	0.0925925925925925	middle
group_11369	group_11369	0.0925925925925925	middle
group_11287	group_11287	0.0925925925925925	middle
group_11269	group_11269	0.0925925925925925	middle
group_11227	group_11227	0.0925925925925925	middle
group_11199	group_11199	0.0925925925925925	middle
group_11197	group_11197	0.0925925925925925	middle
group_11194	group_11194	0.0925925925925925	middle
group_11158	group_11158	0.0925925925925925	middle
group_11129	group_11129	0.0925925925925925	middle
group_11127	group_11127	0.0925925925925925	middle
group_11123	group_11123	0.0925925925925925	middle
group_11115	group_11115	0.0925925925925925	middle
group_11104	group_11104	0.0925925925925925	middle
group_11050	group_11050	0.0925925925925925	middle
group_11020	group_11020	0.0925925925925925	middle
group_10985	group_10985	0.0925925925925925	middle
group_10974	group_10974	0.0925925925925925	middle
group_10956	group_10956	0.0925925925925925	middle
group_10933	group_10933	0.0925925925925925	middle
group_10932	group_10932	0.0925925925925925	middle
group_10927	group_10927	0.0925925925925925	middle
group_10914	group_10914	0.0925925925925925	middle
group_10904	group_10904	0.0925925925925925	middle
group_10885	group_10885	0.0925925925925925	middle
group_10881	group_10881	0.0925925925925925	middle
group_10861	group_10861	0.0925925925925925	middle
group_10860	group_10860	0.0925925925925925	middle
group_10859	group_10859	0.0925925925925925	middle
group_10851	group_10851	0.0925925925925925	middle
group_10850	group_10850	0.0925925925925925	middle
group_10849	group_10849	0.0925925925925925	middle
group_10845	group_10845	0.0925925925925925	middle
group_10840	group_10840	0.0925925925925925	middle
mefA	mefA	0.0925925925925925	middle
group_10809	group_10809	0.0925925925925925	middle
group_10787	group_10787	0.0925925925925925	middle
group_10782	group_10782	0.0925925925925925	middle
group_10780	group_10780	0.0925925925925925	middle
group_10760	group_10760	0.0925925925925925	middle
group_10731	group_10731	0.0925925925925925	middle
group_10667	group_10667	0.0925925925925925	middle
group_10655	group_10655	0.0925925925925925	middle
group_10634	group_10634	0.0925925925925925	middle
group_10626	group_10626	0.0925925925925925	middle
group_10625	group_10625	0.0925925925925925	middle
group_10623	group_10623	0.0925925925925925	middle
group_10611	group_10611	0.0925925925925925	middle
group_10609	group_10609	0.0925925925925925	middle
group_10604	group_10604	0.0925925925925925	middle
group_10596	group_10596	0.0925925925925925	middle
group_10576	group_10576	0.0925925925925925	middle
group_10562	group_10562	0.0925925925925925	middle
group_10553	group_10553	0.0925925925925925	middle
group_10544	group_10544	0.0925925925925925	middle
group_10543	group_10543	0.0925925925925925	middle
group_10538	group_10538	0.0925925925925925	middle
group_10531	group_10531	0.0925925925925925	middle
group_10530	group_10530	0.0925925925925925	middle
group_10522	group_10522	0.0925925925925925	middle
group_10520	group_10520	0.0925925925925925	middle
group_10514	group_10514	0.0925925925925925	middle
group_10508	group_10508	0.0925925925925925	middle
group_10507	group_10507	0.0925925925925925	middle
group_10499	group_10499	0.0925925925925925	middle
group_10489	group_10489	0.0925925925925925	middle
group_10469	group_10469	0.0925925925925925	middle
group_10467	group_10467	0.0925925925925925	middle
group_10464	group_10464	0.0925925925925925	middle
group_10462	group_10462	0.0925925925925925	middle
group_10461	group_10461	0.0925925925925925	middle
group_10454	group_10454	0.0925925925925925	middle
group_10452	group_10452	0.0925925925925925	middle
group_10443	group_10443	0.0925925925925925	middle
group_10438	group_10438	0.0925925925925925	middle
group_10437	group_10437	0.0925925925925925	middle
group_10421	group_10421	0.0925925925925925	middle
group_10383	group_10383	0.0925925925925925	middle
group_10368	group_10368	0.0925925925925925	middle
group_10365	group_10365	0.0925925925925925	middle
group_10362	group_10362	0.0925925925925925	middle
group_10351	group_10351	0.0925925925925925	middle
group_10350	group_10350	0.0925925925925925	middle
group_10348	group_10348	0.0925925925925925	middle
group_10339	group_10339	0.0925925925925925	middle
group_10338	group_10338	0.0925925925925925	middle
group_10327	group_10327	0.0925925925925925	middle
group_10323	group_10323	0.0925925925925925	middle
group_10322	group_10322	0.0925925925925925	middle
group_10321	group_10321	0.0925925925925925	middle
group_10319	group_10319	0.0925925925925925	middle
group_10314	group_10314	0.0925925925925925	middle
group_10313	group_10313	0.0925925925925925	middle
group_10310	group_10310	0.0925925925925925	middle
group_10294	group_10294	0.0925925925925925	middle
group_10275	group_10275	0.0925925925925925	middle
group_10274	group_10274	0.0925925925925925	middle
group_10216	group_10216	0.0925925925925925	middle
group_10206	group_10206	0.0925925925925925	middle
group_10197	group_10197	0.0925925925925925	middle
group_10191	group_10191	0.0925925925925925	middle
group_10187	group_10187	0.0925925925925925	middle
group_10167	group_10167	0.0925925925925925	middle
group_10152	group_10152	0.0925925925925925	middle
group_10151	group_10151	0.0925925925925925	middle
group_10143	group_10143	0.0925925925925925	middle
group_10136	group_10136	0.0925925925925925	middle
group_10135	group_10135	0.0925925925925925	middle
group_10133	group_10133	0.0925925925925925	middle
group_10109	group_10109	0.0925925925925925	middle
group_10048	group_10048	0.0925925925925925	middle
group_10046	group_10046	0.0925925925925925	middle
group_10020	group_10020	0.0925925925925925	middle
group_9995	group_9995	0.0925925925925925	middle
group_9978	group_9978	0.0925925925925925	middle
group_9960	group_9960	0.0925925925925925	middle
group_9958	group_9958	0.0925925925925925	middle
group_9949	group_9949	0.0925925925925925	middle
group_9916	group_9916	0.0925925925925925	middle
group_9914	group_9914	0.0925925925925925	middle
group_9910	group_9910	0.0925925925925925	middle
group_9889	group_9889	0.0925925925925925	middle
group_9876	group_9876	0.0925925925925925	middle
group_9866	group_9866	0.0925925925925925	middle
group_9834	group_9834	0.0925925925925925	middle
group_9826	group_9826	0.0925925925925925	middle
group_9825	group_9825	0.0925925925925925	middle
group_9815	group_9815	0.0925925925925925	middle
group_9805	group_9805	0.0925925925925925	middle
group_9765	group_9765	0.0925925925925925	middle
group_9764	group_9764	0.0925925925925925	middle
group_9763	group_9763	0.0925925925925925	middle
group_9758	group_9758	0.0925925925925925	middle
group_9755	group_9755	0.0925925925925925	middle
group_9732	group_9732	0.0925925925925925	middle
group_9726	group_9726	0.0925925925925925	middle
group_9691	group_9691	0.0925925925925925	middle
group_9667	group_9667	0.0925925925925925	middle
group_9665	group_9665	0.0925925925925925	middle
group_9656	group_9656	0.0925925925925925	middle
group_9651	group_9651	0.0925925925925925	middle
group_9642	group_9642	0.0925925925925925	middle
group_9640	group_9640	0.0925925925925925	middle
group_9632	group_9632	0.0925925925925925	middle
group_9626	group_9626	0.0925925925925925	middle
group_9619	group_9619	0.0925925925925925	middle
group_9611	group_9611	0.0925925925925925	middle
group_9607	group_9607	0.0925925925925925	middle
group_9599	group_9599	0.0925925925925925	middle
group_9581	group_9581	0.0925925925925925	middle
group_9575	group_9575	0.0925925925925925	middle
group_9572	group_9572	0.0925925925925925	middle
group_9566	group_9566	0.0925925925925925	middle
group_9565	group_9565	0.0925925925925925	middle
group_9551	group_9551	0.0925925925925925	middle
group_9525	group_9525	0.0925925925925925	middle
group_9499	group_9499	0.0925925925925925	middle
group_9498	group_9498	0.0925925925925925	middle
group_9494	group_9494	0.0925925925925925	middle
group_9492	group_9492	0.0925925925925925	middle
group_9489	group_9489	0.0925925925925925	middle
mafI	mafI	0.0925925925925925	middle
group_9478	group_9478	0.0925925925925925	middle
group_9452	group_9452	0.0925925925925925	middle
group_9444	group_9444	0.0925925925925925	middle
group_9430	group_9430	0.0925925925925925	middle
group_9409	group_9409	0.0925925925925925	middle
group_9408	group_9408	0.0925925925925925	middle
group_9402	group_9402	0.0925925925925925	middle
group_9393	group_9393	0.0925925925925925	middle
group_9391	group_9391	0.0925925925925925	middle
group_9366	group_9366	0.0925925925925925	middle
group_9328	group_9328	0.0925925925925925	middle
group_9314	group_9314	0.0925925925925925	middle
group_9313	group_9313	0.0925925925925925	middle
group_9309	group_9309	0.0925925925925925	middle
group_9306	group_9306	0.0925925925925925	middle
group_9294	group_9294	0.0925925925925925	middle
group_9280	group_9280	0.0925925925925925	middle
group_9274	group_9274	0.0925925925925925	middle
group_9268	group_9268	0.0925925925925925	middle
group_9264	group_9264	0.0925925925925925	middle
group_9197	group_9197	0.0925925925925925	middle
group_9186	group_9186	0.0925925925925925	middle
group_9185	group_9185	0.0925925925925925	middle
lytT	lytT	0.0925925925925925	middle
group_9146	group_9146	0.0925925925925925	middle
group_9131	group_9131	0.0925925925925925	middle
group_9123	group_9123	0.0925925925925925	middle
group_9122	group_9122	0.0925925925925925	middle
group_9103	group_9103	0.0925925925925925	middle
group_9101	group_9101	0.0925925925925925	middle
group_9069	group_9069	0.0925925925925925	middle
group_9068	group_9068	0.0925925925925925	middle
group_9061	group_9061	0.0925925925925925	middle
group_9056	group_9056	0.0925925925925925	middle
group_9055	group_9055	0.0925925925925925	middle
group_9054	group_9054	0.0925925925925925	middle
group_9053	group_9053	0.0925925925925925	middle
group_9050	group_9050	0.0925925925925925	middle
group_9044	group_9044	0.0925925925925925	middle
group_9042	group_9042	0.0925925925925925	middle
group_9029	group_9029	0.0925925925925925	middle
group_9023	group_9023	0.0925925925925925	middle
group_9009	group_9009	0.0925925925925925	middle
group_9004	group_9004	0.0925925925925925	middle
group_9002	group_9002	0.0925925925925925	middle
group_8981	group_8981	0.0925925925925925	middle
group_8950	group_8950	0.0925925925925925	middle
group_8945	group_8945	0.0925925925925925	middle
group_8938	group_8938	0.0925925925925925	middle
group_8932	group_8932	0.0925925925925925	middle
group_8917	group_8917	0.0925925925925925	middle
group_8883	group_8883	0.0925925925925925	middle
group_8868	group_8868	0.0925925925925925	middle
group_8835	group_8835	0.0925925925925925	middle
group_8809	group_8809	0.0925925925925925	middle
group_8799	group_8799	0.0925925925925925	middle
group_8784	group_8784	0.0925925925925925	middle
group_8762	group_8762	0.0925925925925925	middle
group_8753	group_8753	0.0925925925925925	middle
group_8734	group_8734	0.0925925925925925	middle
group_8733	group_8733	0.0925925925925925	middle
group_8726	group_8726	0.0925925925925925	middle
group_8665	group_8665	0.0925925925925925	middle
group_8605	group_8605	0.0925925925925925	middle
group_8476	group_8476	0.0925925925925925	middle
group_8472	group_8472	0.0925925925925925	middle
group_8407	group_8407	0.0925925925925925	middle
group_8403	group_8403	0.0925925925925925	middle
group_8398	group_8398	0.0925925925925925	middle
group_8380	group_8380	0.0925925925925925	middle
group_8376	group_8376	0.0925925925925925	middle
group_8356	group_8356	0.0925925925925925	middle
group_8278	group_8278	0.0925925925925925	middle
group_8235	group_8235	0.0925925925925925	middle
group_8215	group_8215	0.0925925925925925	middle
group_8211	group_8211	0.0925925925925925	middle
group_8195	group_8195	0.0925925925925925	middle
group_8157	group_8157	0.0925925925925925	middle
group_8121	group_8121	0.0925925925925925	middle
group_8064	group_8064	0.0925925925925925	middle
group_8054	group_8054	0.0925925925925925	middle
group_8048	group_8048	0.0925925925925925	middle
group_8010	group_8010	0.0925925925925925	middle
group_8001	group_8001	0.0925925925925925	middle
group_8000	group_8000	0.0925925925925925	middle
group_7963	group_7963	0.0925925925925925	middle
group_7960	group_7960	0.0925925925925925	middle
group_7955	group_7955	0.0925925925925925	middle
group_7908	group_7908	0.0925925925925925	middle
group_7899	group_7899	0.0925925925925925	middle
group_7886	group_7886	0.0925925925925925	middle
group_7872	group_7872	0.0925925925925925	middle
group_7832	group_7832	0.0925925925925925	middle
group_7819	group_7819	0.0925925925925925	middle
group_7789	group_7789	0.0925925925925925	middle
group_7767	group_7767	0.0925925925925925	middle
group_7731	group_7731	0.0925925925925925	middle
group_7730	group_7730	0.0925925925925925	middle
group_7726	group_7726	0.0925925925925925	middle
group_7721	group_7721	0.0925925925925925	middle
group_7719	group_7719	0.0925925925925925	middle
group_7658	group_7658	0.0925925925925925	middle
group_7657	group_7657	0.0925925925925925	middle
group_7629	group_7629	0.0925925925925925	middle
group_7624	group_7624	0.0925925925925925	middle
group_7591	group_7591	0.0925925925925925	middle
group_7584	group_7584	0.0925925925925925	middle
group_7570	group_7570	0.0925925925925925	middle
group_7553	group_7553	0.0925925925925925	middle
group_7552	group_7552	0.0925925925925925	middle
group_7543	group_7543	0.0925925925925925	middle
group_7541	group_7541	0.0925925925925925	middle
group_7518	group_7518	0.0925925925925925	middle
group_7514	group_7514	0.0925925925925925	middle
group_7512	group_7512	0.0925925925925925	middle
group_7508	group_7508	0.0925925925925925	middle
group_7490	group_7490	0.0925925925925925	middle
group_7489	group_7489	0.0925925925925925	middle
group_7485	group_7485	0.0925925925925925	middle
group_7473	group_7473	0.0925925925925925	middle
group_7468	group_7468	0.0925925925925925	middle
group_7467	group_7467	0.0925925925925925	middle
group_7458	group_7458	0.0925925925925925	middle
group_7452	group_7452	0.0925925925925925	middle
group_7414	group_7414	0.0925925925925925	middle
group_7409	group_7409	0.0925925925925925	middle
group_7391	group_7391	0.0925925925925925	middle
group_7390	group_7390	0.0925925925925925	middle
group_7383	group_7383	0.0925925925925925	middle
group_7381	group_7381	0.0925925925925925	middle
group_7377	group_7377	0.0925925925925925	middle
group_7375	group_7375	0.0925925925925925	middle
group_7374	group_7374	0.0925925925925925	middle
group_7370	group_7370	0.0925925925925925	middle
group_7369	group_7369	0.0925925925925925	middle
group_7367	group_7367	0.0925925925925925	middle
group_7366	group_7366	0.0925925925925925	middle
group_7355	group_7355	0.0925925925925925	middle
group_7349	group_7349	0.0925925925925925	middle
group_7344	group_7344	0.0925925925925925	middle
group_7336	group_7336	0.0925925925925925	middle
group_7330	group_7330	0.0925925925925925	middle
group_7311	group_7311	0.0925925925925925	middle
group_7303	group_7303	0.0925925925925925	middle
group_7274	group_7274	0.0925925925925925	middle
group_7247	group_7247	0.0925925925925925	middle
group_7241	group_7241	0.0925925925925925	middle
group_7215	group_7215	0.0925925925925925	middle
group_7208	group_7208	0.0925925925925925	middle
group_7204	group_7204	0.0925925925925925	middle
group_7181	group_7181	0.0925925925925925	middle
group_7172	group_7172	0.0925925925925925	middle
group_7167	group_7167	0.0925925925925925	middle
group_7137	group_7137	0.0925925925925925	middle
group_7135	group_7135	0.0925925925925925	middle
group_7092	group_7092	0.0925925925925925	middle
group_7089	group_7089	0.0925925925925925	middle
group_7086	group_7086	0.0925925925925925	middle
group_7074	group_7074	0.0925925925925925	middle
dnaD	dnaD	0.0925925925925925	middle
group_7058	group_7058	0.0925925925925925	middle
group_7054	group_7054	0.0925925925925925	middle
group_7048	group_7048	0.0925925925925925	middle
group_7006	group_7006	0.0925925925925925	middle
group_7002	group_7002	0.0925925925925925	middle
group_6989	group_6989	0.0925925925925925	middle
group_6942	group_6942	0.0925925925925925	middle
group_6902	group_6902	0.0925925925925925	middle
group_6880	group_6880	0.0925925925925925	middle
group_6872	group_6872	0.0925925925925925	middle
group_6865	group_6865	0.0925925925925925	middle
group_6860	group_6860	0.0925925925925925	middle
group_6848	group_6848	0.0925925925925925	middle
group_6755	group_6755	0.0925925925925925	middle
group_6724	group_6724	0.0925925925925925	middle
group_6718	group_6718	0.0925925925925925	middle
group_6710	group_6710	0.0925925925925925	middle
group_6703	group_6703	0.0925925925925925	middle
group_6699	group_6699	0.0925925925925925	middle
group_6692	group_6692	0.0925925925925925	middle
group_6685	group_6685	0.0925925925925925	middle
group_6555	group_6555	0.0925925925925925	middle
group_6540	group_6540	0.0925925925925925	middle
group_6488	group_6488	0.0925925925925925	middle
group_6470	group_6470	0.0925925925925925	middle
group_6462	group_6462	0.0925925925925925	middle
group_6336	group_6336	0.0925925925925925	middle
group_6330	group_6330	0.0925925925925925	middle
group_6293	group_6293	0.0925925925925925	middle
group_6269	group_6269	0.0925925925925925	middle
group_6237	group_6237	0.0925925925925925	middle
group_6182	group_6182	0.0925925925925925	middle
group_6177	group_6177	0.0925925925925925	middle
group_6171	group_6171	0.0925925925925925	middle
group_6161	group_6161	0.0925925925925925	middle
group_6143	group_6143	0.0925925925925925	middle
group_6119	group_6119	0.0925925925925925	middle
group_6032	group_6032	0.0925925925925925	middle
group_6006	group_6006	0.0925925925925925	middle
group_5989	group_5989	0.0925925925925925	middle
group_5950	group_5950	0.0925925925925925	middle
group_5946	group_5946	0.0925925925925925	middle
group_5916	group_5916	0.0925925925925925	middle
group_5895	group_5895	0.0925925925925925	middle
group_5886	group_5886	0.0925925925925925	middle
group_5813	group_5813	0.0925925925925925	middle
group_5780	group_5780	0.0925925925925925	middle
lexA	lexA	0.0925925925925925	middle
group_5771	group_5771	0.0925925925925925	middle
group_5733	group_5733	0.0925925925925925	middle
group_5687	group_5687	0.0925925925925925	middle
group_5676	group_5676	0.0925925925925925	middle
group_5628	group_5628	0.0925925925925925	middle
group_5626	group_5626	0.0925925925925925	middle
group_5623	group_5623	0.0925925925925925	middle
group_5604	group_5604	0.0925925925925925	middle
group_5592	group_5592	0.0925925925925925	middle
group_5573	group_5573	0.0925925925925925	middle
group_5568	group_5568	0.0925925925925925	middle
group_5535	group_5535	0.0925925925925925	middle
group_5534	group_5534	0.0925925925925925	middle
group_5507	group_5507	0.0925925925925925	middle
group_5505	group_5505	0.0925925925925925	middle
group_5484	group_5484	0.0925925925925925	middle
group_5483	group_5483	0.0925925925925925	middle
group_5474	group_5474	0.0925925925925925	middle
group_5427	group_5427	0.0925925925925925	middle
group_5423	group_5423	0.0925925925925925	middle
group_5325	group_5325	0.0925925925925925	middle
group_5324	group_5324	0.0925925925925925	middle
group_5272	group_5272	0.0925925925925925	middle
group_5231	group_5231	0.0925925925925925	middle
group_5137	group_5137	0.0925925925925925	middle
group_5114	group_5114	0.0925925925925925	middle
group_5113	group_5113	0.0925925925925925	middle
group_5105	group_5105	0.0925925925925925	middle
group_5073	group_5073	0.0925925925925925	middle
group_5017	group_5017	0.0925925925925925	middle
group_4991	group_4991	0.0925925925925925	middle
group_4979	group_4979	0.0925925925925925	middle
group_4978	group_4978	0.0925925925925925	middle
group_4964	group_4964	0.0925925925925925	middle
group_4950	group_4950	0.0925925925925925	middle
group_4949	group_4949	0.0925925925925925	middle
group_4948	group_4948	0.0925925925925925	middle
group_4941	group_4941	0.0925925925925925	middle
group_4914	group_4914	0.0925925925925925	middle
group_4908	group_4908	0.0925925925925925	middle
group_4871	group_4871	0.0925925925925925	middle
group_4869	group_4869	0.0925925925925925	middle
group_4847	group_4847	0.0925925925925925	middle
group_4832	group_4832	0.0925925925925925	middle
group_4821	group_4821	0.0925925925925925	middle
group_4811	group_4811	0.0925925925925925	middle
group_4798	group_4798	0.0925925925925925	middle
group_4794	group_4794	0.0925925925925925	middle
group_4785	group_4785	0.0925925925925925	middle
group_4782	group_4782	0.0925925925925925	middle
group_4779	group_4779	0.0925925925925925	middle
group_4768	group_4768	0.0925925925925925	middle
group_4764	group_4764	0.0925925925925925	middle
group_4756	group_4756	0.0925925925925925	middle
group_4718	group_4718	0.0925925925925925	middle
group_4717	group_4717	0.0925925925925925	middle
group_4711	group_4711	0.0925925925925925	middle
group_4700	group_4700	0.0925925925925925	middle
group_4694	group_4694	0.0925925925925925	middle
group_4688	group_4688	0.0925925925925925	middle
group_4675	group_4675	0.0925925925925925	middle
group_4660	group_4660	0.0925925925925925	middle
group_4641	group_4641	0.0925925925925925	middle
group_4609	group_4609	0.0925925925925925	middle
group_4607	group_4607	0.0925925925925925	middle
hspA	hspA	0.0925925925925925	middle
group_4567	group_4567	0.0925925925925925	middle
group_4553	group_4553	0.0925925925925925	middle
group_4535	group_4535	0.0925925925925925	middle
group_4534	group_4534	0.0925925925925925	middle
group_4526	group_4526	0.0925925925925925	middle
group_4507	group_4507	0.0925925925925925	middle
group_4415	group_4415	0.0925925925925925	middle
group_4413	group_4413	0.0925925925925925	middle
group_4390	group_4390	0.0925925925925925	middle
group_4315	group_4315	0.0925925925925925	middle
group_4313	group_4313	0.0925925925925925	middle
group_4258	group_4258	0.0925925925925925	middle
group_4193	group_4193	0.0925925925925925	middle
group_4187	group_4187	0.0925925925925925	middle
group_4126	group_4126	0.0925925925925925	middle
group_4123	group_4123	0.0925925925925925	middle
group_4102	group_4102	0.0925925925925925	middle
group_4038	group_4038	0.0925925925925925	middle
group_4002	group_4002	0.0925925925925925	middle
group_3995	group_3995	0.0925925925925925	middle
group_3935	group_3935	0.0925925925925925	middle
group_3929	group_3929	0.0925925925925925	middle
group_3897	group_3897	0.0925925925925925	middle
group_3877	group_3877	0.0925925925925925	middle
group_3848	group_3848	0.0925925925925925	middle
group_3842	group_3842	0.0925925925925925	middle
group_3841	group_3841	0.0925925925925925	middle
group_3815	group_3815	0.0925925925925925	middle
group_3810	group_3810	0.0925925925925925	middle
group_3805	group_3805	0.0925925925925925	middle
group_3797	group_3797	0.0925925925925925	middle
group_3779	group_3779	0.0925925925925925	middle
group_3724	group_3724	0.0925925925925925	middle
group_3718	group_3718	0.0925925925925925	middle
group_3683	group_3683	0.0925925925925925	middle
group_3680	group_3680	0.0925925925925925	middle
group_3627	group_3627	0.0925925925925925	middle
marR	marR	0.0925925925925925	middle
group_3599	group_3599	0.0925925925925925	middle
group_3588	group_3588	0.0925925925925925	middle
group_3548	group_3548	0.0925925925925925	middle
group_3537	group_3537	0.0925925925925925	middle
group_3529	group_3529	0.0925925925925925	middle
group_3521	group_3521	0.0925925925925925	middle
group_3469	group_3469	0.0925925925925925	middle
group_3465	group_3465	0.0925925925925925	middle
group_3350	group_3350	0.0925925925925925	middle
group_3292	group_3292	0.0925925925925925	middle
group_3279	group_3279	0.0925925925925925	middle
group_3258	group_3258	0.0925925925925925	middle
group_3249	group_3249	0.0925925925925925	middle
group_3246	group_3246	0.0925925925925925	middle
group_3192	group_3192	0.0925925925925925	middle
group_3189	group_3189	0.0925925925925925	middle
group_3186	group_3186	0.0925925925925925	middle
group_3172	group_3172	0.0925925925925925	middle
group_3158	group_3158	0.0925925925925925	middle
group_3155	group_3155	0.0925925925925925	middle
group_3140	group_3140	0.0925925925925925	middle
group_3096	group_3096	0.0925925925925925	middle
group_3089	group_3089	0.0925925925925925	middle
group_3088	group_3088	0.0925925925925925	middle
group_3087	group_3087	0.0925925925925925	middle
group_3086	group_3086	0.0925925925925925	middle
group_3085	group_3085	0.0925925925925925	middle
group_3084	group_3084	0.0925925925925925	middle
glmU	glmU	0.0925925925925925	middle
group_3083	group_3083	0.0925925925925925	middle
group_3081	group_3081	0.0925925925925925	middle
group_3079	group_3079	0.0925925925925925	middle
group_3077	group_3077	0.0925925925925925	middle
group_3073	group_3073	0.0925925925925925	middle
group_3071	group_3071	0.0925925925925925	middle
group_3070	group_3070	0.0925925925925925	middle
group_3069	group_3069	0.0925925925925925	middle
group_3067	group_3067	0.0925925925925925	middle
group_3065	group_3065	0.0925925925925925	middle
hipA	hipA	0.0925925925925925	middle
group_2959	group_2959	0.0925925925925925	middle
group_2948	group_2948	0.0925925925925925	middle
group_2913	group_2913	0.0925925925925925	middle
group_2876	group_2876	0.0925925925925925	middle
group_2862	group_2862	0.0925925925925925	middle
group_2817	group_2817	0.0925925925925925	middle
group_2800	group_2800	0.0925925925925925	middle
group_2799	group_2799	0.0925925925925925	middle
group_2798	group_2798	0.0925925925925925	middle
group_2797	group_2797	0.0925925925925925	middle
group_2796	group_2796	0.0925925925925925	middle
group_2795	group_2795	0.0925925925925925	middle
group_2794	group_2794	0.0925925925925925	middle
group_2793	group_2793	0.0925925925925925	middle
group_2739	group_2739	0.0925925925925925	middle
group_2735	group_2735	0.0925925925925925	middle
group_2731	group_2731	0.0925925925925925	middle
group_2729	group_2729	0.0925925925925925	middle
group_2710	group_2710	0.0925925925925925	middle
group_2661	group_2661	0.0925925925925925	middle
group_2564	group_2564	0.0925925925925925	middle
group_2536	group_2536	0.0925925925925925	middle
group_2533	group_2533	0.0925925925925925	middle
group_2532	group_2532	0.0925925925925925	middle
group_2517	group_2517	0.0925925925925925	middle
group_2483	group_2483	0.0925925925925925	middle
group_2476	group_2476	0.0925925925925925	middle
group_2466	group_2466	0.0925925925925925	middle
group_2457	group_2457	0.0925925925925925	middle
group_2455	group_2455	0.0925925925925925	middle
group_2432	group_2432	0.0925925925925925	middle
group_2417	group_2417	0.0925925925925925	middle
group_2416	group_2416	0.0925925925925925	middle
group_2392	group_2392	0.0925925925925925	middle
group_2256	group_2256	0.0925925925925925	middle
group_2241	group_2241	0.0925925925925925	middle
group_2213	group_2213	0.0925925925925925	middle
group_2211	group_2211	0.0925925925925925	middle
group_2208	group_2208	0.0925925925925925	middle
group_2202	group_2202	0.0925925925925925	middle
group_2196	group_2196	0.0925925925925925	middle
group_2187	group_2187	0.0925925925925925	middle
group_2167	group_2167	0.0925925925925925	middle
group_2159	group_2159	0.0925925925925925	middle
group_2061	group_2061	0.0925925925925925	middle
group_2040	group_2040	0.0925925925925925	middle
group_2032	group_2032	0.0925925925925925	middle
group_2031	group_2031	0.0925925925925925	middle
group_2030	group_2030	0.0925925925925925	middle
group_2027	group_2027	0.0925925925925925	middle
group_2023	group_2023	0.0925925925925925	middle
group_2012	group_2012	0.0925925925925925	middle
group_1923	group_1923	0.0925925925925925	middle
group_1916	group_1916	0.0925925925925925	middle
group_1899	group_1899	0.0925925925925925	middle
group_1895	group_1895	0.0925925925925925	middle
group_1894	group_1894	0.0925925925925925	middle
group_1865	group_1865	0.0925925925925925	middle
group_1853	group_1853	0.0925925925925925	middle
group_1846	group_1846	0.0925925925925925	middle
group_1835	group_1835	0.0925925925925925	middle
group_1817	group_1817	0.0925925925925925	middle
group_1805	group_1805	0.0925925925925925	middle
group_1756	group_1756	0.0925925925925925	middle
group_1735	group_1735	0.0925925925925925	middle
group_1695	group_1695	0.0925925925925925	middle
group_1677	group_1677	0.0925925925925925	middle
group_1676	group_1676	0.0925925925925925	middle
group_1670	group_1670	0.0925925925925925	middle
group_1661	group_1661	0.0925925925925925	middle
group_1640	group_1640	0.0925925925925925	middle
group_1589	group_1589	0.0925925925925925	middle
group_1573	group_1573	0.0925925925925925	middle
group_1530	group_1530	0.0925925925925925	middle
group_1513	group_1513	0.0925925925925925	middle
group_1506	group_1506	0.0925925925925925	middle
group_1443	group_1443	0.0925925925925925	middle
group_1426	group_1426	0.0925925925925925	middle
group_1382	group_1382	0.0925925925925925	middle
group_1362	group_1362	0.0925925925925925	middle
group_1333	group_1333	0.0925925925925925	middle
group_1313	group_1313	0.0925925925925925	middle
group_1294	group_1294	0.0925925925925925	middle
group_1244	group_1244	0.0925925925925925	middle
group_1239	group_1239	0.0925925925925925	middle
group_1237	group_1237	0.0925925925925925	middle
group_1236	group_1236	0.0925925925925925	middle
group_1196	group_1196	0.0925925925925925	middle
group_1187	group_1187	0.0925925925925925	middle
group_1094	group_1094	0.0925925925925925	middle
group_1036	group_1036	0.0925925925925925	middle
group_1026	group_1026	0.0925925925925925	middle
group_1001	group_1001	0.0925925925925925	middle
group_930	group_930	0.0925925925925925	middle
group_821	group_821	0.0925925925925925	middle
group_798	group_798	0.0925925925925925	middle
group_797	group_797	0.0925925925925925	middle
group_795	group_795	0.0925925925925925	middle
group_792	group_792	0.0925925925925925	middle
trbJ	trbJ	0.0925925925925925	middle
group_577	group_577	0.0925925925925925	middle
group_561	group_561	0.0925925925925925	middle
group_547	group_547	0.0925925925925925	middle
group_531	group_531	0.0925925925925925	middle
group_501	group_501	0.0925925925925925	middle
group_473	group_473	0.0925925925925925	middle
group_456	group_456	0.0925925925925925	middle
group_438	group_438	0.0925925925925925	middle
group_413	group_413	0.0925925925925925	middle
group_411	group_411	0.0925925925925925	middle
group_408	group_408	0.0925925925925925	middle
group_390	group_390	0.0925925925925925	middle
group_328	group_328	0.0925925925925925	middle
bppU	bppU	0.0925925925925925	middle
group_216	group_216	0.0925925925925925	middle
group_127	group_127	0.0925925925925925	middle
group_114	group_114	0.0925925925925925	middle
group_107	group_107	0.0925925925925925	middle
group_9	group_9	0.0925925925925925	middle
group_2	group_2	0.0925925925925925	middle
group_16526	group_16526	0.074074074074074	middle
group_16525	group_16525	0.074074074074074	middle
group_16523	group_16523	0.074074074074074	middle
group_16475	group_16475	0.074074074074074	middle
group_16367	group_16367	0.074074074074074	middle
group_16366	group_16366	0.074074074074074	middle
group_16340	group_16340	0.074074074074074	middle
group_16338	group_16338	0.074074074074074	middle
fkbM	fkbM	0.074074074074074	middle
group_16241	group_16241	0.074074074074074	middle
group_16236	group_16236	0.074074074074074	middle
group_16234	group_16234	0.074074074074074	middle
group_16230	group_16230	0.074074074074074	middle
group_16229	group_16229	0.074074074074074	middle
group_16228	group_16228	0.074074074074074	middle
group_16225	group_16225	0.074074074074074	middle
group_16188	group_16188	0.074074074074074	middle
group_16156	group_16156	0.074074074074074	middle
group_16138	group_16138	0.074074074074074	middle
group_16119	group_16119	0.074074074074074	middle
group_16058	group_16058	0.074074074074074	middle
group_15967	group_15967	0.074074074074074	middle
group_15948	group_15948	0.074074074074074	middle
group_15936	group_15936	0.074074074074074	middle
group_15910	group_15910	0.074074074074074	middle
group_15909	group_15909	0.074074074074074	middle
group_15904	group_15904	0.074074074074074	middle
group_15864	group_15864	0.074074074074074	middle
group_15860	group_15860	0.074074074074074	middle
group_15847	group_15847	0.074074074074074	middle
group_15837	group_15837	0.074074074074074	middle
group_15831	group_15831	0.074074074074074	middle
group_15824	group_15824	0.074074074074074	middle
group_15820	group_15820	0.074074074074074	middle
group_15813	group_15813	0.074074074074074	middle
group_15798	group_15798	0.074074074074074	middle
group_15795	group_15795	0.074074074074074	middle
group_15768	group_15768	0.074074074074074	middle
group_15755	group_15755	0.074074074074074	middle
group_15753	group_15753	0.074074074074074	middle
group_15749	group_15749	0.074074074074074	middle
group_15747	group_15747	0.074074074074074	middle
group_15731	group_15731	0.074074074074074	middle
group_15715	group_15715	0.074074074074074	middle
group_15706	group_15706	0.074074074074074	middle
group_15701	group_15701	0.074074074074074	middle
group_15700	group_15700	0.074074074074074	middle
group_15698	group_15698	0.074074074074074	middle
group_15695	group_15695	0.074074074074074	middle
group_15685	group_15685	0.074074074074074	middle
group_15653	group_15653	0.074074074074074	middle
group_15642	group_15642	0.074074074074074	middle
group_15622	group_15622	0.074074074074074	middle
group_15617	group_15617	0.074074074074074	middle
group_15582	group_15582	0.074074074074074	middle
group_15558	group_15558	0.074074074074074	middle
group_15545	group_15545	0.074074074074074	middle
group_15512	group_15512	0.074074074074074	middle
group_15506	group_15506	0.074074074074074	middle
group_15493	group_15493	0.074074074074074	middle
group_15491	group_15491	0.074074074074074	middle
group_15481	group_15481	0.074074074074074	middle
group_15472	group_15472	0.074074074074074	middle
group_15453	group_15453	0.074074074074074	middle
group_15431	group_15431	0.074074074074074	middle
group_15421	group_15421	0.074074074074074	middle
group_15393	group_15393	0.074074074074074	middle
group_15381	group_15381	0.074074074074074	middle
group_15377	group_15377	0.074074074074074	middle
group_15367	group_15367	0.074074074074074	middle
group_15313	group_15313	0.074074074074074	middle
group_15284	group_15284	0.074074074074074	middle
group_15273	group_15273	0.074074074074074	middle
group_15270	group_15270	0.074074074074074	middle
group_15268	group_15268	0.074074074074074	middle
group_15259	group_15259	0.074074074074074	middle
group_15256	group_15256	0.074074074074074	middle
group_15229	group_15229	0.074074074074074	middle
group_15225	group_15225	0.074074074074074	middle
group_15210	group_15210	0.074074074074074	middle
group_15196	group_15196	0.074074074074074	middle
group_15191	group_15191	0.074074074074074	middle
group_15166	group_15166	0.074074074074074	middle
group_15154	group_15154	0.074074074074074	middle
group_15098	group_15098	0.074074074074074	middle
group_15096	group_15096	0.074074074074074	middle
group_15084	group_15084	0.074074074074074	middle
group_15079	group_15079	0.074074074074074	middle
group_15074	group_15074	0.074074074074074	middle
group_15066	group_15066	0.074074074074074	middle
group_15047	group_15047	0.074074074074074	middle
group_15035	group_15035	0.074074074074074	middle
group_15032	group_15032	0.074074074074074	middle
group_15015	group_15015	0.074074074074074	middle
group_14997	group_14997	0.074074074074074	middle
group_14991	group_14991	0.074074074074074	middle
group_14983	group_14983	0.074074074074074	middle
group_14973	group_14973	0.074074074074074	middle
group_14958	group_14958	0.074074074074074	middle
group_14953	group_14953	0.074074074074074	middle
group_14947	group_14947	0.074074074074074	middle
group_14936	group_14936	0.074074074074074	middle
group_14931	group_14931	0.074074074074074	middle
group_14926	group_14926	0.074074074074074	middle
group_14918	group_14918	0.074074074074074	middle
group_14882	group_14882	0.074074074074074	middle
group_14872	group_14872	0.074074074074074	middle
group_14866	group_14866	0.074074074074074	middle
group_14864	group_14864	0.074074074074074	middle
group_14862	group_14862	0.074074074074074	middle
group_14857	group_14857	0.074074074074074	middle
group_14822	group_14822	0.074074074074074	middle
group_14818	group_14818	0.074074074074074	middle
group_14794	group_14794	0.074074074074074	middle
group_14740	group_14740	0.074074074074074	middle
group_14737	group_14737	0.074074074074074	middle
group_14715	group_14715	0.074074074074074	middle
group_14700	group_14700	0.074074074074074	middle
group_14696	group_14696	0.074074074074074	middle
group_14680	group_14680	0.074074074074074	middle
group_14674	group_14674	0.074074074074074	middle
group_14646	group_14646	0.074074074074074	middle
group_14627	group_14627	0.074074074074074	middle
group_14626	group_14626	0.074074074074074	middle
group_14623	group_14623	0.074074074074074	middle
group_14618	group_14618	0.074074074074074	middle
group_14616	group_14616	0.074074074074074	middle
group_14608	group_14608	0.074074074074074	middle
group_14600	group_14600	0.074074074074074	middle
group_14588	group_14588	0.074074074074074	middle
group_14587	group_14587	0.074074074074074	middle
group_14575	group_14575	0.074074074074074	middle
group_14572	group_14572	0.074074074074074	middle
group_14560	group_14560	0.074074074074074	middle
group_14539	group_14539	0.074074074074074	middle
group_14534	group_14534	0.074074074074074	middle
group_14527	group_14527	0.074074074074074	middle
group_14522	group_14522	0.074074074074074	middle
group_14503	group_14503	0.074074074074074	middle
group_14502	group_14502	0.074074074074074	middle
group_14492	group_14492	0.074074074074074	middle
group_14487	group_14487	0.074074074074074	middle
group_14470	group_14470	0.074074074074074	middle
group_14465	group_14465	0.074074074074074	middle
group_14460	group_14460	0.074074074074074	middle
group_14459	group_14459	0.074074074074074	middle
group_14458	group_14458	0.074074074074074	middle
group_14449	group_14449	0.074074074074074	middle
group_14445	group_14445	0.074074074074074	middle
group_14441	group_14441	0.074074074074074	middle
group_14419	group_14419	0.074074074074074	middle
group_14409	group_14409	0.074074074074074	middle
group_14408	group_14408	0.074074074074074	middle
group_14406	group_14406	0.074074074074074	middle
group_14404	group_14404	0.074074074074074	middle
group_14384	group_14384	0.074074074074074	middle
group_14361	group_14361	0.074074074074074	middle
group_14345	group_14345	0.074074074074074	middle
group_14342	group_14342	0.074074074074074	middle
group_14308	group_14308	0.074074074074074	middle
group_14305	group_14305	0.074074074074074	middle
group_14290	group_14290	0.074074074074074	middle
group_14283	group_14283	0.074074074074074	middle
group_14276	group_14276	0.074074074074074	middle
group_14253	group_14253	0.074074074074074	middle
group_14252	group_14252	0.074074074074074	middle
group_14243	group_14243	0.074074074074074	middle
group_14228	group_14228	0.074074074074074	middle
group_14219	group_14219	0.074074074074074	middle
group_14213	group_14213	0.074074074074074	middle
group_14212	group_14212	0.074074074074074	middle
group_14188	group_14188	0.074074074074074	middle
group_14173	group_14173	0.074074074074074	middle
group_14152	group_14152	0.074074074074074	middle
group_14148	group_14148	0.074074074074074	middle
group_14145	group_14145	0.074074074074074	middle
group_14139	group_14139	0.074074074074074	middle
group_14134	group_14134	0.074074074074074	middle
group_14130	group_14130	0.074074074074074	middle
group_14122	group_14122	0.074074074074074	middle
group_14119	group_14119	0.074074074074074	middle
group_14118	group_14118	0.074074074074074	middle
group_14113	group_14113	0.074074074074074	middle
group_14111	group_14111	0.074074074074074	middle
group_14093	group_14093	0.074074074074074	middle
group_14091	group_14091	0.074074074074074	middle
group_14087	group_14087	0.074074074074074	middle
group_14086	group_14086	0.074074074074074	middle
group_14035	group_14035	0.074074074074074	middle
group_14032	group_14032	0.074074074074074	middle
group_14020	group_14020	0.074074074074074	middle
group_14019	group_14019	0.074074074074074	middle
group_14009	group_14009	0.074074074074074	middle
group_14006	group_14006	0.074074074074074	middle
group_13991	group_13991	0.074074074074074	middle
group_13966	group_13966	0.074074074074074	middle
group_13941	group_13941	0.074074074074074	middle
group_13875	group_13875	0.074074074074074	middle
group_13869	group_13869	0.074074074074074	middle
group_13842	group_13842	0.074074074074074	middle
group_13833	group_13833	0.074074074074074	middle
group_13830	group_13830	0.074074074074074	middle
group_13799	group_13799	0.074074074074074	middle
group_13789	group_13789	0.074074074074074	middle
group_13759	group_13759	0.074074074074074	middle
group_13758	group_13758	0.074074074074074	middle
group_13738	group_13738	0.074074074074074	middle
group_13724	group_13724	0.074074074074074	middle
group_13721	group_13721	0.074074074074074	middle
group_13701	group_13701	0.074074074074074	middle
group_13681	group_13681	0.074074074074074	middle
group_13565	group_13565	0.074074074074074	middle
group_13544	group_13544	0.074074074074074	middle
group_13503	group_13503	0.074074074074074	middle
group_13502	group_13502	0.074074074074074	middle
group_13501	group_13501	0.074074074074074	middle
group_13491	group_13491	0.074074074074074	middle
group_13490	group_13490	0.074074074074074	middle
group_13461	group_13461	0.074074074074074	middle
group_13460	group_13460	0.074074074074074	middle
group_13452	group_13452	0.074074074074074	middle
group_13380	group_13380	0.074074074074074	middle
group_13358	group_13358	0.074074074074074	middle
group_13355	group_13355	0.074074074074074	middle
group_13342	group_13342	0.074074074074074	middle
group_13333	group_13333	0.074074074074074	middle
group_13328	group_13328	0.074074074074074	middle
group_13281	group_13281	0.074074074074074	middle
group_13215	group_13215	0.074074074074074	middle
group_13197	group_13197	0.074074074074074	middle
group_13185	group_13185	0.074074074074074	middle
group_13183	group_13183	0.074074074074074	middle
group_13174	group_13174	0.074074074074074	middle
group_13157	group_13157	0.074074074074074	middle
group_13150	group_13150	0.074074074074074	middle
group_13115	group_13115	0.074074074074074	middle
group_13114	group_13114	0.074074074074074	middle
group_13088	group_13088	0.074074074074074	middle
group_13082	group_13082	0.074074074074074	middle
group_13068	group_13068	0.074074074074074	middle
group_13062	group_13062	0.074074074074074	middle
group_13008	group_13008	0.074074074074074	middle
group_12999	group_12999	0.074074074074074	middle
group_12997	group_12997	0.074074074074074	middle
group_12957	group_12957	0.074074074074074	middle
group_12923	group_12923	0.074074074074074	middle
group_12917	group_12917	0.074074074074074	middle
group_12913	group_12913	0.074074074074074	middle
group_12891	group_12891	0.074074074074074	middle
group_12871	group_12871	0.074074074074074	middle
group_12870	group_12870	0.074074074074074	middle
group_12842	group_12842	0.074074074074074	middle
group_12836	group_12836	0.074074074074074	middle
group_12820	group_12820	0.074074074074074	middle
group_12801	group_12801	0.074074074074074	middle
group_12800	group_12800	0.074074074074074	middle
group_12784	group_12784	0.074074074074074	middle
group_12775	group_12775	0.074074074074074	middle
group_12768	group_12768	0.074074074074074	middle
group_12743	group_12743	0.074074074074074	middle
group_12742	group_12742	0.074074074074074	middle
group_12723	group_12723	0.074074074074074	middle
group_12693	group_12693	0.074074074074074	middle
group_12673	group_12673	0.074074074074074	middle
group_12665	group_12665	0.074074074074074	middle
group_12658	group_12658	0.074074074074074	middle
group_12647	group_12647	0.074074074074074	middle
group_12646	group_12646	0.074074074074074	middle
group_12642	group_12642	0.074074074074074	middle
group_12639	group_12639	0.074074074074074	middle
group_12622	group_12622	0.074074074074074	middle
group_12573	group_12573	0.074074074074074	middle
group_12572	group_12572	0.074074074074074	middle
group_12560	group_12560	0.074074074074074	middle
group_12559	group_12559	0.074074074074074	middle
group_12555	group_12555	0.074074074074074	middle
group_12539	group_12539	0.074074074074074	middle
group_12538	group_12538	0.074074074074074	middle
group_12532	group_12532	0.074074074074074	middle
group_12515	group_12515	0.074074074074074	middle
group_12510	group_12510	0.074074074074074	middle
group_12488	group_12488	0.074074074074074	middle
group_12483	group_12483	0.074074074074074	middle
group_12477	group_12477	0.074074074074074	middle
group_12466	group_12466	0.074074074074074	middle
group_12424	group_12424	0.074074074074074	middle
group_12423	group_12423	0.074074074074074	middle
group_12422	group_12422	0.074074074074074	middle
group_12421	group_12421	0.074074074074074	middle
group_12388	group_12388	0.074074074074074	middle
group_12376	group_12376	0.074074074074074	middle
group_12360	group_12360	0.074074074074074	middle
group_12303	group_12303	0.074074074074074	middle
group_12270	group_12270	0.074074074074074	middle
group_12266	group_12266	0.074074074074074	middle
group_12262	group_12262	0.074074074074074	middle
group_12231	group_12231	0.074074074074074	middle
group_12225	group_12225	0.074074074074074	middle
group_12216	group_12216	0.074074074074074	middle
group_12214	group_12214	0.074074074074074	middle
group_12196	group_12196	0.074074074074074	middle
group_12184	group_12184	0.074074074074074	middle
group_12148	group_12148	0.074074074074074	middle
group_12147	group_12147	0.074074074074074	middle
group_12143	group_12143	0.074074074074074	middle
group_12142	group_12142	0.074074074074074	middle
group_12138	group_12138	0.074074074074074	middle
group_12133	group_12133	0.074074074074074	middle
group_12119	group_12119	0.074074074074074	middle
group_12102	group_12102	0.074074074074074	middle
group_12100	group_12100	0.074074074074074	middle
group_12089	group_12089	0.074074074074074	middle
group_12048	group_12048	0.074074074074074	middle
group_11993	group_11993	0.074074074074074	middle
group_11990	group_11990	0.074074074074074	middle
group_11980	group_11980	0.074074074074074	middle
cdiA	cdiA	0.074074074074074	middle
group_11958	group_11958	0.074074074074074	middle
group_11949	group_11949	0.074074074074074	middle
group_11944	group_11944	0.074074074074074	middle
group_11925	group_11925	0.074074074074074	middle
group_11924	group_11924	0.074074074074074	middle
group_11916	group_11916	0.074074074074074	middle
group_11913	group_11913	0.074074074074074	middle
group_11883	group_11883	0.074074074074074	middle
group_11874	group_11874	0.074074074074074	middle
group_11812	group_11812	0.074074074074074	middle
group_11789	group_11789	0.074074074074074	middle
group_11773	group_11773	0.074074074074074	middle
group_11744	group_11744	0.074074074074074	middle
group_11734	group_11734	0.074074074074074	middle
group_11732	group_11732	0.074074074074074	middle
group_11727	group_11727	0.074074074074074	middle
group_11724	group_11724	0.074074074074074	middle
group_11705	group_11705	0.074074074074074	middle
group_11698	group_11698	0.074074074074074	middle
group_11686	group_11686	0.074074074074074	middle
group_11682	group_11682	0.074074074074074	middle
group_11667	group_11667	0.074074074074074	middle
group_11660	group_11660	0.074074074074074	middle
group_11650	group_11650	0.074074074074074	middle
group_11647	group_11647	0.074074074074074	middle
group_11643	group_11643	0.074074074074074	middle
group_11641	group_11641	0.074074074074074	middle
group_11602	group_11602	0.074074074074074	middle
group_11588	group_11588	0.074074074074074	middle
group_11584	group_11584	0.074074074074074	middle
group_11575	group_11575	0.074074074074074	middle
group_11494	group_11494	0.074074074074074	middle
group_11488	group_11488	0.074074074074074	middle
group_11456	group_11456	0.074074074074074	middle
group_11453	group_11453	0.074074074074074	middle
group_11449	group_11449	0.074074074074074	middle
group_11443	group_11443	0.074074074074074	middle
group_11440	group_11440	0.074074074074074	middle
group_11424	group_11424	0.074074074074074	middle
group_11420	group_11420	0.074074074074074	middle
group_11390	group_11390	0.074074074074074	middle
pglD	pglD	0.074074074074074	middle
group_11383	group_11383	0.074074074074074	middle
group_11343	group_11343	0.074074074074074	middle
group_11341	group_11341	0.074074074074074	middle
group_11329	group_11329	0.074074074074074	middle
group_11328	group_11328	0.074074074074074	middle
group_11326	group_11326	0.074074074074074	middle
group_11315	group_11315	0.074074074074074	middle
group_11313	group_11313	0.074074074074074	middle
group_11264	group_11264	0.074074074074074	middle
group_11260	group_11260	0.074074074074074	middle
group_11237	group_11237	0.074074074074074	middle
group_11213	group_11213	0.074074074074074	middle
acnR	acnR	0.074074074074074	middle
group_11176	group_11176	0.074074074074074	middle
group_11165	group_11165	0.074074074074074	middle
group_11164	group_11164	0.074074074074074	middle
group_11160	group_11160	0.074074074074074	middle
group_11135	group_11135	0.074074074074074	middle
group_11101	group_11101	0.074074074074074	middle
group_11084	group_11084	0.074074074074074	middle
group_11081	group_11081	0.074074074074074	middle
group_11066	group_11066	0.074074074074074	middle
group_11063	group_11063	0.074074074074074	middle
group_11021	group_11021	0.074074074074074	middle
group_11019	group_11019	0.074074074074074	middle
group_11012	group_11012	0.074074074074074	middle
group_10980	group_10980	0.074074074074074	middle
group_10952	group_10952	0.074074074074074	middle
group_10948	group_10948	0.074074074074074	middle
group_10929	group_10929	0.074074074074074	middle
group_10928	group_10928	0.074074074074074	middle
group_10900	group_10900	0.074074074074074	middle
group_10886	group_10886	0.074074074074074	middle
group_10836	group_10836	0.074074074074074	middle
group_10789	group_10789	0.074074074074074	middle
group_10774	group_10774	0.074074074074074	middle
group_10769	group_10769	0.074074074074074	middle
group_10768	group_10768	0.074074074074074	middle
group_10753	group_10753	0.074074074074074	middle
group_10750	group_10750	0.074074074074074	middle
group_10748	group_10748	0.074074074074074	middle
group_10741	group_10741	0.074074074074074	middle
group_10736	group_10736	0.074074074074074	middle
group_10734	group_10734	0.074074074074074	middle
group_10732	group_10732	0.074074074074074	middle
group_10711	group_10711	0.074074074074074	middle
group_10702	group_10702	0.074074074074074	middle
group_10696	group_10696	0.074074074074074	middle
group_10662	group_10662	0.074074074074074	middle
group_10633	group_10633	0.074074074074074	middle
ardA	ardA	0.074074074074074	middle
group_10622	group_10622	0.074074074074074	middle
group_10581	group_10581	0.074074074074074	middle
group_10575	group_10575	0.074074074074074	middle
group_10572	group_10572	0.074074074074074	middle
group_10566	group_10566	0.074074074074074	middle
group_10561	group_10561	0.074074074074074	middle
group_10526	group_10526	0.074074074074074	middle
group_10491	group_10491	0.074074074074074	middle
group_10481	group_10481	0.074074074074074	middle
group_10479	group_10479	0.074074074074074	middle
group_10478	group_10478	0.074074074074074	middle
group_10460	group_10460	0.074074074074074	middle
group_10455	group_10455	0.074074074074074	middle
group_10450	group_10450	0.074074074074074	middle
group_10428	group_10428	0.074074074074074	middle
group_10423	group_10423	0.074074074074074	middle
group_10420	group_10420	0.074074074074074	middle
group_10417	group_10417	0.074074074074074	middle
group_10411	group_10411	0.074074074074074	middle
group_10406	group_10406	0.074074074074074	middle
group_10390	group_10390	0.074074074074074	middle
group_10379	group_10379	0.074074074074074	middle
group_10370	group_10370	0.074074074074074	middle
group_10346	group_10346	0.074074074074074	middle
group_10341	group_10341	0.074074074074074	middle
group_10324	group_10324	0.074074074074074	middle
group_10320	group_10320	0.074074074074074	middle
group_10316	group_10316	0.074074074074074	middle
group_10307	group_10307	0.074074074074074	middle
group_10306	group_10306	0.074074074074074	middle
group_10297	group_10297	0.074074074074074	middle
relE	relE	0.074074074074074	middle
group_10273	group_10273	0.074074074074074	middle
group_10264	group_10264	0.074074074074074	middle
group_10256	group_10256	0.074074074074074	middle
group_10245	group_10245	0.074074074074074	middle
group_10222	group_10222	0.074074074074074	middle
group_10203	group_10203	0.074074074074074	middle
group_10198	group_10198	0.074074074074074	middle
group_10177	group_10177	0.074074074074074	middle
group_10174	group_10174	0.074074074074074	middle
group_10169	group_10169	0.074074074074074	middle
group_10112	group_10112	0.074074074074074	middle
group_10111	group_10111	0.074074074074074	middle
group_10088	group_10088	0.074074074074074	middle
group_10060	group_10060	0.074074074074074	middle
group_10059	group_10059	0.074074074074074	middle
group_10057	group_10057	0.074074074074074	middle
group_10045	group_10045	0.074074074074074	middle
group_10035	group_10035	0.074074074074074	middle
group_10024	group_10024	0.074074074074074	middle
group_10013	group_10013	0.074074074074074	middle
group_10004	group_10004	0.074074074074074	middle
group_9984	group_9984	0.074074074074074	middle
group_9977	group_9977	0.074074074074074	middle
group_9962	group_9962	0.074074074074074	middle
group_9954	group_9954	0.074074074074074	middle
group_9941	group_9941	0.074074074074074	middle
group_9938	group_9938	0.074074074074074	middle
group_9936	group_9936	0.074074074074074	middle
group_9929	group_9929	0.074074074074074	middle
group_9902	group_9902	0.074074074074074	middle
group_9887	group_9887	0.074074074074074	middle
group_9886	group_9886	0.074074074074074	middle
group_9878	group_9878	0.074074074074074	middle
group_9865	group_9865	0.074074074074074	middle
group_9864	group_9864	0.074074074074074	middle
group_9862	group_9862	0.074074074074074	middle
group_9855	group_9855	0.074074074074074	middle
group_9838	group_9838	0.074074074074074	middle
group_9836	group_9836	0.074074074074074	middle
group_9833	group_9833	0.074074074074074	middle
group_9819	group_9819	0.074074074074074	middle
group_9816	group_9816	0.074074074074074	middle
group_9780	group_9780	0.074074074074074	middle
group_9778	group_9778	0.074074074074074	middle
group_9752	group_9752	0.074074074074074	middle
group_9750	group_9750	0.074074074074074	middle
group_9728	group_9728	0.074074074074074	middle
group_9720	group_9720	0.074074074074074	middle
group_9690	group_9690	0.074074074074074	middle
group_9687	group_9687	0.074074074074074	middle
group_9645	group_9645	0.074074074074074	middle
group_9641	group_9641	0.074074074074074	middle
group_9587	group_9587	0.074074074074074	middle
group_9563	group_9563	0.074074074074074	middle
group_9561	group_9561	0.074074074074074	middle
group_9545	group_9545	0.074074074074074	middle
group_9543	group_9543	0.074074074074074	middle
group_9541	group_9541	0.074074074074074	middle
group_9533	group_9533	0.074074074074074	middle
group_9529	group_9529	0.074074074074074	middle
group_9527	group_9527	0.074074074074074	middle
group_9473	group_9473	0.074074074074074	middle
group_9465	group_9465	0.074074074074074	middle
group_9464	group_9464	0.074074074074074	middle
group_9460	group_9460	0.074074074074074	middle
group_9457	group_9457	0.074074074074074	middle
group_9454	group_9454	0.074074074074074	middle
group_9451	group_9451	0.074074074074074	middle
group_9439	group_9439	0.074074074074074	middle
group_9438	group_9438	0.074074074074074	middle
group_9434	group_9434	0.074074074074074	middle
group_9426	group_9426	0.074074074074074	middle
group_9421	group_9421	0.074074074074074	middle
group_9392	group_9392	0.074074074074074	middle
group_9364	group_9364	0.074074074074074	middle
group_9344	group_9344	0.074074074074074	middle
group_9340	group_9340	0.074074074074074	middle
group_9329	group_9329	0.074074074074074	middle
group_9308	group_9308	0.074074074074074	middle
group_9285	group_9285	0.074074074074074	middle
group_9281	group_9281	0.074074074074074	middle
group_9267	group_9267	0.074074074074074	middle
group_9231	group_9231	0.074074074074074	middle
group_9225	group_9225	0.074074074074074	middle
group_9196	group_9196	0.074074074074074	middle
group_9187	group_9187	0.074074074074074	middle
group_9155	group_9155	0.074074074074074	middle
group_9130	group_9130	0.074074074074074	middle
group_9127	group_9127	0.074074074074074	middle
group_9126	group_9126	0.074074074074074	middle
group_9105	group_9105	0.074074074074074	middle
group_9071	group_9071	0.074074074074074	middle
group_9052	group_9052	0.074074074074074	middle
group_9024	group_9024	0.074074074074074	middle
group_8996	group_8996	0.074074074074074	middle
group_8979	group_8979	0.074074074074074	middle
group_8961	group_8961	0.074074074074074	middle
group_8958	group_8958	0.074074074074074	middle
group_8953	group_8953	0.074074074074074	middle
group_8952	group_8952	0.074074074074074	middle
group_8948	group_8948	0.074074074074074	middle
group_8929	group_8929	0.074074074074074	middle
group_8910	group_8910	0.074074074074074	middle
group_8906	group_8906	0.074074074074074	middle
group_8893	group_8893	0.074074074074074	middle
group_8890	group_8890	0.074074074074074	middle
group_8864	group_8864	0.074074074074074	middle
group_8839	group_8839	0.074074074074074	middle
group_8831	group_8831	0.074074074074074	middle
group_8830	group_8830	0.074074074074074	middle
group_8818	group_8818	0.074074074074074	middle
group_8746	group_8746	0.074074074074074	middle
group_8724	group_8724	0.074074074074074	middle
group_8715	group_8715	0.074074074074074	middle
group_8691	group_8691	0.074074074074074	middle
group_8671	group_8671	0.074074074074074	middle
group_8646	group_8646	0.074074074074074	middle
group_8597	group_8597	0.074074074074074	middle
group_8596	group_8596	0.074074074074074	middle
group_8545	group_8545	0.074074074074074	middle
group_8543	group_8543	0.074074074074074	middle
group_8467	group_8467	0.074074074074074	middle
group_8463	group_8463	0.074074074074074	middle
group_8457	group_8457	0.074074074074074	middle
group_8456	group_8456	0.074074074074074	middle
group_8451	group_8451	0.074074074074074	middle
group_8408	group_8408	0.074074074074074	middle
group_8389	group_8389	0.074074074074074	middle
group_8377	group_8377	0.074074074074074	middle
group_8365	group_8365	0.074074074074074	middle
group_8352	group_8352	0.074074074074074	middle
group_8326	group_8326	0.074074074074074	middle
group_8270	group_8270	0.074074074074074	middle
group_8268	group_8268	0.074074074074074	middle
group_8247	group_8247	0.074074074074074	middle
group_8230	group_8230	0.074074074074074	middle
group_8217	group_8217	0.074074074074074	middle
group_8210	group_8210	0.074074074074074	middle
group_8192	group_8192	0.074074074074074	middle
group_8166	group_8166	0.074074074074074	middle
group_8122	group_8122	0.074074074074074	middle
group_8094	group_8094	0.074074074074074	middle
group_8065	group_8065	0.074074074074074	middle
group_8025	group_8025	0.074074074074074	middle
group_8014	group_8014	0.074074074074074	middle
group_7897	group_7897	0.074074074074074	middle
group_7889	group_7889	0.074074074074074	middle
group_7884	group_7884	0.074074074074074	middle
group_7850	group_7850	0.074074074074074	middle
group_7842	group_7842	0.074074074074074	middle
group_7827	group_7827	0.074074074074074	middle
group_7765	group_7765	0.074074074074074	middle
group_7757	group_7757	0.074074074074074	middle
group_7754	group_7754	0.074074074074074	middle
group_7749	group_7749	0.074074074074074	middle
group_7733	group_7733	0.074074074074074	middle
group_7727	group_7727	0.074074074074074	middle
group_7694	group_7694	0.074074074074074	middle
group_7693	group_7693	0.074074074074074	middle
group_7687	group_7687	0.074074074074074	middle
group_7685	group_7685	0.074074074074074	middle
group_7681	group_7681	0.074074074074074	middle
group_7680	group_7680	0.074074074074074	middle
group_7678	group_7678	0.074074074074074	middle
group_7677	group_7677	0.074074074074074	middle
group_7676	group_7676	0.074074074074074	middle
group_7674	group_7674	0.074074074074074	middle
group_7636	group_7636	0.074074074074074	middle
group_7630	group_7630	0.074074074074074	middle
group_7610	group_7610	0.074074074074074	middle
group_7583	group_7583	0.074074074074074	middle
group_7577	group_7577	0.074074074074074	middle
group_7573	group_7573	0.074074074074074	middle
group_7505	group_7505	0.074074074074074	middle
group_7453	group_7453	0.074074074074074	middle
group_7434	group_7434	0.074074074074074	middle
group_7431	group_7431	0.074074074074074	middle
group_7429	group_7429	0.074074074074074	middle
group_7407	group_7407	0.074074074074074	middle
group_7396	group_7396	0.074074074074074	middle
group_7382	group_7382	0.074074074074074	middle
group_7351	group_7351	0.074074074074074	middle
group_7350	group_7350	0.074074074074074	middle
group_7345	group_7345	0.074074074074074	middle
group_7334	group_7334	0.074074074074074	middle
group_7287	group_7287	0.074074074074074	middle
group_7276	group_7276	0.074074074074074	middle
group_7271	group_7271	0.074074074074074	middle
group_7266	group_7266	0.074074074074074	middle
group_7261	group_7261	0.074074074074074	middle
group_7260	group_7260	0.074074074074074	middle
group_7253	group_7253	0.074074074074074	middle
group_7227	group_7227	0.074074074074074	middle
group_7207	group_7207	0.074074074074074	middle
group_7205	group_7205	0.074074074074074	middle
group_7196	group_7196	0.074074074074074	middle
group_7166	group_7166	0.074074074074074	middle
group_7163	group_7163	0.074074074074074	middle
group_7142	group_7142	0.074074074074074	middle
group_7141	group_7141	0.074074074074074	middle
group_7138	group_7138	0.074074074074074	middle
group_7097	group_7097	0.074074074074074	middle
group_7095	group_7095	0.074074074074074	middle
group_7066	group_7066	0.074074074074074	middle
group_7045	group_7045	0.074074074074074	middle
group_7033	group_7033	0.074074074074074	middle
group_6998	group_6998	0.074074074074074	middle
group_6962	group_6962	0.074074074074074	middle
group_6958	group_6958	0.074074074074074	middle
group_6957	group_6957	0.074074074074074	middle
group_6932	group_6932	0.074074074074074	middle
group_6916	group_6916	0.074074074074074	middle
group_6867	group_6867	0.074074074074074	middle
group_6849	group_6849	0.074074074074074	middle
group_6837	group_6837	0.074074074074074	middle
group_6813	group_6813	0.074074074074074	middle
group_6811	group_6811	0.074074074074074	middle
group_6809	group_6809	0.074074074074074	middle
group_6786	group_6786	0.074074074074074	middle
group_6785	group_6785	0.074074074074074	middle
group_6762	group_6762	0.074074074074074	middle
group_6753	group_6753	0.074074074074074	middle
group_6744	group_6744	0.074074074074074	middle
group_6742	group_6742	0.074074074074074	middle
group_6737	group_6737	0.074074074074074	middle
group_6722	group_6722	0.074074074074074	middle
group_6715	group_6715	0.074074074074074	middle
group_6682	group_6682	0.074074074074074	middle
group_6681	group_6681	0.074074074074074	middle
group_6665	group_6665	0.074074074074074	middle
group_6645	group_6645	0.074074074074074	middle
group_6609	group_6609	0.074074074074074	middle
group_6608	group_6608	0.074074074074074	middle
group_6599	group_6599	0.074074074074074	middle
group_6588	group_6588	0.074074074074074	middle
group_6585	group_6585	0.074074074074074	middle
group_6560	group_6560	0.074074074074074	middle
group_6557	group_6557	0.074074074074074	middle
group_6517	group_6517	0.074074074074074	middle
group_6502	group_6502	0.074074074074074	middle
group_6497	group_6497	0.074074074074074	middle
traQ	traQ	0.074074074074074	middle
group_6468	group_6468	0.074074074074074	middle
group_6428	group_6428	0.074074074074074	middle
group_6396	group_6396	0.074074074074074	middle
group_6390	group_6390	0.074074074074074	middle
group_6383	group_6383	0.074074074074074	middle
group_6345	group_6345	0.074074074074074	middle
group_6340	group_6340	0.074074074074074	middle
group_6318	group_6318	0.074074074074074	middle
group_6302	group_6302	0.074074074074074	middle
group_6301	group_6301	0.074074074074074	middle
group_6277	group_6277	0.074074074074074	middle
group_6256	group_6256	0.074074074074074	middle
group_6248	group_6248	0.074074074074074	middle
group_6228	group_6228	0.074074074074074	middle
group_6222	group_6222	0.074074074074074	middle
group_6208	group_6208	0.074074074074074	middle
group_6191	group_6191	0.074074074074074	middle
jetD	jetD	0.074074074074074	middle
group_6184	group_6184	0.074074074074074	middle
group_6134	group_6134	0.074074074074074	middle
group_6108	group_6108	0.074074074074074	middle
group_6050	group_6050	0.074074074074074	middle
group_6046	group_6046	0.074074074074074	middle
group_6030	group_6030	0.074074074074074	middle
group_6017	group_6017	0.074074074074074	middle
group_6016	group_6016	0.074074074074074	middle
group_6014	group_6014	0.074074074074074	middle
group_6012	group_6012	0.074074074074074	middle
group_6011	group_6011	0.074074074074074	middle
group_5999	group_5999	0.074074074074074	middle
group_5963	group_5963	0.074074074074074	middle
group_5958	group_5958	0.074074074074074	middle
group_5956	group_5956	0.074074074074074	middle
group_5949	group_5949	0.074074074074074	middle
group_5909	group_5909	0.074074074074074	middle
group_5873	group_5873	0.074074074074074	middle
group_5840	group_5840	0.074074074074074	middle
group_5787	group_5787	0.074074074074074	middle
group_5772	group_5772	0.074074074074074	middle
group_5765	group_5765	0.074074074074074	middle
group_5758	group_5758	0.074074074074074	middle
group_5740	group_5740	0.074074074074074	middle
group_5727	group_5727	0.074074074074074	middle
group_5696	group_5696	0.074074074074074	middle
group_5686	group_5686	0.074074074074074	middle
group_5668	group_5668	0.074074074074074	middle
group_5642	group_5642	0.074074074074074	middle
group_5627	group_5627	0.074074074074074	middle
group_5616	group_5616	0.074074074074074	middle
group_5606	group_5606	0.074074074074074	middle
group_5600	group_5600	0.074074074074074	middle
group_5593	group_5593	0.074074074074074	middle
group_5576	group_5576	0.074074074074074	middle
group_5567	group_5567	0.074074074074074	middle
group_5525	group_5525	0.074074074074074	middle
group_5524	group_5524	0.074074074074074	middle
group_5517	group_5517	0.074074074074074	middle
group_5503	group_5503	0.074074074074074	middle
group_5489	group_5489	0.074074074074074	middle
group_5485	group_5485	0.074074074074074	middle
group_5482	group_5482	0.074074074074074	middle
group_5472	group_5472	0.074074074074074	middle
group_5463	group_5463	0.074074074074074	middle
group_5462	group_5462	0.074074074074074	middle
group_5454	group_5454	0.074074074074074	middle
group_5429	group_5429	0.074074074074074	middle
group_5422	group_5422	0.074074074074074	middle
degT	degT	0.074074074074074	middle
group_5359	group_5359	0.074074074074074	middle
group_5358	group_5358	0.074074074074074	middle
group_5334	group_5334	0.074074074074074	middle
group_5328	group_5328	0.074074074074074	middle
group_5318	group_5318	0.074074074074074	middle
group_5298	group_5298	0.074074074074074	middle
group_5297	group_5297	0.074074074074074	middle
group_5279	group_5279	0.074074074074074	middle
group_5247	group_5247	0.074074074074074	middle
group_5235	group_5235	0.074074074074074	middle
group_5225	group_5225	0.074074074074074	middle
group_5220	group_5220	0.074074074074074	middle
group_5205	group_5205	0.074074074074074	middle
group_5198	group_5198	0.074074074074074	middle
group_5186	group_5186	0.074074074074074	middle
group_5162	group_5162	0.074074074074074	middle
group_5160	group_5160	0.074074074074074	middle
group_5159	group_5159	0.074074074074074	middle
group_5149	group_5149	0.074074074074074	middle
group_5128	group_5128	0.074074074074074	middle
group_5126	group_5126	0.074074074074074	middle
group_5121	group_5121	0.074074074074074	middle
group_5120	group_5120	0.074074074074074	middle
group_5119	group_5119	0.074074074074074	middle
group_5109	group_5109	0.074074074074074	middle
group_5107	group_5107	0.074074074074074	middle
group_5101	group_5101	0.074074074074074	middle
group_5081	group_5081	0.074074074074074	middle
group_5046	group_5046	0.074074074074074	middle
group_5041	group_5041	0.074074074074074	middle
group_5014	group_5014	0.074074074074074	middle
group_5007	group_5007	0.074074074074074	middle
group_5003	group_5003	0.074074074074074	middle
group_4994	group_4994	0.074074074074074	middle
group_4990	group_4990	0.074074074074074	middle
group_4989	group_4989	0.074074074074074	middle
group_4981	group_4981	0.074074074074074	middle
group_4954	group_4954	0.074074074074074	middle
group_4952	group_4952	0.074074074074074	middle
group_4932	group_4932	0.074074074074074	middle
group_4919	group_4919	0.074074074074074	middle
group_4909	group_4909	0.074074074074074	middle
group_4907	group_4907	0.074074074074074	middle
group_4891	group_4891	0.074074074074074	middle
group_4868	group_4868	0.074074074074074	middle
group_4867	group_4867	0.074074074074074	middle
group_4855	group_4855	0.074074074074074	middle
group_4851	group_4851	0.074074074074074	middle
group_4850	group_4850	0.074074074074074	middle
group_4844	group_4844	0.074074074074074	middle
group_4805	group_4805	0.074074074074074	middle
group_4797	group_4797	0.074074074074074	middle
group_4792	group_4792	0.074074074074074	middle
group_4772	group_4772	0.074074074074074	middle
group_4766	group_4766	0.074074074074074	middle
group_4733	group_4733	0.074074074074074	middle
group_4732	group_4732	0.074074074074074	middle
group_4729	group_4729	0.074074074074074	middle
group_4721	group_4721	0.074074074074074	middle
group_4703	group_4703	0.074074074074074	middle
group_4646	group_4646	0.074074074074074	middle
group_4644	group_4644	0.074074074074074	middle
group_4617	group_4617	0.074074074074074	middle
group_4606	group_4606	0.074074074074074	middle
group_4604	group_4604	0.074074074074074	middle
group_4602	group_4602	0.074074074074074	middle
group_4591	group_4591	0.074074074074074	middle
group_4574	group_4574	0.074074074074074	middle
group_4573	group_4573	0.074074074074074	middle
group_4550	group_4550	0.074074074074074	middle
group_4547	group_4547	0.074074074074074	middle
group_4532	group_4532	0.074074074074074	middle
group_4515	group_4515	0.074074074074074	middle
group_4500	group_4500	0.074074074074074	middle
group_4481	group_4481	0.074074074074074	middle
group_4475	group_4475	0.074074074074074	middle
group_4470	group_4470	0.074074074074074	middle
group_4461	group_4461	0.074074074074074	middle
group_4458	group_4458	0.074074074074074	middle
group_4457	group_4457	0.074074074074074	middle
group_4424	group_4424	0.074074074074074	middle
group_4404	group_4404	0.074074074074074	middle
group_4384	group_4384	0.074074074074074	middle
group_4375	group_4375	0.074074074074074	middle
group_4357	group_4357	0.074074074074074	middle
group_4344	group_4344	0.074074074074074	middle
group_4338	group_4338	0.074074074074074	middle
group_4289	group_4289	0.074074074074074	middle
group_4281	group_4281	0.074074074074074	middle
group_4269	group_4269	0.074074074074074	middle
group_4265	group_4265	0.074074074074074	middle
group_4247	group_4247	0.074074074074074	middle
group_4246	group_4246	0.074074074074074	middle
group_4236	group_4236	0.074074074074074	middle
group_4225	group_4225	0.074074074074074	middle
group_4218	group_4218	0.074074074074074	middle
group_4190	group_4190	0.074074074074074	middle
group_4182	group_4182	0.074074074074074	middle
group_4181	group_4181	0.074074074074074	middle
group_4164	group_4164	0.074074074074074	middle
group_4163	group_4163	0.074074074074074	middle
group_4151	group_4151	0.074074074074074	middle
group_4142	group_4142	0.074074074074074	middle
group_4141	group_4141	0.074074074074074	middle
group_4140	group_4140	0.074074074074074	middle
group_4139	group_4139	0.074074074074074	middle
group_4138	group_4138	0.074074074074074	middle
group_4133	group_4133	0.074074074074074	middle
group_4131	group_4131	0.074074074074074	middle
group_4130	group_4130	0.074074074074074	middle
group_4113	group_4113	0.074074074074074	middle
group_4109	group_4109	0.074074074074074	middle
group_4107	group_4107	0.074074074074074	middle
group_4065	group_4065	0.074074074074074	middle
group_4059	group_4059	0.074074074074074	middle
group_4057	group_4057	0.074074074074074	middle
group_4051	group_4051	0.074074074074074	middle
group_4046	group_4046	0.074074074074074	middle
group_4044	group_4044	0.074074074074074	middle
group_4030	group_4030	0.074074074074074	middle
group_4027	group_4027	0.074074074074074	middle
group_4004	group_4004	0.074074074074074	middle
group_3997	group_3997	0.074074074074074	middle
group_3988	group_3988	0.074074074074074	middle
irrE	irrE	0.074074074074074	middle
group_3974	group_3974	0.074074074074074	middle
group_3968	group_3968	0.074074074074074	middle
group_3964	group_3964	0.074074074074074	middle
group_3943	group_3943	0.074074074074074	middle
group_3937	group_3937	0.074074074074074	middle
group_3934	group_3934	0.074074074074074	middle
group_3926	group_3926	0.074074074074074	middle
group_3893	group_3893	0.074074074074074	middle
group_3874	group_3874	0.074074074074074	middle
group_3868	group_3868	0.074074074074074	middle
group_3861	group_3861	0.074074074074074	middle
group_3860	group_3860	0.074074074074074	middle
group_3856	group_3856	0.074074074074074	middle
group_3846	group_3846	0.074074074074074	middle
group_3845	group_3845	0.074074074074074	middle
group_3820	group_3820	0.074074074074074	middle
group_3803	group_3803	0.074074074074074	middle
group_3769	group_3769	0.074074074074074	middle
group_3765	group_3765	0.074074074074074	middle
group_3717	group_3717	0.074074074074074	middle
group_3712	group_3712	0.074074074074074	middle
group_3693	group_3693	0.074074074074074	middle
group_3682	group_3682	0.074074074074074	middle
group_3664	group_3664	0.074074074074074	middle
group_3660	group_3660	0.074074074074074	middle
group_3656	group_3656	0.074074074074074	middle
group_3614	group_3614	0.074074074074074	middle
group_3600	group_3600	0.074074074074074	middle
group_3577	group_3577	0.074074074074074	middle
group_3576	group_3576	0.074074074074074	middle
group_3564	group_3564	0.074074074074074	middle
group_3555	group_3555	0.074074074074074	middle
group_3536	group_3536	0.074074074074074	middle
group_3514	group_3514	0.074074074074074	middle
group_3503	group_3503	0.074074074074074	middle
tuaD	tuaD	0.074074074074074	middle
wbuB	wbuB	0.074074074074074	middle
group_3466	group_3466	0.074074074074074	middle
group_3458	group_3458	0.074074074074074	middle
group_3455	group_3455	0.074074074074074	middle
group_3416	group_3416	0.074074074074074	middle
group_3406	group_3406	0.074074074074074	middle
group_3353	group_3353	0.074074074074074	middle
group_3329	group_3329	0.074074074074074	middle
group_3327	group_3327	0.074074074074074	middle
group_3315	group_3315	0.074074074074074	middle
group_3311	group_3311	0.074074074074074	middle
group_3309	group_3309	0.074074074074074	middle
group_3305	group_3305	0.074074074074074	middle
group_3290	group_3290	0.074074074074074	middle
group_3286	group_3286	0.074074074074074	middle
group_3285	group_3285	0.074074074074074	middle
group_3259	group_3259	0.074074074074074	middle
group_3238	group_3238	0.074074074074074	middle
group_3235	group_3235	0.074074074074074	middle
group_3176	group_3176	0.074074074074074	middle
group_3171	group_3171	0.074074074074074	middle
group_3153	group_3153	0.074074074074074	middle
group_3146	group_3146	0.074074074074074	middle
group_3132	group_3132	0.074074074074074	middle
group_3120	group_3120	0.074074074074074	middle
group_3119	group_3119	0.074074074074074	middle
group_3118	group_3118	0.074074074074074	middle
group_3117	group_3117	0.074074074074074	middle
group_3011	group_3011	0.074074074074074	middle
group_3001	group_3001	0.074074074074074	middle
group_2998	group_2998	0.074074074074074	middle
group_2992	group_2992	0.074074074074074	middle
group_2974	group_2974	0.074074074074074	middle
group_2969	group_2969	0.074074074074074	middle
group_2967	group_2967	0.074074074074074	middle
group_2963	group_2963	0.074074074074074	middle
group_2961	group_2961	0.074074074074074	middle
group_2957	group_2957	0.074074074074074	middle
group_2953	group_2953	0.074074074074074	middle
group_2944	group_2944	0.074074074074074	middle
group_2933	group_2933	0.074074074074074	middle
group_2911	group_2911	0.074074074074074	middle
cfxA	cfxA	0.074074074074074	middle
group_2908	group_2908	0.074074074074074	middle
group_2907	group_2907	0.074074074074074	middle
group_2877	group_2877	0.074074074074074	middle
group_2874	group_2874	0.074074074074074	middle
group_2873	group_2873	0.074074074074074	middle
group_2868	group_2868	0.074074074074074	middle
group_2861	group_2861	0.074074074074074	middle
group_2858	group_2858	0.074074074074074	middle
group_2832	group_2832	0.074074074074074	middle
group_2831	group_2831	0.074074074074074	middle
group_2828	group_2828	0.074074074074074	middle
group_2827	group_2827	0.074074074074074	middle
group_2826	group_2826	0.074074074074074	middle
group_2825	group_2825	0.074074074074074	middle
group_2762	group_2762	0.074074074074074	middle
group_2760	group_2760	0.074074074074074	middle
group_2740	group_2740	0.074074074074074	middle
group_2733	group_2733	0.074074074074074	middle
group_2730	group_2730	0.074074074074074	middle
group_2728	group_2728	0.074074074074074	middle
group_2722	group_2722	0.074074074074074	middle
group_2721	group_2721	0.074074074074074	middle
group_2700	group_2700	0.074074074074074	middle
group_2688	group_2688	0.074074074074074	middle
group_2650	group_2650	0.074074074074074	middle
group_2519	group_2519	0.074074074074074	middle
group_2487	group_2487	0.074074074074074	middle
group_2433	group_2433	0.074074074074074	middle
group_2430	group_2430	0.074074074074074	middle
group_2428	group_2428	0.074074074074074	middle
rhuM	rhuM	0.074074074074074	middle
group_2426	group_2426	0.074074074074074	middle
group_2422	group_2422	0.074074074074074	middle
group_2420	group_2420	0.074074074074074	middle
group_2407	group_2407	0.074074074074074	middle
group_2397	group_2397	0.074074074074074	middle
group_2384	group_2384	0.074074074074074	middle
group_2307	group_2307	0.074074074074074	middle
group_2287	group_2287	0.074074074074074	middle
group_2250	group_2250	0.074074074074074	middle
group_2247	group_2247	0.074074074074074	middle
group_2244	group_2244	0.074074074074074	middle
group_2232	group_2232	0.074074074074074	middle
group_2228	group_2228	0.074074074074074	middle
group_2192	group_2192	0.074074074074074	middle
group_2180	group_2180	0.074074074074074	middle
group_2176	group_2176	0.074074074074074	middle
group_2143	group_2143	0.074074074074074	middle
group_2141	group_2141	0.074074074074074	middle
group_2129	group_2129	0.074074074074074	middle
group_2128	group_2128	0.074074074074074	middle
group_2127	group_2127	0.074074074074074	middle
group_2098	group_2098	0.074074074074074	middle
group_2094	group_2094	0.074074074074074	middle
group_2091	group_2091	0.074074074074074	middle
group_2056	group_2056	0.074074074074074	middle
group_2049	group_2049	0.074074074074074	middle
group_2043	group_2043	0.074074074074074	middle
group_2042	group_2042	0.074074074074074	middle
group_1997	group_1997	0.074074074074074	middle
group_1987	group_1987	0.074074074074074	middle
queC	queC	0.074074074074074	middle
group_1971	group_1971	0.074074074074074	middle
group_1962	group_1962	0.074074074074074	middle
group_1959	group_1959	0.074074074074074	middle
group_1952	group_1952	0.074074074074074	middle
group_1934	group_1934	0.074074074074074	middle
group_1905	group_1905	0.074074074074074	middle
group_1858	group_1858	0.074074074074074	middle
group_1849	group_1849	0.074074074074074	middle
group_1848	group_1848	0.074074074074074	middle
group_1830	group_1830	0.074074074074074	middle
group_1794	group_1794	0.074074074074074	middle
group_1791	group_1791	0.074074074074074	middle
group_1779	group_1779	0.074074074074074	middle
group_1777	group_1777	0.074074074074074	middle
group_1742	group_1742	0.074074074074074	middle
group_1718	group_1718	0.074074074074074	middle
group_1696	group_1696	0.074074074074074	middle
group_1678	group_1678	0.074074074074074	middle
group_1672	group_1672	0.074074074074074	middle
group_1658	group_1658	0.074074074074074	middle
group_1652	group_1652	0.074074074074074	middle
group_1642	group_1642	0.074074074074074	middle
group_1636	group_1636	0.074074074074074	middle
group_1615	group_1615	0.074074074074074	middle
group_1605	group_1605	0.074074074074074	middle
group_1604	group_1604	0.074074074074074	middle
group_1597	group_1597	0.074074074074074	middle
group_1584	group_1584	0.074074074074074	middle
group_1577	group_1577	0.074074074074074	middle
group_1574	group_1574	0.074074074074074	middle
group_1518	group_1518	0.074074074074074	middle
group_1512	group_1512	0.074074074074074	middle
group_1494	group_1494	0.074074074074074	middle
group_1428	group_1428	0.074074074074074	middle
group_1401	group_1401	0.074074074074074	middle
group_1377	group_1377	0.074074074074074	middle
group_1359	group_1359	0.074074074074074	middle
group_1352	group_1352	0.074074074074074	middle
group_1349	group_1349	0.074074074074074	middle
group_1326	group_1326	0.074074074074074	middle
group_1309	group_1309	0.074074074074074	middle
group_1280	group_1280	0.074074074074074	middle
group_1261	group_1261	0.074074074074074	middle
group_1247	group_1247	0.074074074074074	middle
group_1245	group_1245	0.074074074074074	middle
group_1230	group_1230	0.074074074074074	middle
group_1221	group_1221	0.074074074074074	middle
group_1217	group_1217	0.074074074074074	middle
virE	virE	0.074074074074074	middle
group_1188	group_1188	0.074074074074074	middle
group_1162	group_1162	0.074074074074074	middle
group_1147	group_1147	0.074074074074074	middle
group_1114	group_1114	0.074074074074074	middle
group_1108	group_1108	0.074074074074074	middle
group_1105	group_1105	0.074074074074074	middle
group_1095	group_1095	0.074074074074074	middle
group_1052	group_1052	0.074074074074074	middle
group_1049	group_1049	0.074074074074074	middle
group_1046	group_1046	0.074074074074074	middle
group_1032	group_1032	0.074074074074074	middle
group_1003	group_1003	0.074074074074074	middle
group_988	group_988	0.074074074074074	middle
group_985	group_985	0.074074074074074	middle
group_981	group_981	0.074074074074074	middle
group_979	group_979	0.074074074074074	middle
group_977	group_977	0.074074074074074	middle
group_969	group_969	0.074074074074074	middle
group_951	group_951	0.074074074074074	middle
group_937	group_937	0.074074074074074	middle
group_914	group_914	0.074074074074074	middle
group_913	group_913	0.074074074074074	middle
group_912	group_912	0.074074074074074	middle
group_859	group_859	0.074074074074074	middle
group_855	group_855	0.074074074074074	middle
group_826	group_826	0.074074074074074	middle
group_819	group_819	0.074074074074074	middle
group_786	group_786	0.074074074074074	middle
group_781	group_781	0.074074074074074	middle
group_759	group_759	0.074074074074074	middle
group_743	group_743	0.074074074074074	middle
group_689	group_689	0.074074074074074	middle
group_684	group_684	0.074074074074074	middle
group_633	group_633	0.074074074074074	middle
group_617	group_617	0.074074074074074	middle
group_595	group_595	0.074074074074074	middle
group_569	group_569	0.074074074074074	middle
group_567	group_567	0.074074074074074	middle
group_565	group_565	0.074074074074074	middle
group_559	group_559	0.074074074074074	middle
group_546	group_546	0.074074074074074	middle
group_530	group_530	0.074074074074074	middle
group_526	group_526	0.074074074074074	middle
group_524	group_524	0.074074074074074	middle
group_516	group_516	0.074074074074074	middle
group_506	group_506	0.074074074074074	middle
group_484	group_484	0.074074074074074	middle
group_461	group_461	0.074074074074074	middle
group_457	group_457	0.074074074074074	middle
group_449	group_449	0.074074074074074	middle
group_431	group_431	0.074074074074074	middle
group_400	group_400	0.074074074074074	middle
group_394	group_394	0.074074074074074	middle
group_393	group_393	0.074074074074074	middle
group_392	group_392	0.074074074074074	middle
group_362	group_362	0.074074074074074	middle
group_360	group_360	0.074074074074074	middle
group_340	group_340	0.074074074074074	middle
group_331	group_331	0.074074074074074	middle
group_314	group_314	0.074074074074074	middle
group_305	group_305	0.074074074074074	middle
group_301	group_301	0.074074074074074	middle
group_300	group_300	0.074074074074074	middle
group_292	group_292	0.074074074074074	middle
group_239	group_239	0.074074074074074	middle
group_238	group_238	0.074074074074074	middle
acrB	acrB	0.074074074074074	middle
group_215	group_215	0.074074074074074	middle
group_208	group_208	0.074074074074074	middle
group_201	group_201	0.074074074074074	middle
group_185	group_185	0.074074074074074	middle
group_182	group_182	0.074074074074074	middle
group_177	group_177	0.074074074074074	middle
group_170	group_170	0.074074074074074	middle
group_168	group_168	0.074074074074074	middle
group_162	group_162	0.074074074074074	middle
mukB	mukB	0.074074074074074	middle
group_159	group_159	0.074074074074074	middle
group_149	group_149	0.074074074074074	middle
yqhH	yqhH	0.074074074074074	middle
traM	traM	0.074074074074074	middle
group_117	group_117	0.074074074074074	middle
group_115	group_115	0.074074074074074	middle
group_92	group_92	0.074074074074074	middle
group_87	group_87	0.074074074074074	middle
group_77	group_77	0.074074074074074	middle
group_75	group_75	0.074074074074074	middle
group_70	group_70	0.074074074074074	middle
group_68	group_68	0.074074074074074	middle
group_63	group_63	0.074074074074074	middle
group_60	group_60	0.074074074074074	middle
group_47	group_47	0.074074074074074	middle
group_41	group_41	0.074074074074074	middle
group_23	group_23	0.074074074074074	middle
group_5	group_5	0.074074074074074	middle
group_16473	group_16473	0.0555555555555555	middle
group_16470	group_16470	0.0555555555555555	middle
group_16461	group_16461	0.0555555555555555	middle
group_16424	group_16424	0.0555555555555555	middle
group_16393	group_16393	0.0555555555555555	middle
group_16364	group_16364	0.0555555555555555	middle
group_16330	group_16330	0.0555555555555555	middle
group_16264	group_16264	0.0555555555555555	middle
group_16231	group_16231	0.0555555555555555	middle
group_16223	group_16223	0.0555555555555555	middle
group_16221	group_16221	0.0555555555555555	middle
group_16220	group_16220	0.0555555555555555	middle
group_16202	group_16202	0.0555555555555555	middle
group_16113	group_16113	0.0555555555555555	middle
group_16109	group_16109	0.0555555555555555	middle
group_16108	group_16108	0.0555555555555555	middle
group_16107	group_16107	0.0555555555555555	middle
group_16105	group_16105	0.0555555555555555	middle
group_16104	group_16104	0.0555555555555555	middle
group_16103	group_16103	0.0555555555555555	middle
group_16102	group_16102	0.0555555555555555	middle
group_16100	group_16100	0.0555555555555555	middle
group_16097	group_16097	0.0555555555555555	middle
group_16095	group_16095	0.0555555555555555	middle
group_16093	group_16093	0.0555555555555555	middle
group_16091	group_16091	0.0555555555555555	middle
group_16090	group_16090	0.0555555555555555	middle
group_16086	group_16086	0.0555555555555555	middle
group_16085	group_16085	0.0555555555555555	middle
group_16084	group_16084	0.0555555555555555	middle
group_16083	group_16083	0.0555555555555555	middle
group_16082	group_16082	0.0555555555555555	middle
group_16072	group_16072	0.0555555555555555	middle
group_16071	group_16071	0.0555555555555555	middle
group_16068	group_16068	0.0555555555555555	middle
group_16067	group_16067	0.0555555555555555	middle
group_16061	group_16061	0.0555555555555555	middle
group_16060	group_16060	0.0555555555555555	middle
group_16059	group_16059	0.0555555555555555	middle
group_16052	group_16052	0.0555555555555555	middle
group_16049	group_16049	0.0555555555555555	middle
group_16047	group_16047	0.0555555555555555	middle
group_16041	group_16041	0.0555555555555555	middle
group_15991	group_15991	0.0555555555555555	middle
group_15974	group_15974	0.0555555555555555	middle
group_15959	group_15959	0.0555555555555555	middle
group_15958	group_15958	0.0555555555555555	middle
group_15957	group_15957	0.0555555555555555	middle
group_15956	group_15956	0.0555555555555555	middle
group_15939	group_15939	0.0555555555555555	middle
group_15922	group_15922	0.0555555555555555	middle
group_15919	group_15919	0.0555555555555555	middle
group_15918	group_15918	0.0555555555555555	middle
group_15915	group_15915	0.0555555555555555	middle
group_15887	group_15887	0.0555555555555555	middle
group_15877	group_15877	0.0555555555555555	middle
group_15876	group_15876	0.0555555555555555	middle
group_15875	group_15875	0.0555555555555555	middle
group_15867	group_15867	0.0555555555555555	middle
group_15862	group_15862	0.0555555555555555	middle
group_15842	group_15842	0.0555555555555555	middle
group_15841	group_15841	0.0555555555555555	middle
group_15839	group_15839	0.0555555555555555	middle
group_15832	group_15832	0.0555555555555555	middle
group_15823	group_15823	0.0555555555555555	middle
group_15809	group_15809	0.0555555555555555	middle
group_15803	group_15803	0.0555555555555555	middle
group_15799	group_15799	0.0555555555555555	middle
group_15779	group_15779	0.0555555555555555	middle
group_15777	group_15777	0.0555555555555555	middle
group_15772	group_15772	0.0555555555555555	middle
group_15769	group_15769	0.0555555555555555	middle
group_15767	group_15767	0.0555555555555555	middle
group_15766	group_15766	0.0555555555555555	middle
group_15765	group_15765	0.0555555555555555	middle
group_15757	group_15757	0.0555555555555555	middle
group_15746	group_15746	0.0555555555555555	middle
group_15741	group_15741	0.0555555555555555	middle
group_15740	group_15740	0.0555555555555555	middle
group_15739	group_15739	0.0555555555555555	middle
group_15723	group_15723	0.0555555555555555	middle
group_15718	group_15718	0.0555555555555555	middle
group_15708	group_15708	0.0555555555555555	middle
group_15687	group_15687	0.0555555555555555	middle
group_15682	group_15682	0.0555555555555555	middle
group_15662	group_15662	0.0555555555555555	middle
group_15650	group_15650	0.0555555555555555	middle
group_15636	group_15636	0.0555555555555555	middle
group_15635	group_15635	0.0555555555555555	middle
group_15627	group_15627	0.0555555555555555	middle
group_15603	group_15603	0.0555555555555555	middle
group_15601	group_15601	0.0555555555555555	middle
group_15600	group_15600	0.0555555555555555	middle
group_15590	group_15590	0.0555555555555555	middle
group_15586	group_15586	0.0555555555555555	middle
group_15571	group_15571	0.0555555555555555	middle
group_15566	group_15566	0.0555555555555555	middle
group_15565	group_15565	0.0555555555555555	middle
group_15548	group_15548	0.0555555555555555	middle
group_15547	group_15547	0.0555555555555555	middle
group_15539	group_15539	0.0555555555555555	middle
group_15532	group_15532	0.0555555555555555	middle
group_15524	group_15524	0.0555555555555555	middle
group_15519	group_15519	0.0555555555555555	middle
group_15504	group_15504	0.0555555555555555	middle
group_15485	group_15485	0.0555555555555555	middle
group_15483	group_15483	0.0555555555555555	middle
group_15476	group_15476	0.0555555555555555	middle
group_15469	group_15469	0.0555555555555555	middle
group_15452	group_15452	0.0555555555555555	middle
group_15434	group_15434	0.0555555555555555	middle
group_15433	group_15433	0.0555555555555555	middle
group_15432	group_15432	0.0555555555555555	middle
group_15419	group_15419	0.0555555555555555	middle
group_15410	group_15410	0.0555555555555555	middle
group_15408	group_15408	0.0555555555555555	middle
group_15397	group_15397	0.0555555555555555	middle
group_15386	group_15386	0.0555555555555555	middle
group_15382	group_15382	0.0555555555555555	middle
group_15353	group_15353	0.0555555555555555	middle
group_15352	group_15352	0.0555555555555555	middle
group_15335	group_15335	0.0555555555555555	middle
group_15334	group_15334	0.0555555555555555	middle
group_15333	group_15333	0.0555555555555555	middle
group_15304	group_15304	0.0555555555555555	middle
group_15299	group_15299	0.0555555555555555	middle
group_15298	group_15298	0.0555555555555555	middle
group_15297	group_15297	0.0555555555555555	middle
group_15294	group_15294	0.0555555555555555	middle
group_15293	group_15293	0.0555555555555555	middle
group_15282	group_15282	0.0555555555555555	middle
group_15280	group_15280	0.0555555555555555	middle
group_15271	group_15271	0.0555555555555555	middle
group_15232	group_15232	0.0555555555555555	middle
group_15231	group_15231	0.0555555555555555	middle
group_15230	group_15230	0.0555555555555555	middle
group_15228	group_15228	0.0555555555555555	middle
group_15197	group_15197	0.0555555555555555	middle
group_15186	group_15186	0.0555555555555555	middle
group_15185	group_15185	0.0555555555555555	middle
group_15181	group_15181	0.0555555555555555	middle
group_15170	group_15170	0.0555555555555555	middle
group_15159	group_15159	0.0555555555555555	middle
group_15156	group_15156	0.0555555555555555	middle
group_15155	group_15155	0.0555555555555555	middle
group_15146	group_15146	0.0555555555555555	middle
group_15141	group_15141	0.0555555555555555	middle
group_15137	group_15137	0.0555555555555555	middle
group_15136	group_15136	0.0555555555555555	middle
group_15124	group_15124	0.0555555555555555	middle
group_15122	group_15122	0.0555555555555555	middle
group_15113	group_15113	0.0555555555555555	middle
group_15099	group_15099	0.0555555555555555	middle
group_15070	group_15070	0.0555555555555555	middle
group_15069	group_15069	0.0555555555555555	middle
group_15061	group_15061	0.0555555555555555	middle
group_15059	group_15059	0.0555555555555555	middle
group_15034	group_15034	0.0555555555555555	middle
group_15033	group_15033	0.0555555555555555	middle
group_15019	group_15019	0.0555555555555555	middle
group_15017	group_15017	0.0555555555555555	middle
group_15002	group_15002	0.0555555555555555	middle
group_14996	group_14996	0.0555555555555555	middle
group_14995	group_14995	0.0555555555555555	middle
group_14984	group_14984	0.0555555555555555	middle
group_14952	group_14952	0.0555555555555555	middle
group_14914	group_14914	0.0555555555555555	middle
group_14907	group_14907	0.0555555555555555	middle
group_14906	group_14906	0.0555555555555555	middle
group_14893	group_14893	0.0555555555555555	middle
group_14885	group_14885	0.0555555555555555	middle
group_14858	group_14858	0.0555555555555555	middle
group_14847	group_14847	0.0555555555555555	middle
group_14839	group_14839	0.0555555555555555	middle
group_14835	group_14835	0.0555555555555555	middle
group_14834	group_14834	0.0555555555555555	middle
group_14815	group_14815	0.0555555555555555	middle
group_14805	group_14805	0.0555555555555555	middle
group_14804	group_14804	0.0555555555555555	middle
group_14803	group_14803	0.0555555555555555	middle
group_14790	group_14790	0.0555555555555555	middle
group_14786	group_14786	0.0555555555555555	middle
group_14755	group_14755	0.0555555555555555	middle
group_14748	group_14748	0.0555555555555555	middle
group_14731	group_14731	0.0555555555555555	middle
group_14714	group_14714	0.0555555555555555	middle
group_14713	group_14713	0.0555555555555555	middle
group_14702	group_14702	0.0555555555555555	middle
group_14692	group_14692	0.0555555555555555	middle
group_14679	group_14679	0.0555555555555555	middle
group_14678	group_14678	0.0555555555555555	middle
group_14677	group_14677	0.0555555555555555	middle
group_14661	group_14661	0.0555555555555555	middle
group_14658	group_14658	0.0555555555555555	middle
group_14631	group_14631	0.0555555555555555	middle
group_14630	group_14630	0.0555555555555555	middle
group_14610	group_14610	0.0555555555555555	middle
group_14596	group_14596	0.0555555555555555	middle
group_14595	group_14595	0.0555555555555555	middle
group_14594	group_14594	0.0555555555555555	middle
group_14593	group_14593	0.0555555555555555	middle
group_14568	group_14568	0.0555555555555555	middle
group_14559	group_14559	0.0555555555555555	middle
group_14557	group_14557	0.0555555555555555	middle
group_14552	group_14552	0.0555555555555555	middle
group_14532	group_14532	0.0555555555555555	middle
group_14530	group_14530	0.0555555555555555	middle
group_14509	group_14509	0.0555555555555555	middle
group_14508	group_14508	0.0555555555555555	middle
group_14507	group_14507	0.0555555555555555	middle
group_14506	group_14506	0.0555555555555555	middle
group_14499	group_14499	0.0555555555555555	middle
group_14472	group_14472	0.0555555555555555	middle
group_14471	group_14471	0.0555555555555555	middle
group_14464	group_14464	0.0555555555555555	middle
group_14463	group_14463	0.0555555555555555	middle
group_14462	group_14462	0.0555555555555555	middle
group_14450	group_14450	0.0555555555555555	middle
group_14447	group_14447	0.0555555555555555	middle
group_14439	group_14439	0.0555555555555555	middle
group_14428	group_14428	0.0555555555555555	middle
group_14426	group_14426	0.0555555555555555	middle
group_14425	group_14425	0.0555555555555555	middle
group_14414	group_14414	0.0555555555555555	middle
group_14395	group_14395	0.0555555555555555	middle
group_14387	group_14387	0.0555555555555555	middle
group_14382	group_14382	0.0555555555555555	middle
group_14377	group_14377	0.0555555555555555	middle
group_14371	group_14371	0.0555555555555555	middle
group_14350	group_14350	0.0555555555555555	middle
group_14349	group_14349	0.0555555555555555	middle
group_14348	group_14348	0.0555555555555555	middle
group_14347	group_14347	0.0555555555555555	middle
group_14318	group_14318	0.0555555555555555	middle
group_14315	group_14315	0.0555555555555555	middle
group_14302	group_14302	0.0555555555555555	middle
group_14263	group_14263	0.0555555555555555	middle
group_14262	group_14262	0.0555555555555555	middle
group_14261	group_14261	0.0555555555555555	middle
group_14245	group_14245	0.0555555555555555	middle
group_14224	group_14224	0.0555555555555555	middle
group_14223	group_14223	0.0555555555555555	middle
group_14215	group_14215	0.0555555555555555	middle
group_14210	group_14210	0.0555555555555555	middle
group_14202	group_14202	0.0555555555555555	middle
group_14201	group_14201	0.0555555555555555	middle
group_14200	group_14200	0.0555555555555555	middle
group_14196	group_14196	0.0555555555555555	middle
group_14191	group_14191	0.0555555555555555	middle
group_14190	group_14190	0.0555555555555555	middle
group_14174	group_14174	0.0555555555555555	middle
group_14172	group_14172	0.0555555555555555	middle
group_14162	group_14162	0.0555555555555555	middle
group_14157	group_14157	0.0555555555555555	middle
group_14156	group_14156	0.0555555555555555	middle
group_14133	group_14133	0.0555555555555555	middle
group_14132	group_14132	0.0555555555555555	middle
group_14117	group_14117	0.0555555555555555	middle
group_14099	group_14099	0.0555555555555555	middle
group_14088	group_14088	0.0555555555555555	middle
group_14079	group_14079	0.0555555555555555	middle
group_14071	group_14071	0.0555555555555555	middle
group_14068	group_14068	0.0555555555555555	middle
group_14067	group_14067	0.0555555555555555	middle
group_14066	group_14066	0.0555555555555555	middle
group_14057	group_14057	0.0555555555555555	middle
group_14056	group_14056	0.0555555555555555	middle
group_14055	group_14055	0.0555555555555555	middle
group_14039	group_14039	0.0555555555555555	middle
group_14038	group_14038	0.0555555555555555	middle
group_14037	group_14037	0.0555555555555555	middle
group_14023	group_14023	0.0555555555555555	middle
group_14018	group_14018	0.0555555555555555	middle
group_13998	group_13998	0.0555555555555555	middle
group_13985	group_13985	0.0555555555555555	middle
group_13984	group_13984	0.0555555555555555	middle
group_13983	group_13983	0.0555555555555555	middle
group_13961	group_13961	0.0555555555555555	middle
group_13952	group_13952	0.0555555555555555	middle
group_13951	group_13951	0.0555555555555555	middle
group_13950	group_13950	0.0555555555555555	middle
group_13949	group_13949	0.0555555555555555	middle
group_13933	group_13933	0.0555555555555555	middle
group_13917	group_13917	0.0555555555555555	middle
group_13916	group_13916	0.0555555555555555	middle
group_13915	group_13915	0.0555555555555555	middle
group_13914	group_13914	0.0555555555555555	middle
group_13907	group_13907	0.0555555555555555	middle
group_13901	group_13901	0.0555555555555555	middle
group_13895	group_13895	0.0555555555555555	middle
group_13891	group_13891	0.0555555555555555	middle
group_13871	group_13871	0.0555555555555555	middle
group_13862	group_13862	0.0555555555555555	middle
group_13854	group_13854	0.0555555555555555	middle
group_13847	group_13847	0.0555555555555555	middle
group_13846	group_13846	0.0555555555555555	middle
group_13835	group_13835	0.0555555555555555	middle
group_13831	group_13831	0.0555555555555555	middle
group_13828	group_13828	0.0555555555555555	middle
group_13809	group_13809	0.0555555555555555	middle
group_13808	group_13808	0.0555555555555555	middle
group_13807	group_13807	0.0555555555555555	middle
group_13806	group_13806	0.0555555555555555	middle
group_13804	group_13804	0.0555555555555555	middle
group_13791	group_13791	0.0555555555555555	middle
group_13785	group_13785	0.0555555555555555	middle
group_13770	group_13770	0.0555555555555555	middle
group_13769	group_13769	0.0555555555555555	middle
group_13768	group_13768	0.0555555555555555	middle
group_13741	group_13741	0.0555555555555555	middle
group_13737	group_13737	0.0555555555555555	middle
group_13736	group_13736	0.0555555555555555	middle
group_13735	group_13735	0.0555555555555555	middle
group_13728	group_13728	0.0555555555555555	middle
group_13725	group_13725	0.0555555555555555	middle
group_13704	group_13704	0.0555555555555555	middle
group_13703	group_13703	0.0555555555555555	middle
group_13702	group_13702	0.0555555555555555	middle
group_13693	group_13693	0.0555555555555555	middle
group_13691	group_13691	0.0555555555555555	middle
group_13690	group_13690	0.0555555555555555	middle
group_13684	group_13684	0.0555555555555555	middle
group_13680	group_13680	0.0555555555555555	middle
group_13679	group_13679	0.0555555555555555	middle
group_13668	group_13668	0.0555555555555555	middle
group_13657	group_13657	0.0555555555555555	middle
group_13638	group_13638	0.0555555555555555	middle
group_13630	group_13630	0.0555555555555555	middle
group_13622	group_13622	0.0555555555555555	middle
group_13614	group_13614	0.0555555555555555	middle
group_13612	group_13612	0.0555555555555555	middle
group_13600	group_13600	0.0555555555555555	middle
group_13595	group_13595	0.0555555555555555	middle
group_13594	group_13594	0.0555555555555555	middle
group_13593	group_13593	0.0555555555555555	middle
group_13567	group_13567	0.0555555555555555	middle
group_13547	group_13547	0.0555555555555555	middle
group_13546	group_13546	0.0555555555555555	middle
group_13526	group_13526	0.0555555555555555	middle
group_13482	group_13482	0.0555555555555555	middle
group_13467	group_13467	0.0555555555555555	middle
group_13464	group_13464	0.0555555555555555	middle
group_13463	group_13463	0.0555555555555555	middle
group_13455	group_13455	0.0555555555555555	middle
group_13438	group_13438	0.0555555555555555	middle
group_13429	group_13429	0.0555555555555555	middle
group_13403	group_13403	0.0555555555555555	middle
group_13395	group_13395	0.0555555555555555	middle
group_13388	group_13388	0.0555555555555555	middle
group_13373	group_13373	0.0555555555555555	middle
group_13367	group_13367	0.0555555555555555	middle
group_13349	group_13349	0.0555555555555555	middle
group_13348	group_13348	0.0555555555555555	middle
group_13337	group_13337	0.0555555555555555	middle
group_13327	group_13327	0.0555555555555555	middle
group_13315	group_13315	0.0555555555555555	middle
group_13314	group_13314	0.0555555555555555	middle
group_13289	group_13289	0.0555555555555555	middle
group_13270	group_13270	0.0555555555555555	middle
group_13269	group_13269	0.0555555555555555	middle
group_13267	group_13267	0.0555555555555555	middle
group_13266	group_13266	0.0555555555555555	middle
group_13252	group_13252	0.0555555555555555	middle
group_13241	group_13241	0.0555555555555555	middle
group_13235	group_13235	0.0555555555555555	middle
group_13232	group_13232	0.0555555555555555	middle
group_13231	group_13231	0.0555555555555555	middle
group_13227	group_13227	0.0555555555555555	middle
group_13217	group_13217	0.0555555555555555	middle
group_13209	group_13209	0.0555555555555555	middle
group_13196	group_13196	0.0555555555555555	middle
group_13194	group_13194	0.0555555555555555	middle
group_13193	group_13193	0.0555555555555555	middle
group_13167	group_13167	0.0555555555555555	middle
group_13165	group_13165	0.0555555555555555	middle
group_13162	group_13162	0.0555555555555555	middle
group_13161	group_13161	0.0555555555555555	middle
group_13126	group_13126	0.0555555555555555	middle
group_13120	group_13120	0.0555555555555555	middle
group_13094	group_13094	0.0555555555555555	middle
group_13092	group_13092	0.0555555555555555	middle
group_13087	group_13087	0.0555555555555555	middle
group_13085	group_13085	0.0555555555555555	middle
group_13084	group_13084	0.0555555555555555	middle
group_13061	group_13061	0.0555555555555555	middle
group_13055	group_13055	0.0555555555555555	middle
group_13048	group_13048	0.0555555555555555	middle
group_13037	group_13037	0.0555555555555555	middle
group_12988	group_12988	0.0555555555555555	middle
group_12987	group_12987	0.0555555555555555	middle
group_12976	group_12976	0.0555555555555555	middle
group_12974	group_12974	0.0555555555555555	middle
group_12956	group_12956	0.0555555555555555	middle
group_12955	group_12955	0.0555555555555555	middle
group_12932	group_12932	0.0555555555555555	middle
group_12911	group_12911	0.0555555555555555	middle
group_12885	group_12885	0.0555555555555555	middle
group_12884	group_12884	0.0555555555555555	middle
group_12880	group_12880	0.0555555555555555	middle
group_12856	group_12856	0.0555555555555555	middle
group_12854	group_12854	0.0555555555555555	middle
group_12849	group_12849	0.0555555555555555	middle
group_12838	group_12838	0.0555555555555555	middle
group_12835	group_12835	0.0555555555555555	middle
group_12833	group_12833	0.0555555555555555	middle
group_12832	group_12832	0.0555555555555555	middle
lacI	lacI	0.0555555555555555	middle
group_12819	group_12819	0.0555555555555555	middle
group_12812	group_12812	0.0555555555555555	middle
group_12811	group_12811	0.0555555555555555	middle
group_12810	group_12810	0.0555555555555555	middle
group_12797	group_12797	0.0555555555555555	middle
group_12760	group_12760	0.0555555555555555	middle
group_12759	group_12759	0.0555555555555555	middle
group_12754	group_12754	0.0555555555555555	middle
group_12734	group_12734	0.0555555555555555	middle
group_12706	group_12706	0.0555555555555555	middle
group_12705	group_12705	0.0555555555555555	middle
group_12687	group_12687	0.0555555555555555	middle
group_12686	group_12686	0.0555555555555555	middle
group_12678	group_12678	0.0555555555555555	middle
group_12676	group_12676	0.0555555555555555	middle
group_12669	group_12669	0.0555555555555555	middle
group_12667	group_12667	0.0555555555555555	middle
group_12651	group_12651	0.0555555555555555	middle
group_12650	group_12650	0.0555555555555555	middle
group_12649	group_12649	0.0555555555555555	middle
group_12628	group_12628	0.0555555555555555	middle
group_12623	group_12623	0.0555555555555555	middle
group_12621	group_12621	0.0555555555555555	middle
group_12620	group_12620	0.0555555555555555	middle
group_12613	group_12613	0.0555555555555555	middle
group_12607	group_12607	0.0555555555555555	middle
group_12601	group_12601	0.0555555555555555	middle
group_12594	group_12594	0.0555555555555555	middle
group_12577	group_12577	0.0555555555555555	middle
group_12545	group_12545	0.0555555555555555	middle
group_12544	group_12544	0.0555555555555555	middle
group_12528	group_12528	0.0555555555555555	middle
group_12520	group_12520	0.0555555555555555	middle
group_12519	group_12519	0.0555555555555555	middle
terB	terB	0.0555555555555555	middle
group_12503	group_12503	0.0555555555555555	middle
group_12500	group_12500	0.0555555555555555	middle
group_12478	group_12478	0.0555555555555555	middle
group_12470	group_12470	0.0555555555555555	middle
group_12465	group_12465	0.0555555555555555	middle
parA	parA	0.0555555555555555	middle
group_12464	group_12464	0.0555555555555555	middle
group_12463	group_12463	0.0555555555555555	middle
group_12437	group_12437	0.0555555555555555	middle
group_12433	group_12433	0.0555555555555555	middle
nlpE	nlpE	0.0555555555555555	middle
group_12405	group_12405	0.0555555555555555	middle
group_12403	group_12403	0.0555555555555555	middle
group_12378	group_12378	0.0555555555555555	middle
group_12367	group_12367	0.0555555555555555	middle
group_12345	group_12345	0.0555555555555555	middle
group_12337	group_12337	0.0555555555555555	middle
group_12336	group_12336	0.0555555555555555	middle
group_12318	group_12318	0.0555555555555555	middle
group_12317	group_12317	0.0555555555555555	middle
group_12316	group_12316	0.0555555555555555	middle
group_12315	group_12315	0.0555555555555555	middle
group_12296	group_12296	0.0555555555555555	middle
group_12286	group_12286	0.0555555555555555	middle
group_12264	group_12264	0.0555555555555555	middle
group_12249	group_12249	0.0555555555555555	middle
group_12245	group_12245	0.0555555555555555	middle
group_12241	group_12241	0.0555555555555555	middle
group_12235	group_12235	0.0555555555555555	middle
group_12234	group_12234	0.0555555555555555	middle
group_12218	group_12218	0.0555555555555555	middle
group_12197	group_12197	0.0555555555555555	middle
group_12185	group_12185	0.0555555555555555	middle
group_12177	group_12177	0.0555555555555555	middle
group_12176	group_12176	0.0555555555555555	middle
group_12153	group_12153	0.0555555555555555	middle
group_12152	group_12152	0.0555555555555555	middle
group_12150	group_12150	0.0555555555555555	middle
group_12122	group_12122	0.0555555555555555	middle
group_12121	group_12121	0.0555555555555555	middle
group_12115	group_12115	0.0555555555555555	middle
group_12105	group_12105	0.0555555555555555	middle
group_12104	group_12104	0.0555555555555555	middle
group_12097	group_12097	0.0555555555555555	middle
group_12094	group_12094	0.0555555555555555	middle
group_12083	group_12083	0.0555555555555555	middle
group_12074	group_12074	0.0555555555555555	middle
group_12052	group_12052	0.0555555555555555	middle
group_12051	group_12051	0.0555555555555555	middle
group_12037	group_12037	0.0555555555555555	middle
group_12036	group_12036	0.0555555555555555	middle
group_12034	group_12034	0.0555555555555555	middle
group_12017	group_12017	0.0555555555555555	middle
group_12009	group_12009	0.0555555555555555	middle
group_11999	group_11999	0.0555555555555555	middle
group_11987	group_11987	0.0555555555555555	middle
group_11976	group_11976	0.0555555555555555	middle
group_11961	group_11961	0.0555555555555555	middle
recX	recX	0.0555555555555555	middle
group_11948	group_11948	0.0555555555555555	middle
group_11941	group_11941	0.0555555555555555	middle
group_11933	group_11933	0.0555555555555555	middle
group_11895	group_11895	0.0555555555555555	middle
group_11894	group_11894	0.0555555555555555	middle
group_11889	group_11889	0.0555555555555555	middle
group_11875	group_11875	0.0555555555555555	middle
group_11862	group_11862	0.0555555555555555	middle
group_11860	group_11860	0.0555555555555555	middle
group_11840	group_11840	0.0555555555555555	middle
group_11830	group_11830	0.0555555555555555	middle
group_11828	group_11828	0.0555555555555555	middle
group_11809	group_11809	0.0555555555555555	middle
group_11807	group_11807	0.0555555555555555	middle
group_11806	group_11806	0.0555555555555555	middle
group_11776	group_11776	0.0555555555555555	middle
group_11759	group_11759	0.0555555555555555	middle
group_11757	group_11757	0.0555555555555555	middle
group_11749	group_11749	0.0555555555555555	middle
group_11748	group_11748	0.0555555555555555	middle
group_11735	group_11735	0.0555555555555555	middle
group_11722	group_11722	0.0555555555555555	middle
group_11721	group_11721	0.0555555555555555	middle
group_11715	group_11715	0.0555555555555555	middle
group_11709	group_11709	0.0555555555555555	middle
group_11693	group_11693	0.0555555555555555	middle
group_11692	group_11692	0.0555555555555555	middle
group_11689	group_11689	0.0555555555555555	middle
group_11683	group_11683	0.0555555555555555	middle
group_11673	group_11673	0.0555555555555555	middle
group_11671	group_11671	0.0555555555555555	middle
group_11670	group_11670	0.0555555555555555	middle
group_11669	group_11669	0.0555555555555555	middle
group_11668	group_11668	0.0555555555555555	middle
group_11659	group_11659	0.0555555555555555	middle
group_11649	group_11649	0.0555555555555555	middle
group_11609	group_11609	0.0555555555555555	middle
group_11608	group_11608	0.0555555555555555	middle
group_11589	group_11589	0.0555555555555555	middle
group_11581	group_11581	0.0555555555555555	middle
group_11571	group_11571	0.0555555555555555	middle
group_11555	group_11555	0.0555555555555555	middle
group_11554	group_11554	0.0555555555555555	middle
group_11538	group_11538	0.0555555555555555	middle
group_11536	group_11536	0.0555555555555555	middle
group_11514	group_11514	0.0555555555555555	middle
group_11500	group_11500	0.0555555555555555	middle
group_11499	group_11499	0.0555555555555555	middle
group_11490	group_11490	0.0555555555555555	middle
group_11489	group_11489	0.0555555555555555	middle
group_11485	group_11485	0.0555555555555555	middle
group_11481	group_11481	0.0555555555555555	middle
group_11470	group_11470	0.0555555555555555	middle
group_11454	group_11454	0.0555555555555555	middle
group_11452	group_11452	0.0555555555555555	middle
group_11407	group_11407	0.0555555555555555	middle
group_11406	group_11406	0.0555555555555555	middle
group_11405	group_11405	0.0555555555555555	middle
group_11404	group_11404	0.0555555555555555	middle
group_11374	group_11374	0.0555555555555555	middle
group_11365	group_11365	0.0555555555555555	middle
group_11359	group_11359	0.0555555555555555	middle
thsB	thsB	0.0555555555555555	middle
group_11336	group_11336	0.0555555555555555	middle
group_11335	group_11335	0.0555555555555555	middle
group_11327	group_11327	0.0555555555555555	middle
group_11319	group_11319	0.0555555555555555	middle
group_11305	group_11305	0.0555555555555555	middle
group_11295	group_11295	0.0555555555555555	middle
group_11294	group_11294	0.0555555555555555	middle
group_11292	group_11292	0.0555555555555555	middle
group_11278	group_11278	0.0555555555555555	middle
group_11275	group_11275	0.0555555555555555	middle
group_11271	group_11271	0.0555555555555555	middle
group_11257	group_11257	0.0555555555555555	middle
group_11249	group_11249	0.0555555555555555	middle
group_11248	group_11248	0.0555555555555555	middle
group_11246	group_11246	0.0555555555555555	middle
group_11240	group_11240	0.0555555555555555	middle
group_11188	group_11188	0.0555555555555555	middle
group_11168	group_11168	0.0555555555555555	middle
group_11167	group_11167	0.0555555555555555	middle
group_11166	group_11166	0.0555555555555555	middle
group_11140	group_11140	0.0555555555555555	middle
group_11125	group_11125	0.0555555555555555	middle
group_11113	group_11113	0.0555555555555555	middle
group_11090	group_11090	0.0555555555555555	middle
group_11089	group_11089	0.0555555555555555	middle
group_11088	group_11088	0.0555555555555555	middle
group_11087	group_11087	0.0555555555555555	middle
group_11086	group_11086	0.0555555555555555	middle
group_11056	group_11056	0.0555555555555555	middle
group_11046	group_11046	0.0555555555555555	middle
group_11045	group_11045	0.0555555555555555	middle
group_11042	group_11042	0.0555555555555555	middle
group_11034	group_11034	0.0555555555555555	middle
group_11033	group_11033	0.0555555555555555	middle
group_11032	group_11032	0.0555555555555555	middle
group_11031	group_11031	0.0555555555555555	middle
group_11030	group_11030	0.0555555555555555	middle
group_11001	group_11001	0.0555555555555555	middle
group_10996	group_10996	0.0555555555555555	middle
group_10967	group_10967	0.0555555555555555	middle
group_10966	group_10966	0.0555555555555555	middle
group_10965	group_10965	0.0555555555555555	middle
group_10958	group_10958	0.0555555555555555	middle
group_10954	group_10954	0.0555555555555555	middle
group_10945	group_10945	0.0555555555555555	middle
group_10944	group_10944	0.0555555555555555	middle
group_10942	group_10942	0.0555555555555555	middle
group_10941	group_10941	0.0555555555555555	middle
group_10937	group_10937	0.0555555555555555	middle
group_10923	group_10923	0.0555555555555555	middle
group_10922	group_10922	0.0555555555555555	middle
group_10920	group_10920	0.0555555555555555	middle
group_10913	group_10913	0.0555555555555555	middle
group_10912	group_10912	0.0555555555555555	middle
group_10905	group_10905	0.0555555555555555	middle
group_10874	group_10874	0.0555555555555555	middle
group_10865	group_10865	0.0555555555555555	middle
group_10853	group_10853	0.0555555555555555	middle
group_10846	group_10846	0.0555555555555555	middle
group_10830	group_10830	0.0555555555555555	middle
group_10829	group_10829	0.0555555555555555	middle
group_10813	group_10813	0.0555555555555555	middle
group_10806	group_10806	0.0555555555555555	middle
group_10785	group_10785	0.0555555555555555	middle
group_10783	group_10783	0.0555555555555555	middle
group_10775	group_10775	0.0555555555555555	middle
group_10759	group_10759	0.0555555555555555	middle
group_10735	group_10735	0.0555555555555555	middle
group_10726	group_10726	0.0555555555555555	middle
group_10724	group_10724	0.0555555555555555	middle
group_10704	group_10704	0.0555555555555555	middle
group_10683	group_10683	0.0555555555555555	middle
group_10650	group_10650	0.0555555555555555	middle
group_10648	group_10648	0.0555555555555555	middle
group_10638	group_10638	0.0555555555555555	middle
group_10635	group_10635	0.0555555555555555	middle
group_10620	group_10620	0.0555555555555555	middle
group_10615	group_10615	0.0555555555555555	middle
group_10591	group_10591	0.0555555555555555	middle
group_10580	group_10580	0.0555555555555555	middle
group_10556	group_10556	0.0555555555555555	middle
group_10555	group_10555	0.0555555555555555	middle
group_10552	group_10552	0.0555555555555555	middle
group_10547	group_10547	0.0555555555555555	middle
group_10541	group_10541	0.0555555555555555	middle
group_10540	group_10540	0.0555555555555555	middle
group_10539	group_10539	0.0555555555555555	middle
group_10536	group_10536	0.0555555555555555	middle
group_10534	group_10534	0.0555555555555555	middle
group_10527	group_10527	0.0555555555555555	middle
group_10525	group_10525	0.0555555555555555	middle
group_10521	group_10521	0.0555555555555555	middle
group_10504	group_10504	0.0555555555555555	middle
group_10503	group_10503	0.0555555555555555	middle
group_10492	group_10492	0.0555555555555555	middle
group_10485	group_10485	0.0555555555555555	middle
group_10484	group_10484	0.0555555555555555	middle
group_10480	group_10480	0.0555555555555555	middle
group_10463	group_10463	0.0555555555555555	middle
group_10458	group_10458	0.0555555555555555	middle
group_10442	group_10442	0.0555555555555555	middle
group_10441	group_10441	0.0555555555555555	middle
group_10430	group_10430	0.0555555555555555	middle
group_10422	group_10422	0.0555555555555555	middle
group_10416	group_10416	0.0555555555555555	middle
group_10414	group_10414	0.0555555555555555	middle
group_10408	group_10408	0.0555555555555555	middle
traG~~~traC	traG~~~traC	0.0555555555555555	middle
group_10404	group_10404	0.0555555555555555	middle
group_10401	group_10401	0.0555555555555555	middle
group_10392	group_10392	0.0555555555555555	middle
group_10380	group_10380	0.0555555555555555	middle
group_10378	group_10378	0.0555555555555555	middle
group_10354	group_10354	0.0555555555555555	middle
group_10353	group_10353	0.0555555555555555	middle
group_10344	group_10344	0.0555555555555555	middle
group_10304	group_10304	0.0555555555555555	middle
group_10300	group_10300	0.0555555555555555	middle
group_10293	group_10293	0.0555555555555555	middle
group_10289	group_10289	0.0555555555555555	middle
group_10283	group_10283	0.0555555555555555	middle
group_10280	group_10280	0.0555555555555555	middle
group_10268	group_10268	0.0555555555555555	middle
group_10267	group_10267	0.0555555555555555	middle
group_10260	group_10260	0.0555555555555555	middle
group_10259	group_10259	0.0555555555555555	middle
group_10251	group_10251	0.0555555555555555	middle
group_10235	group_10235	0.0555555555555555	middle
group_10219	group_10219	0.0555555555555555	middle
group_10182	group_10182	0.0555555555555555	middle
group_10172	group_10172	0.0555555555555555	middle
group_10170	group_10170	0.0555555555555555	middle
group_10164	group_10164	0.0555555555555555	middle
group_10155	group_10155	0.0555555555555555	middle
group_10141	group_10141	0.0555555555555555	middle
group_10130	group_10130	0.0555555555555555	middle
group_10129	group_10129	0.0555555555555555	middle
group_10125	group_10125	0.0555555555555555	middle
group_10117	group_10117	0.0555555555555555	middle
group_10100	group_10100	0.0555555555555555	middle
group_10098	group_10098	0.0555555555555555	middle
group_10089	group_10089	0.0555555555555555	middle
group_10078	group_10078	0.0555555555555555	middle
group_10075	group_10075	0.0555555555555555	middle
group_10033	group_10033	0.0555555555555555	middle
group_10032	group_10032	0.0555555555555555	middle
group_10023	group_10023	0.0555555555555555	middle
group_10010	group_10010	0.0555555555555555	middle
ftsK	ftsK	0.0555555555555555	middle
group_10005	group_10005	0.0555555555555555	middle
group_9996	group_9996	0.0555555555555555	middle
group_9980	group_9980	0.0555555555555555	middle
group_9973	group_9973	0.0555555555555555	middle
group_9935	group_9935	0.0555555555555555	middle
group_9924	group_9924	0.0555555555555555	middle
group_9897	group_9897	0.0555555555555555	middle
group_9891	group_9891	0.0555555555555555	middle
group_9776	group_9776	0.0555555555555555	middle
group_9774	group_9774	0.0555555555555555	middle
group_9749	group_9749	0.0555555555555555	middle
group_9748	group_9748	0.0555555555555555	middle
group_9714	group_9714	0.0555555555555555	middle
group_9709	group_9709	0.0555555555555555	middle
group_9702	group_9702	0.0555555555555555	middle
group_9688	group_9688	0.0555555555555555	middle
group_9659	group_9659	0.0555555555555555	middle
group_9657	group_9657	0.0555555555555555	middle
group_9650	group_9650	0.0555555555555555	middle
group_9648	group_9648	0.0555555555555555	middle
group_9638	group_9638	0.0555555555555555	middle
group_9622	group_9622	0.0555555555555555	middle
group_9582	group_9582	0.0555555555555555	middle
group_9526	group_9526	0.0555555555555555	middle
group_9520	group_9520	0.0555555555555555	middle
group_9517	group_9517	0.0555555555555555	middle
group_9515	group_9515	0.0555555555555555	middle
group_9513	group_9513	0.0555555555555555	middle
group_9510	group_9510	0.0555555555555555	middle
group_9505	group_9505	0.0555555555555555	middle
group_9485	group_9485	0.0555555555555555	middle
group_9477	group_9477	0.0555555555555555	middle
group_9475	group_9475	0.0555555555555555	middle
group_9470	group_9470	0.0555555555555555	middle
group_9463	group_9463	0.0555555555555555	middle
group_9445	group_9445	0.0555555555555555	middle
group_9423	group_9423	0.0555555555555555	middle
group_9405	group_9405	0.0555555555555555	middle
group_9386	group_9386	0.0555555555555555	middle
group_9367	group_9367	0.0555555555555555	middle
group_9352	group_9352	0.0555555555555555	middle
group_9326	group_9326	0.0555555555555555	middle
group_9324	group_9324	0.0555555555555555	middle
group_9291	group_9291	0.0555555555555555	middle
group_9290	group_9290	0.0555555555555555	middle
group_9238	group_9238	0.0555555555555555	middle
fabG1	fabG1	0.0555555555555555	middle
group_9198	group_9198	0.0555555555555555	middle
group_9192	group_9192	0.0555555555555555	middle
group_9191	group_9191	0.0555555555555555	middle
group_9189	group_9189	0.0555555555555555	middle
group_9182	group_9182	0.0555555555555555	middle
group_9160	group_9160	0.0555555555555555	middle
group_9156	group_9156	0.0555555555555555	middle
group_9153	group_9153	0.0555555555555555	middle
group_9145	group_9145	0.0555555555555555	middle
group_9124	group_9124	0.0555555555555555	middle
group_9116	group_9116	0.0555555555555555	middle
group_9104	group_9104	0.0555555555555555	middle
group_9102	group_9102	0.0555555555555555	middle
group_9096	group_9096	0.0555555555555555	middle
group_9075	group_9075	0.0555555555555555	middle
group_9063	group_9063	0.0555555555555555	middle
group_9062	group_9062	0.0555555555555555	middle
group_9047	group_9047	0.0555555555555555	middle
group_9022	group_9022	0.0555555555555555	middle
group_8974	group_8974	0.0555555555555555	middle
group_8970	group_8970	0.0555555555555555	middle
group_8969	group_8969	0.0555555555555555	middle
group_8966	group_8966	0.0555555555555555	middle
group_8964	group_8964	0.0555555555555555	middle
group_8956	group_8956	0.0555555555555555	middle
group_8927	group_8927	0.0555555555555555	middle
group_8913	group_8913	0.0555555555555555	middle
group_8912	group_8912	0.0555555555555555	middle
group_8896	group_8896	0.0555555555555555	middle
group_8866	group_8866	0.0555555555555555	middle
group_8863	group_8863	0.0555555555555555	middle
group_8862	group_8862	0.0555555555555555	middle
group_8836	group_8836	0.0555555555555555	middle
group_8832	group_8832	0.0555555555555555	middle
group_8825	group_8825	0.0555555555555555	middle
group_8783	group_8783	0.0555555555555555	middle
group_8749	group_8749	0.0555555555555555	middle
group_8730	group_8730	0.0555555555555555	middle
group_8602	group_8602	0.0555555555555555	middle
group_8598	group_8598	0.0555555555555555	middle
group_8553	group_8553	0.0555555555555555	middle
group_8552	group_8552	0.0555555555555555	middle
group_8465	group_8465	0.0555555555555555	middle
group_8447	group_8447	0.0555555555555555	middle
group_8439	group_8439	0.0555555555555555	middle
group_8399	group_8399	0.0555555555555555	middle
group_8379	group_8379	0.0555555555555555	middle
group_8368	group_8368	0.0555555555555555	middle
group_8367	group_8367	0.0555555555555555	middle
group_8359	group_8359	0.0555555555555555	middle
group_8344	group_8344	0.0555555555555555	middle
group_8321	group_8321	0.0555555555555555	middle
group_8319	group_8319	0.0555555555555555	middle
group_8299	group_8299	0.0555555555555555	middle
group_8294	group_8294	0.0555555555555555	middle
group_8290	group_8290	0.0555555555555555	middle
group_8267	group_8267	0.0555555555555555	middle
group_8265	group_8265	0.0555555555555555	middle
group_8263	group_8263	0.0555555555555555	middle
group_8229	group_8229	0.0555555555555555	middle
group_8218	group_8218	0.0555555555555555	middle
group_8204	group_8204	0.0555555555555555	middle
group_8176	group_8176	0.0555555555555555	middle
group_8097	group_8097	0.0555555555555555	middle
blaMUN	blaMUN	0.0555555555555555	middle
group_8055	group_8055	0.0555555555555555	middle
group_8023	group_8023	0.0555555555555555	middle
group_7990	group_7990	0.0555555555555555	middle
group_7988	group_7988	0.0555555555555555	middle
group_7976	group_7976	0.0555555555555555	middle
group_7940	group_7940	0.0555555555555555	middle
group_7937	group_7937	0.0555555555555555	middle
lpoB	lpoB	0.0555555555555555	middle
group_7890	group_7890	0.0555555555555555	middle
group_7888	group_7888	0.0555555555555555	middle
group_7887	group_7887	0.0555555555555555	middle
group_7875	group_7875	0.0555555555555555	middle
group_7848	group_7848	0.0555555555555555	middle
group_7845	group_7845	0.0555555555555555	middle
group_7844	group_7844	0.0555555555555555	middle
group_7814	group_7814	0.0555555555555555	middle
group_7805	group_7805	0.0555555555555555	middle
group_7779	group_7779	0.0555555555555555	middle
group_7774	group_7774	0.0555555555555555	middle
group_7770	group_7770	0.0555555555555555	middle
group_7766	group_7766	0.0555555555555555	middle
group_7748	group_7748	0.0555555555555555	middle
group_7739	group_7739	0.0555555555555555	middle
group_7738	group_7738	0.0555555555555555	middle
group_7724	group_7724	0.0555555555555555	middle
group_7705	group_7705	0.0555555555555555	middle
group_7702	group_7702	0.0555555555555555	middle
group_7696	group_7696	0.0555555555555555	middle
group_7695	group_7695	0.0555555555555555	middle
group_7671	group_7671	0.0555555555555555	middle
group_7660	group_7660	0.0555555555555555	middle
group_7656	group_7656	0.0555555555555555	middle
group_7655	group_7655	0.0555555555555555	middle
group_7654	group_7654	0.0555555555555555	middle
group_7649	group_7649	0.0555555555555555	middle
group_7635	group_7635	0.0555555555555555	middle
ubiA	ubiA	0.0555555555555555	middle
group_7620	group_7620	0.0555555555555555	middle
group_7619	group_7619	0.0555555555555555	middle
group_7612	group_7612	0.0555555555555555	middle
group_7604	group_7604	0.0555555555555555	middle
group_7600	group_7600	0.0555555555555555	middle
group_7589	group_7589	0.0555555555555555	middle
group_7587	group_7587	0.0555555555555555	middle
group_7574	group_7574	0.0555555555555555	middle
group_7550	group_7550	0.0555555555555555	middle
group_7540	group_7540	0.0555555555555555	middle
group_7538	group_7538	0.0555555555555555	middle
group_7531	group_7531	0.0555555555555555	middle
group_7520	group_7520	0.0555555555555555	middle
group_7515	group_7515	0.0555555555555555	middle
group_7509	group_7509	0.0555555555555555	middle
yubB	yubB	0.0555555555555555	middle
group_7504	group_7504	0.0555555555555555	middle
group_7484	group_7484	0.0555555555555555	middle
group_7475	group_7475	0.0555555555555555	middle
group_7471	group_7471	0.0555555555555555	middle
group_7470	group_7470	0.0555555555555555	middle
group_7428	group_7428	0.0555555555555555	middle
group_7406	group_7406	0.0555555555555555	middle
group_7405	group_7405	0.0555555555555555	middle
group_7404	group_7404	0.0555555555555555	middle
group_7402	group_7402	0.0555555555555555	middle
group_7378	group_7378	0.0555555555555555	middle
group_7353	group_7353	0.0555555555555555	middle
group_7342	group_7342	0.0555555555555555	middle
group_7313	group_7313	0.0555555555555555	middle
group_7308	group_7308	0.0555555555555555	middle
group_7259	group_7259	0.0555555555555555	middle
group_7258	group_7258	0.0555555555555555	middle
group_7219	group_7219	0.0555555555555555	middle
group_7202	group_7202	0.0555555555555555	middle
group_7171	group_7171	0.0555555555555555	middle
group_7154	group_7154	0.0555555555555555	middle
group_7144	group_7144	0.0555555555555555	middle
group_7127	group_7127	0.0555555555555555	middle
group_7118	group_7118	0.0555555555555555	middle
group_7116	group_7116	0.0555555555555555	middle
group_7111	group_7111	0.0555555555555555	middle
group_7108	group_7108	0.0555555555555555	middle
group_7104	group_7104	0.0555555555555555	middle
group_7098	group_7098	0.0555555555555555	middle
group_7067	group_7067	0.0555555555555555	middle
group_7061	group_7061	0.0555555555555555	middle
brkB	brkB	0.0555555555555555	middle
group_7057	group_7057	0.0555555555555555	middle
group_7036	group_7036	0.0555555555555555	middle
traB	traB	0.0555555555555555	middle
group_7027	group_7027	0.0555555555555555	middle
group_7024	group_7024	0.0555555555555555	middle
group_7021	group_7021	0.0555555555555555	middle
group_7012	group_7012	0.0555555555555555	middle
group_7003	group_7003	0.0555555555555555	middle
group_6995	group_6995	0.0555555555555555	middle
group_6994	group_6994	0.0555555555555555	middle
group_6963	group_6963	0.0555555555555555	middle
group_6956	group_6956	0.0555555555555555	middle
group_6954	group_6954	0.0555555555555555	middle
group_6953	group_6953	0.0555555555555555	middle
group_6945	group_6945	0.0555555555555555	middle
group_6915	group_6915	0.0555555555555555	middle
group_6896	group_6896	0.0555555555555555	middle
group_6862	group_6862	0.0555555555555555	middle
group_6856	group_6856	0.0555555555555555	middle
group_6797	group_6797	0.0555555555555555	middle
group_6777	group_6777	0.0555555555555555	middle
group_6769	group_6769	0.0555555555555555	middle
group_6768	group_6768	0.0555555555555555	middle
group_6758	group_6758	0.0555555555555555	middle
group_6739	group_6739	0.0555555555555555	middle
group_6702	group_6702	0.0555555555555555	middle
group_6686	group_6686	0.0555555555555555	middle
group_6677	group_6677	0.0555555555555555	middle
group_6672	group_6672	0.0555555555555555	middle
group_6670	group_6670	0.0555555555555555	middle
group_6647	group_6647	0.0555555555555555	middle
group_6639	group_6639	0.0555555555555555	middle
group_6581	group_6581	0.0555555555555555	middle
group_6551	group_6551	0.0555555555555555	middle
group_6524	group_6524	0.0555555555555555	middle
group_6522	group_6522	0.0555555555555555	middle
group_6498	group_6498	0.0555555555555555	middle
group_6496	group_6496	0.0555555555555555	middle
group_6483	group_6483	0.0555555555555555	middle
group_6446	group_6446	0.0555555555555555	middle
group_6441	group_6441	0.0555555555555555	middle
group_6414	group_6414	0.0555555555555555	middle
group_6398	group_6398	0.0555555555555555	middle
group_6364	group_6364	0.0555555555555555	middle
group_6357	group_6357	0.0555555555555555	middle
group_6335	group_6335	0.0555555555555555	middle
group_6268	group_6268	0.0555555555555555	middle
group_6266	group_6266	0.0555555555555555	middle
group_6264	group_6264	0.0555555555555555	middle
group_6263	group_6263	0.0555555555555555	middle
group_6225	group_6225	0.0555555555555555	middle
group_6211	group_6211	0.0555555555555555	middle
group_6192	group_6192	0.0555555555555555	middle
group_6151	group_6151	0.0555555555555555	middle
group_6144	group_6144	0.0555555555555555	middle
group_6141	group_6141	0.0555555555555555	middle
group_6076	group_6076	0.0555555555555555	middle
group_6044	group_6044	0.0555555555555555	middle
group_6013	group_6013	0.0555555555555555	middle
group_6007	group_6007	0.0555555555555555	middle
group_6002	group_6002	0.0555555555555555	middle
group_5998	group_5998	0.0555555555555555	middle
group_5987	group_5987	0.0555555555555555	middle
group_5967	group_5967	0.0555555555555555	middle
group_5943	group_5943	0.0555555555555555	middle
group_5927	group_5927	0.0555555555555555	middle
group_5915	group_5915	0.0555555555555555	middle
group_5880	group_5880	0.0555555555555555	middle
group_5837	group_5837	0.0555555555555555	middle
group_5826	group_5826	0.0555555555555555	middle
group_5809	group_5809	0.0555555555555555	middle
group_5770	group_5770	0.0555555555555555	middle
group_5769	group_5769	0.0555555555555555	middle
group_5764	group_5764	0.0555555555555555	middle
group_5742	group_5742	0.0555555555555555	middle
group_5729	group_5729	0.0555555555555555	middle
group_5711	group_5711	0.0555555555555555	middle
group_5697	group_5697	0.0555555555555555	middle
group_5683	group_5683	0.0555555555555555	middle
group_5673	group_5673	0.0555555555555555	middle
group_5670	group_5670	0.0555555555555555	middle
group_5669	group_5669	0.0555555555555555	middle
group_5664	group_5664	0.0555555555555555	middle
group_5643	group_5643	0.0555555555555555	middle
group_5640	group_5640	0.0555555555555555	middle
group_5632	group_5632	0.0555555555555555	middle
group_5608	group_5608	0.0555555555555555	middle
group_5595	group_5595	0.0555555555555555	middle
group_5591	group_5591	0.0555555555555555	middle
group_5574	group_5574	0.0555555555555555	middle
group_5560	group_5560	0.0555555555555555	middle
group_5548	group_5548	0.0555555555555555	middle
group_5514	group_5514	0.0555555555555555	middle
group_5513	group_5513	0.0555555555555555	middle
group_5491	group_5491	0.0555555555555555	middle
group_5490	group_5490	0.0555555555555555	middle
group_5475	group_5475	0.0555555555555555	middle
group_5466	group_5466	0.0555555555555555	middle
group_5465	group_5465	0.0555555555555555	middle
group_5450	group_5450	0.0555555555555555	middle
group_5437	group_5437	0.0555555555555555	middle
group_5430	group_5430	0.0555555555555555	middle
group_5399	group_5399	0.0555555555555555	middle
group_5387	group_5387	0.0555555555555555	middle
group_5360	group_5360	0.0555555555555555	middle
group_5303	group_5303	0.0555555555555555	middle
group_5270	group_5270	0.0555555555555555	middle
group_5262	group_5262	0.0555555555555555	middle
group_5251	group_5251	0.0555555555555555	middle
group_5250	group_5250	0.0555555555555555	middle
group_5206	group_5206	0.0555555555555555	middle
group_5167	group_5167	0.0555555555555555	middle
group_5166	group_5166	0.0555555555555555	middle
group_5165	group_5165	0.0555555555555555	middle
group_5164	group_5164	0.0555555555555555	middle
group_5154	group_5154	0.0555555555555555	middle
group_5152	group_5152	0.0555555555555555	middle
group_5136	group_5136	0.0555555555555555	middle
group_5134	group_5134	0.0555555555555555	middle
group_5132	group_5132	0.0555555555555555	middle
traL	traL	0.0555555555555555	middle
group_5116	group_5116	0.0555555555555555	middle
group_5111	group_5111	0.0555555555555555	middle
group_5106	group_5106	0.0555555555555555	middle
group_5104	group_5104	0.0555555555555555	middle
group_5095	group_5095	0.0555555555555555	middle
group_5094	group_5094	0.0555555555555555	middle
group_5092	group_5092	0.0555555555555555	middle
group_5091	group_5091	0.0555555555555555	middle
group_5084	group_5084	0.0555555555555555	middle
group_5076	group_5076	0.0555555555555555	middle
mdtK	mdtK	0.0555555555555555	middle
group_5048	group_5048	0.0555555555555555	middle
group_5030	group_5030	0.0555555555555555	middle
group_5025	group_5025	0.0555555555555555	middle
group_5024	group_5024	0.0555555555555555	middle
group_5021	group_5021	0.0555555555555555	middle
group_5018	group_5018	0.0555555555555555	middle
group_5006	group_5006	0.0555555555555555	middle
group_5002	group_5002	0.0555555555555555	middle
group_4965	group_4965	0.0555555555555555	middle
group_4961	group_4961	0.0555555555555555	middle
group_4960	group_4960	0.0555555555555555	middle
group_4951	group_4951	0.0555555555555555	middle
group_4946	group_4946	0.0555555555555555	middle
group_4940	group_4940	0.0555555555555555	middle
group_4938	group_4938	0.0555555555555555	middle
group_4933	group_4933	0.0555555555555555	middle
group_4928	group_4928	0.0555555555555555	middle
group_4906	group_4906	0.0555555555555555	middle
group_4900	group_4900	0.0555555555555555	middle
group_4884	group_4884	0.0555555555555555	middle
group_4881	group_4881	0.0555555555555555	middle
rloB	rloB	0.0555555555555555	middle
group_4861	group_4861	0.0555555555555555	middle
group_4842	group_4842	0.0555555555555555	middle
group_4839	group_4839	0.0555555555555555	middle
group_4833	group_4833	0.0555555555555555	middle
group_4827	group_4827	0.0555555555555555	middle
group_4810	group_4810	0.0555555555555555	middle
group_4803	group_4803	0.0555555555555555	middle
group_4802	group_4802	0.0555555555555555	middle
group_4777	group_4777	0.0555555555555555	middle
group_4775	group_4775	0.0555555555555555	middle
group_4774	group_4774	0.0555555555555555	middle
group_4773	group_4773	0.0555555555555555	middle
group_4765	group_4765	0.0555555555555555	middle
group_4741	group_4741	0.0555555555555555	middle
group_4739	group_4739	0.0555555555555555	middle
group_4734	group_4734	0.0555555555555555	middle
group_4714	group_4714	0.0555555555555555	middle
group_4709	group_4709	0.0555555555555555	middle
group_4708	group_4708	0.0555555555555555	middle
group_4704	group_4704	0.0555555555555555	middle
group_4687	group_4687	0.0555555555555555	middle
group_4680	group_4680	0.0555555555555555	middle
group_4661	group_4661	0.0555555555555555	middle
group_4649	group_4649	0.0555555555555555	middle
group_4645	group_4645	0.0555555555555555	middle
group_4643	group_4643	0.0555555555555555	middle
group_4621	group_4621	0.0555555555555555	middle
group_4618	group_4618	0.0555555555555555	middle
group_4608	group_4608	0.0555555555555555	middle
group_4601	group_4601	0.0555555555555555	middle
group_4600	group_4600	0.0555555555555555	middle
group_4596	group_4596	0.0555555555555555	middle
group_4584	group_4584	0.0555555555555555	middle
group_4570	group_4570	0.0555555555555555	middle
group_4551	group_4551	0.0555555555555555	middle
group_4527	group_4527	0.0555555555555555	middle
group_4488	group_4488	0.0555555555555555	middle
group_4487	group_4487	0.0555555555555555	middle
group_4451	group_4451	0.0555555555555555	middle
group_4435	group_4435	0.0555555555555555	middle
group_4433	group_4433	0.0555555555555555	middle
group_4432	group_4432	0.0555555555555555	middle
group_4423	group_4423	0.0555555555555555	middle
group_4417	group_4417	0.0555555555555555	middle
group_4402	group_4402	0.0555555555555555	middle
group_4400	group_4400	0.0555555555555555	middle
group_4391	group_4391	0.0555555555555555	middle
group_4367	group_4367	0.0555555555555555	middle
group_4366	group_4366	0.0555555555555555	middle
group_4364	group_4364	0.0555555555555555	middle
group_4362	group_4362	0.0555555555555555	middle
group_4360	group_4360	0.0555555555555555	middle
group_4349	group_4349	0.0555555555555555	middle
group_4348	group_4348	0.0555555555555555	middle
group_4340	group_4340	0.0555555555555555	middle
group_4329	group_4329	0.0555555555555555	middle
group_4302	group_4302	0.0555555555555555	middle
group_4271	group_4271	0.0555555555555555	middle
group_4270	group_4270	0.0555555555555555	middle
group_4254	group_4254	0.0555555555555555	middle
group_4239	group_4239	0.0555555555555555	middle
group_4235	group_4235	0.0555555555555555	middle
group_4231	group_4231	0.0555555555555555	middle
group_4217	group_4217	0.0555555555555555	middle
group_4212	group_4212	0.0555555555555555	middle
group_4204	group_4204	0.0555555555555555	middle
group_4196	group_4196	0.0555555555555555	middle
group_4180	group_4180	0.0555555555555555	middle
group_4175	group_4175	0.0555555555555555	middle
group_4159	group_4159	0.0555555555555555	middle
group_4158	group_4158	0.0555555555555555	middle
group_4148	group_4148	0.0555555555555555	middle
group_4147	group_4147	0.0555555555555555	middle
group_4128	group_4128	0.0555555555555555	middle
group_4127	group_4127	0.0555555555555555	middle
group_4100	group_4100	0.0555555555555555	middle
group_4096	group_4096	0.0555555555555555	middle
group_4072	group_4072	0.0555555555555555	middle
group_4070	group_4070	0.0555555555555555	middle
group_4068	group_4068	0.0555555555555555	middle
group_4067	group_4067	0.0555555555555555	middle
group_4064	group_4064	0.0555555555555555	middle
group_4058	group_4058	0.0555555555555555	middle
group_4041	group_4041	0.0555555555555555	middle
group_4037	group_4037	0.0555555555555555	middle
group_4034	group_4034	0.0555555555555555	middle
group_3984	group_3984	0.0555555555555555	middle
group_3980	group_3980	0.0555555555555555	middle
group_3973	group_3973	0.0555555555555555	middle
group_3966	group_3966	0.0555555555555555	middle
group_3956	group_3956	0.0555555555555555	middle
group_3933	group_3933	0.0555555555555555	middle
group_3932	group_3932	0.0555555555555555	middle
group_3931	group_3931	0.0555555555555555	middle
group_3928	group_3928	0.0555555555555555	middle
group_3910	group_3910	0.0555555555555555	middle
group_3908	group_3908	0.0555555555555555	middle
group_3901	group_3901	0.0555555555555555	middle
group_3896	group_3896	0.0555555555555555	middle
group_3858	group_3858	0.0555555555555555	middle
group_3840	group_3840	0.0555555555555555	middle
group_3839	group_3839	0.0555555555555555	middle
group_3834	group_3834	0.0555555555555555	middle
group_3832	group_3832	0.0555555555555555	middle
group_3827	group_3827	0.0555555555555555	middle
group_3818	group_3818	0.0555555555555555	middle
group_3817	group_3817	0.0555555555555555	middle
group_3809	group_3809	0.0555555555555555	middle
group_3802	group_3802	0.0555555555555555	middle
group_3785	group_3785	0.0555555555555555	middle
group_3781	group_3781	0.0555555555555555	middle
group_3764	group_3764	0.0555555555555555	middle
group_3736	group_3736	0.0555555555555555	middle
group_3735	group_3735	0.0555555555555555	middle
group_3730	group_3730	0.0555555555555555	middle
group_3710	group_3710	0.0555555555555555	middle
group_3702	group_3702	0.0555555555555555	middle
group_3673	group_3673	0.0555555555555555	middle
group_3665	group_3665	0.0555555555555555	middle
group_3629	group_3629	0.0555555555555555	middle
group_3626	group_3626	0.0555555555555555	middle
group_3572	group_3572	0.0555555555555555	middle
group_3563	group_3563	0.0555555555555555	middle
group_3546	group_3546	0.0555555555555555	middle
group_3532	group_3532	0.0555555555555555	middle
group_3527	group_3527	0.0555555555555555	middle
group_3525	group_3525	0.0555555555555555	middle
group_3512	group_3512	0.0555555555555555	middle
group_3501	group_3501	0.0555555555555555	middle
group_3497	group_3497	0.0555555555555555	middle
group_3491	group_3491	0.0555555555555555	middle
group_3483	group_3483	0.0555555555555555	middle
group_3480	group_3480	0.0555555555555555	middle
group_3467	group_3467	0.0555555555555555	middle
group_3450	group_3450	0.0555555555555555	middle
group_3421	group_3421	0.0555555555555555	middle
group_3418	group_3418	0.0555555555555555	middle
group_3415	group_3415	0.0555555555555555	middle
group_3404	group_3404	0.0555555555555555	middle
group_3403	group_3403	0.0555555555555555	middle
group_3395	group_3395	0.0555555555555555	middle
group_3392	group_3392	0.0555555555555555	middle
group_3382	group_3382	0.0555555555555555	middle
group_3367	group_3367	0.0555555555555555	middle
group_3364	group_3364	0.0555555555555555	middle
group_3331	group_3331	0.0555555555555555	middle
group_3326	group_3326	0.0555555555555555	middle
group_3314	group_3314	0.0555555555555555	middle
group_3312	group_3312	0.0555555555555555	middle
group_3310	group_3310	0.0555555555555555	middle
group_3299	group_3299	0.0555555555555555	middle
group_3294	group_3294	0.0555555555555555	middle
group_3270	group_3270	0.0555555555555555	middle
group_3256	group_3256	0.0555555555555555	middle
group_3248	group_3248	0.0555555555555555	middle
group_3232	group_3232	0.0555555555555555	middle
group_3198	group_3198	0.0555555555555555	middle
group_3195	group_3195	0.0555555555555555	middle
group_3187	group_3187	0.0555555555555555	middle
group_3182	group_3182	0.0555555555555555	middle
group_3169	group_3169	0.0555555555555555	middle
group_3167	group_3167	0.0555555555555555	middle
group_3166	group_3166	0.0555555555555555	middle
group_3157	group_3157	0.0555555555555555	middle
group_3154	group_3154	0.0555555555555555	middle
group_3145	group_3145	0.0555555555555555	middle
group_3116	group_3116	0.0555555555555555	middle
group_3115	group_3115	0.0555555555555555	middle
group_3114	group_3114	0.0555555555555555	middle
group_3113	group_3113	0.0555555555555555	middle
group_3111	group_3111	0.0555555555555555	middle
group_3109	group_3109	0.0555555555555555	middle
group_3108	group_3108	0.0555555555555555	middle
group_3104	group_3104	0.0555555555555555	middle
group_3103	group_3103	0.0555555555555555	middle
group_3101	group_3101	0.0555555555555555	middle
group_3100	group_3100	0.0555555555555555	middle
group_3099	group_3099	0.0555555555555555	middle
group_3094	group_3094	0.0555555555555555	middle
group_3080	group_3080	0.0555555555555555	middle
group_3056	group_3056	0.0555555555555555	middle
group_3053	group_3053	0.0555555555555555	middle
group_3045	group_3045	0.0555555555555555	middle
group_3041	group_3041	0.0555555555555555	middle
group_3018	group_3018	0.0555555555555555	middle
fecR	fecR	0.0555555555555555	middle
group_3010	group_3010	0.0555555555555555	middle
group_3009	group_3009	0.0555555555555555	middle
group_3007	group_3007	0.0555555555555555	middle
group_3006	group_3006	0.0555555555555555	middle
group_3004	group_3004	0.0555555555555555	middle
rimO	rimO	0.0555555555555555	middle
group_2975	group_2975	0.0555555555555555	middle
group_2973	group_2973	0.0555555555555555	middle
group_2972	group_2972	0.0555555555555555	middle
group_2971	group_2971	0.0555555555555555	middle
group_2970	group_2970	0.0555555555555555	middle
group_2968	group_2968	0.0555555555555555	middle
group_2966	group_2966	0.0555555555555555	middle
group_2965	group_2965	0.0555555555555555	middle
group_2964	group_2964	0.0555555555555555	middle
group_2960	group_2960	0.0555555555555555	middle
group_2958	group_2958	0.0555555555555555	middle
group_2956	group_2956	0.0555555555555555	middle
group_2955	group_2955	0.0555555555555555	middle
group_2954	group_2954	0.0555555555555555	middle
group_2949	group_2949	0.0555555555555555	middle
group_2947	group_2947	0.0555555555555555	middle
group_2946	group_2946	0.0555555555555555	middle
group_2943	group_2943	0.0555555555555555	middle
group_2931	group_2931	0.0555555555555555	middle
group_2916	group_2916	0.0555555555555555	middle
group_2914	group_2914	0.0555555555555555	middle
group_2912	group_2912	0.0555555555555555	middle
group_2909	group_2909	0.0555555555555555	middle
group_2902	group_2902	0.0555555555555555	middle
group_2896	group_2896	0.0555555555555555	middle
group_2895	group_2895	0.0555555555555555	middle
group_2894	group_2894	0.0555555555555555	middle
group_2890	group_2890	0.0555555555555555	middle
group_2888	group_2888	0.0555555555555555	middle
group_2887	group_2887	0.0555555555555555	middle
group_2885	group_2885	0.0555555555555555	middle
group_2882	group_2882	0.0555555555555555	middle
group_2881	group_2881	0.0555555555555555	middle
group_2879	group_2879	0.0555555555555555	middle
group_2878	group_2878	0.0555555555555555	middle
group_2875	group_2875	0.0555555555555555	middle
group_2872	group_2872	0.0555555555555555	middle
group_2870	group_2870	0.0555555555555555	middle
group_2867	group_2867	0.0555555555555555	middle
group_2865	group_2865	0.0555555555555555	middle
group_2859	group_2859	0.0555555555555555	middle
group_2853	group_2853	0.0555555555555555	middle
group_2845	group_2845	0.0555555555555555	middle
group_2844	group_2844	0.0555555555555555	middle
group_2843	group_2843	0.0555555555555555	middle
group_2841	group_2841	0.0555555555555555	middle
group_2840	group_2840	0.0555555555555555	middle
group_2837	group_2837	0.0555555555555555	middle
group_2836	group_2836	0.0555555555555555	middle
group_2835	group_2835	0.0555555555555555	middle
group_2834	group_2834	0.0555555555555555	middle
group_2833	group_2833	0.0555555555555555	middle
group_2822	group_2822	0.0555555555555555	middle
group_2815	group_2815	0.0555555555555555	middle
yhcG	yhcG	0.0555555555555555	middle
group_2811	group_2811	0.0555555555555555	middle
group_2789	group_2789	0.0555555555555555	middle
group_2787	group_2787	0.0555555555555555	middle
group_2775	group_2775	0.0555555555555555	middle
group_2763	group_2763	0.0555555555555555	middle
group_2761	group_2761	0.0555555555555555	middle
group_2759	group_2759	0.0555555555555555	middle
group_2757	group_2757	0.0555555555555555	middle
group_2753	group_2753	0.0555555555555555	middle
group_2749	group_2749	0.0555555555555555	middle
mobC	mobC	0.0555555555555555	middle
group_2747	group_2747	0.0555555555555555	middle
group_2746	group_2746	0.0555555555555555	middle
group_2744	group_2744	0.0555555555555555	middle
group_2742	group_2742	0.0555555555555555	middle
group_2732	group_2732	0.0555555555555555	middle
group_2671	group_2671	0.0555555555555555	middle
group_2669	group_2669	0.0555555555555555	middle
group_2668	group_2668	0.0555555555555555	middle
group_2666	group_2666	0.0555555555555555	middle
group_2665	group_2665	0.0555555555555555	middle
group_2664	group_2664	0.0555555555555555	middle
group_2662	group_2662	0.0555555555555555	middle
group_2660	group_2660	0.0555555555555555	middle
group_2658	group_2658	0.0555555555555555	middle
group_2657	group_2657	0.0555555555555555	middle
group_2656	group_2656	0.0555555555555555	middle
group_2653	group_2653	0.0555555555555555	middle
group_2651	group_2651	0.0555555555555555	middle
group_2648	group_2648	0.0555555555555555	middle
group_2646	group_2646	0.0555555555555555	middle
group_2642	group_2642	0.0555555555555555	middle
group_2641	group_2641	0.0555555555555555	middle
group_2640	group_2640	0.0555555555555555	middle
zraR	zraR	0.0555555555555555	middle
group_2638	group_2638	0.0555555555555555	middle
group_2637	group_2637	0.0555555555555555	middle
group_2633	group_2633	0.0555555555555555	middle
group_2631	group_2631	0.0555555555555555	middle
group_2630	group_2630	0.0555555555555555	middle
group_2628	group_2628	0.0555555555555555	middle
group_2627	group_2627	0.0555555555555555	middle
group_2626	group_2626	0.0555555555555555	middle
group_2620	group_2620	0.0555555555555555	middle
group_2616	group_2616	0.0555555555555555	middle
group_2615	group_2615	0.0555555555555555	middle
group_2614	group_2614	0.0555555555555555	middle
group_2611	group_2611	0.0555555555555555	middle
group_2610	group_2610	0.0555555555555555	middle
group_2608	group_2608	0.0555555555555555	middle
group_2606	group_2606	0.0555555555555555	middle
group_2605	group_2605	0.0555555555555555	middle
group_2604	group_2604	0.0555555555555555	middle
group_2603	group_2603	0.0555555555555555	middle
group_2601	group_2601	0.0555555555555555	middle
group_2600	group_2600	0.0555555555555555	middle
group_2599	group_2599	0.0555555555555555	middle
group_2597	group_2597	0.0555555555555555	middle
group_2596	group_2596	0.0555555555555555	middle
group_2595	group_2595	0.0555555555555555	middle
group_2593	group_2593	0.0555555555555555	middle
group_2592	group_2592	0.0555555555555555	middle
group_2590	group_2590	0.0555555555555555	middle
group_2589	group_2589	0.0555555555555555	middle
group_2588	group_2588	0.0555555555555555	middle
group_2586	group_2586	0.0555555555555555	middle
group_2583	group_2583	0.0555555555555555	middle
group_2582	group_2582	0.0555555555555555	middle
group_2580	group_2580	0.0555555555555555	middle
group_2579	group_2579	0.0555555555555555	middle
group_2578	group_2578	0.0555555555555555	middle
group_2577	group_2577	0.0555555555555555	middle
group_2574	group_2574	0.0555555555555555	middle
group_2571	group_2571	0.0555555555555555	middle
group_2567	group_2567	0.0555555555555555	middle
group_2561	group_2561	0.0555555555555555	middle
group_2556	group_2556	0.0555555555555555	middle
group_2555	group_2555	0.0555555555555555	middle
group_2553	group_2553	0.0555555555555555	middle
group_2549	group_2549	0.0555555555555555	middle
group_2545	group_2545	0.0555555555555555	middle
group_2543	group_2543	0.0555555555555555	middle
group_2538	group_2538	0.0555555555555555	middle
group_2531	group_2531	0.0555555555555555	middle
group_2530	group_2530	0.0555555555555555	middle
group_2525	group_2525	0.0555555555555555	middle
group_2523	group_2523	0.0555555555555555	middle
group_2522	group_2522	0.0555555555555555	middle
group_2521	group_2521	0.0555555555555555	middle
group_2499	group_2499	0.0555555555555555	middle
group_2484	group_2484	0.0555555555555555	middle
group_2481	group_2481	0.0555555555555555	middle
group_2480	group_2480	0.0555555555555555	middle
group_2474	group_2474	0.0555555555555555	middle
group_2473	group_2473	0.0555555555555555	middle
group_2472	group_2472	0.0555555555555555	middle
group_2471	group_2471	0.0555555555555555	middle
traC	traC	0.0555555555555555	middle
group_2445	group_2445	0.0555555555555555	middle
group_2444	group_2444	0.0555555555555555	middle
group_2423	group_2423	0.0555555555555555	middle
group_2421	group_2421	0.0555555555555555	middle
group_2410	group_2410	0.0555555555555555	middle
group_2408	group_2408	0.0555555555555555	middle
group_2406	group_2406	0.0555555555555555	middle
group_2402	group_2402	0.0555555555555555	middle
group_2387	group_2387	0.0555555555555555	middle
group_2383	group_2383	0.0555555555555555	middle
group_2379	group_2379	0.0555555555555555	middle
group_2373	group_2373	0.0555555555555555	middle
group_2371	group_2371	0.0555555555555555	middle
group_2369	group_2369	0.0555555555555555	middle
group_2367	group_2367	0.0555555555555555	middle
group_2363	group_2363	0.0555555555555555	middle
group_2347	group_2347	0.0555555555555555	middle
group_2343	group_2343	0.0555555555555555	middle
group_2326	group_2326	0.0555555555555555	middle
group_2324	group_2324	0.0555555555555555	middle
group_2321	group_2321	0.0555555555555555	middle
tolC	tolC	0.0555555555555555	middle
group_2318	group_2318	0.0555555555555555	middle
group_2314	group_2314	0.0555555555555555	middle
group_2313	group_2313	0.0555555555555555	middle
group_2310	group_2310	0.0555555555555555	middle
group_2308	group_2308	0.0555555555555555	middle
group_2302	group_2302	0.0555555555555555	middle
group_2283	group_2283	0.0555555555555555	middle
group_2282	group_2282	0.0555555555555555	middle
group_2279	group_2279	0.0555555555555555	middle
group_2248	group_2248	0.0555555555555555	middle
group_2234	group_2234	0.0555555555555555	middle
group_2233	group_2233	0.0555555555555555	middle
group_2224	group_2224	0.0555555555555555	middle
group_2219	group_2219	0.0555555555555555	middle
group_2206	group_2206	0.0555555555555555	middle
group_2200	group_2200	0.0555555555555555	middle
group_2195	group_2195	0.0555555555555555	middle
bamD	bamD	0.0555555555555555	middle
group_2189	group_2189	0.0555555555555555	middle
group_2188	group_2188	0.0555555555555555	middle
group_2184	group_2184	0.0555555555555555	middle
group_2171	group_2171	0.0555555555555555	middle
group_2160	group_2160	0.0555555555555555	middle
group_2149	group_2149	0.0555555555555555	middle
group_2142	group_2142	0.0555555555555555	middle
group_2140	group_2140	0.0555555555555555	middle
group_2123	group_2123	0.0555555555555555	middle
group_2117	group_2117	0.0555555555555555	middle
group_2116	group_2116	0.0555555555555555	middle
group_2114	group_2114	0.0555555555555555	middle
group_2077	group_2077	0.0555555555555555	middle
group_2072	group_2072	0.0555555555555555	middle
group_2071	group_2071	0.0555555555555555	middle
group_2068	group_2068	0.0555555555555555	middle
group_2044	group_2044	0.0555555555555555	middle
group_2037	group_2037	0.0555555555555555	middle
group_2020	group_2020	0.0555555555555555	middle
group_2009	group_2009	0.0555555555555555	middle
group_2006	group_2006	0.0555555555555555	middle
group_1996	group_1996	0.0555555555555555	middle
group_1992	group_1992	0.0555555555555555	middle
group_1986	group_1986	0.0555555555555555	middle
group_1984	group_1984	0.0555555555555555	middle
group_1979	group_1979	0.0555555555555555	middle
group_1965	group_1965	0.0555555555555555	middle
group_1951	group_1951	0.0555555555555555	middle
group_1936	group_1936	0.0555555555555555	middle
group_1909	group_1909	0.0555555555555555	middle
group_1908	group_1908	0.0555555555555555	middle
group_1887	group_1887	0.0555555555555555	middle
group_1880	group_1880	0.0555555555555555	middle
group_1874	group_1874	0.0555555555555555	middle
group_1844	group_1844	0.0555555555555555	middle
tolB	tolB	0.0555555555555555	middle
group_1811	group_1811	0.0555555555555555	middle
group_1809	group_1809	0.0555555555555555	middle
group_1789	group_1789	0.0555555555555555	middle
group_1786	group_1786	0.0555555555555555	middle
group_1785	group_1785	0.0555555555555555	middle
group_1782	group_1782	0.0555555555555555	middle
group_1778	group_1778	0.0555555555555555	middle
group_1776	group_1776	0.0555555555555555	middle
group_1750	group_1750	0.0555555555555555	middle
group_1744	group_1744	0.0555555555555555	middle
group_1738	group_1738	0.0555555555555555	middle
group_1731	group_1731	0.0555555555555555	middle
group_1722	group_1722	0.0555555555555555	middle
group_1721	group_1721	0.0555555555555555	middle
group_1713	group_1713	0.0555555555555555	middle
group_1699	group_1699	0.0555555555555555	middle
group_1685	group_1685	0.0555555555555555	middle
group_1684	group_1684	0.0555555555555555	middle
group_1650	group_1650	0.0555555555555555	middle
group_1649	group_1649	0.0555555555555555	middle
group_1599	group_1599	0.0555555555555555	middle
group_1588	group_1588	0.0555555555555555	middle
group_1583	group_1583	0.0555555555555555	middle
group_1579	group_1579	0.0555555555555555	middle
group_1567	group_1567	0.0555555555555555	middle
group_1555	group_1555	0.0555555555555555	middle
group_1549	group_1549	0.0555555555555555	middle
group_1546	group_1546	0.0555555555555555	middle
group_1529	group_1529	0.0555555555555555	middle
group_1500	group_1500	0.0555555555555555	middle
group_1485	group_1485	0.0555555555555555	middle
group_1481	group_1481	0.0555555555555555	middle
group_1480	group_1480	0.0555555555555555	middle
group_1476	group_1476	0.0555555555555555	middle
group_1474	group_1474	0.0555555555555555	middle
group_1459	group_1459	0.0555555555555555	middle
group_1451	group_1451	0.0555555555555555	middle
group_1440	group_1440	0.0555555555555555	middle
group_1423	group_1423	0.0555555555555555	middle
group_1416	group_1416	0.0555555555555555	middle
group_1408	group_1408	0.0555555555555555	middle
group_1400	group_1400	0.0555555555555555	middle
group_1390	group_1390	0.0555555555555555	middle
group_1389	group_1389	0.0555555555555555	middle
group_1384	group_1384	0.0555555555555555	middle
group_1376	group_1376	0.0555555555555555	middle
group_1343	group_1343	0.0555555555555555	middle
group_1342	group_1342	0.0555555555555555	middle
group_1338	group_1338	0.0555555555555555	middle
group_1330	group_1330	0.0555555555555555	middle
group_1305	group_1305	0.0555555555555555	middle
group_1299	group_1299	0.0555555555555555	middle
group_1298	group_1298	0.0555555555555555	middle
group_1297	group_1297	0.0555555555555555	middle
group_1295	group_1295	0.0555555555555555	middle
yfhO	yfhO	0.0555555555555555	middle
group_1288	group_1288	0.0555555555555555	middle
group_1283	group_1283	0.0555555555555555	middle
group_1270	group_1270	0.0555555555555555	middle
yqiA	yqiA	0.0555555555555555	middle
group_1243	group_1243	0.0555555555555555	middle
group_1231	group_1231	0.0555555555555555	middle
group_1225	group_1225	0.0555555555555555	middle
group_1204	group_1204	0.0555555555555555	middle
group_1198	group_1198	0.0555555555555555	middle
group_1180	group_1180	0.0555555555555555	middle
group_1165	group_1165	0.0555555555555555	middle
group_1136	group_1136	0.0555555555555555	middle
group_1126	group_1126	0.0555555555555555	middle
group_1103	group_1103	0.0555555555555555	middle
group_1088	group_1088	0.0555555555555555	middle
group_1059	group_1059	0.0555555555555555	middle
group_1050	group_1050	0.0555555555555555	middle
group_1042	group_1042	0.0555555555555555	middle
group_1041	group_1041	0.0555555555555555	middle
group_1029	group_1029	0.0555555555555555	middle
group_1009	group_1009	0.0555555555555555	middle
group_1004	group_1004	0.0555555555555555	middle
group_1002	group_1002	0.0555555555555555	middle
group_998	group_998	0.0555555555555555	middle
group_993	group_993	0.0555555555555555	middle
ragB	ragB	0.0555555555555555	middle
group_961	group_961	0.0555555555555555	middle
group_954	group_954	0.0555555555555555	middle
group_947	group_947	0.0555555555555555	middle
group_944	group_944	0.0555555555555555	middle
group_927	group_927	0.0555555555555555	middle
group_921	group_921	0.0555555555555555	middle
group_910	group_910	0.0555555555555555	middle
group_904	group_904	0.0555555555555555	middle
group_903	group_903	0.0555555555555555	middle
group_897	group_897	0.0555555555555555	middle
group_889	group_889	0.0555555555555555	middle
group_863	group_863	0.0555555555555555	middle
group_856	group_856	0.0555555555555555	middle
group_843	group_843	0.0555555555555555	middle
group_833	group_833	0.0555555555555555	middle
group_823	group_823	0.0555555555555555	middle
group_820	group_820	0.0555555555555555	middle
group_817	group_817	0.0555555555555555	middle
group_816	group_816	0.0555555555555555	middle
group_815	group_815	0.0555555555555555	middle
group_801	group_801	0.0555555555555555	middle
group_776	group_776	0.0555555555555555	middle
group_764	group_764	0.0555555555555555	middle
group_763	group_763	0.0555555555555555	middle
group_750	group_750	0.0555555555555555	middle
group_746	group_746	0.0555555555555555	middle
group_745	group_745	0.0555555555555555	middle
group_737	group_737	0.0555555555555555	middle
group_710	group_710	0.0555555555555555	middle
group_703	group_703	0.0555555555555555	middle
group_695	group_695	0.0555555555555555	middle
group_687	group_687	0.0555555555555555	middle
group_678	group_678	0.0555555555555555	middle
group_669	group_669	0.0555555555555555	middle
group_653	group_653	0.0555555555555555	middle
group_645	group_645	0.0555555555555555	middle
group_623	group_623	0.0555555555555555	middle
group_621	group_621	0.0555555555555555	middle
group_614	group_614	0.0555555555555555	middle
group_611	group_611	0.0555555555555555	middle
group_610	group_610	0.0555555555555555	middle
group_607	group_607	0.0555555555555555	middle
group_606	group_606	0.0555555555555555	middle
group_572	group_572	0.0555555555555555	middle
group_570	group_570	0.0555555555555555	middle
group_560	group_560	0.0555555555555555	middle
group_536	group_536	0.0555555555555555	middle
group_534	group_534	0.0555555555555555	middle
tonB	tonB	0.0555555555555555	middle
group_513	group_513	0.0555555555555555	middle
group_509	group_509	0.0555555555555555	middle
group_496	group_496	0.0555555555555555	middle
group_488	group_488	0.0555555555555555	middle
group_469	group_469	0.0555555555555555	middle
group_467	group_467	0.0555555555555555	middle
group_458	group_458	0.0555555555555555	middle
group_443	group_443	0.0555555555555555	middle
group_417	group_417	0.0555555555555555	middle
group_416	group_416	0.0555555555555555	middle
group_406	group_406	0.0555555555555555	middle
group_402	group_402	0.0555555555555555	middle
group_389	group_389	0.0555555555555555	middle
group_388	group_388	0.0555555555555555	middle
group_385	group_385	0.0555555555555555	middle
group_383	group_383	0.0555555555555555	middle
group_379	group_379	0.0555555555555555	middle
group_372	group_372	0.0555555555555555	middle
group_366	group_366	0.0555555555555555	middle
group_359	group_359	0.0555555555555555	middle
group_355	group_355	0.0555555555555555	middle
group_350	group_350	0.0555555555555555	middle
group_339	group_339	0.0555555555555555	middle
group_326	group_326	0.0555555555555555	middle
group_325	group_325	0.0555555555555555	middle
group_304	group_304	0.0555555555555555	middle
group_303	group_303	0.0555555555555555	middle
group_290	group_290	0.0555555555555555	middle
group_276	group_276	0.0555555555555555	middle
group_260	group_260	0.0555555555555555	middle
group_245	group_245	0.0555555555555555	middle
group_235	group_235	0.0555555555555555	middle
group_224	group_224	0.0555555555555555	middle
group_221	group_221	0.0555555555555555	middle
group_212	group_212	0.0555555555555555	middle
group_203	group_203	0.0555555555555555	middle
group_194	group_194	0.0555555555555555	middle
group_188	group_188	0.0555555555555555	middle
group_167	group_167	0.0555555555555555	middle
group_158	group_158	0.0555555555555555	middle
group_125	group_125	0.0555555555555555	middle
group_123	group_123	0.0555555555555555	middle
group_122	group_122	0.0555555555555555	middle
group_113	group_113	0.0555555555555555	middle
group_110	group_110	0.0555555555555555	middle
group_105	group_105	0.0555555555555555	middle
group_100	group_100	0.0555555555555555	middle
group_97	group_97	0.0555555555555555	middle
group_91	group_91	0.0555555555555555	middle
group_86	group_86	0.0555555555555555	middle
group_82	group_82	0.0555555555555555	middle
group_81	group_81	0.0555555555555555	middle
group_66	group_66	0.0555555555555555	middle
group_44	group_44	0.0555555555555555	middle
rhsC	rhsC	0.0555555555555555	middle
group_34	group_34	0.0555555555555555	middle
group_29	group_29	0.0555555555555555	middle
group_20	group_20	0.0555555555555555	middle
group_7	group_7	0.0555555555555555	middle
group_3	group_3	0.0555555555555555	middle
cotH	cotH	0.0555555555555555	middle
